trade_id,market,ticker,signal_date,entry_date,exit_date,holding_days,exit_reason,entry_price,exit_price,shares,entry_fee,exit_fee,realized_pnl,return_pct,win,run_id,arm,seed
EW_Brazil_B3SA3.SA,Brazil,B3SA3.SA,2024-01-02,2024-01-02,2024-12-30,251,calendar_end,13.0,9.63,487,6.33,4.69,-1654.87,-0.261,0,BENCH_EQUAL_WEIGHT_Brazil_fixed,BENCH_EQUAL_WEIGHT,fixed
EW_Brazil_EQTL3.SA,Brazil,EQTL3.SA,2024-01-02,2024-01-02,2024-12-30,251,calendar_end,32.99,25.69,191,6.3,4.91,-1404.44,-0.2227,0,BENCH_EQUAL_WEIGHT_Brazil_fixed,BENCH_EQUAL_WEIGHT,fixed
EW_Brazil_FLRY3.SA,Brazil,FLRY3.SA,2024-01-02,2024-01-02,2024-12-30,251,calendar_end,14.9,10.47,425,6.33,4.45,-1891.34,-0.2984,0,BENCH_EQUAL_WEIGHT_Brazil_fixed,BENCH_EQUAL_WEIGHT,fixed
EW_Brazil_ITUB4.SA,Brazil,ITUB4.SA,2024-01-02,2024-01-02,2024-12-30,251,calendar_end,24.05,23.39,263,6.33,6.15,-186.83,-0.0295,0,BENCH_EQUAL_WEIGHT_Brazil_fixed,BENCH_EQUAL_WEIGHT,fixed
EW_Brazil_KLBN11.SA,Brazil,KLBN11.SA,2024-01-02,2024-01-02,2024-12-30,251,calendar_end,17.15,20.99,369,6.33,7.74,1401.09,0.2212,1,BENCH_EQUAL_WEIGHT_Brazil_fixed,BENCH_EQUAL_WEIGHT,fixed
EW_Brazil_LREN3.SA,Brazil,LREN3.SA,2024-01-02,2024-01-02,2024-12-30,251,calendar_end,13.76,11.12,460,6.33,5.12,-1224.71,-0.1933,0,BENCH_EQUAL_WEIGHT_Brazil_fixed,BENCH_EQUAL_WEIGHT,fixed
EW_Brazil_MGLU3.SA,Brazil,MGLU3.SA,2024-01-02,2024-01-02,2024-12-30,251,calendar_end,18.33,5.95,345,6.33,2.05,-4279.47,-0.6759,0,BENCH_EQUAL_WEIGHT_Brazil_fixed,BENCH_EQUAL_WEIGHT,fixed
EW_Brazil_PETR4.SA,Brazil,PETR4.SA,2024-01-02,2024-01-02,2024-12-30,251,calendar_end,25.8,30.56,245,6.32,7.49,1152.23,0.1821,1,BENCH_EQUAL_WEIGHT_Brazil_fixed,BENCH_EQUAL_WEIGHT,fixed
EW_Brazil_RADL3.SA,Brazil,RADL3.SA,2024-01-02,2024-01-02,2024-12-30,251,calendar_end,27.13,20.85,233,6.32,4.86,-1474.52,-0.233,0,BENCH_EQUAL_WEIGHT_Brazil_fixed,BENCH_EQUAL_WEIGHT,fixed
EW_Brazil_RAIL3.SA,Brazil,RAIL3.SA,2024-01-02,2024-01-02,2024-12-30,251,calendar_end,21.43,16.98,295,6.32,5.01,-1324.26,-0.2093,0,BENCH_EQUAL_WEIGHT_Brazil_fixed,BENCH_EQUAL_WEIGHT,fixed
EW_Brazil_RENT3.SA,Brazil,RENT3.SA,2024-01-02,2024-01-02,2024-12-30,251,calendar_end,56.5,29.88,112,6.33,3.35,-2991.12,-0.4722,0,BENCH_EQUAL_WEIGHT_Brazil_fixed,BENCH_EQUAL_WEIGHT,fixed
EW_Brazil_SUZB3.SA,Brazil,SUZB3.SA,2024-01-02,2024-01-02,2024-12-30,251,calendar_end,52.79,60.46,119,6.28,7.2,899.52,0.143,1,BENCH_EQUAL_WEIGHT_Brazil_fixed,BENCH_EQUAL_WEIGHT,fixed
EW_Brazil_TOTS3.SA,Brazil,TOTS3.SA,2024-01-02,2024-01-02,2024-12-30,251,calendar_end,31.75,26.06,199,6.32,5.19,-1142.39,-0.1807,0,BENCH_EQUAL_WEIGHT_Brazil_fixed,BENCH_EQUAL_WEIGHT,fixed
EW_Brazil_VALE3.SA,Brazil,VALE3.SA,2024-01-02,2024-01-02,2024-12-30,251,calendar_end,61.04,46.88,103,6.29,4.83,-1469.58,-0.2335,0,BENCH_EQUAL_WEIGHT_Brazil_fixed,BENCH_EQUAL_WEIGHT,fixed
EW_Brazil_WEGE3.SA,Brazil,WEGE3.SA,2024-01-02,2024-01-02,2024-12-30,251,calendar_end,34.22,49.8,185,6.33,9.21,2866.85,0.4523,1,BENCH_EQUAL_WEIGHT_Brazil_fixed,BENCH_EQUAL_WEIGHT,fixed
EW_China_000333.SZ,China,000333.SZ,2024-01-02,2024-01-02,2024-12-31,242,calendar_end,47.17,67.83,111,5.24,7.53,2279.66,0.4349,1,BENCH_EQUAL_WEIGHT_China_fixed,BENCH_EQUAL_WEIGHT,fixed
EW_China_000725.SZ,China,000725.SZ,2024-01-02,2024-01-02,2024-12-31,242,calendar_end,3.78,4.3,1395,5.28,6.0,710.22,0.1345,1,BENCH_EQUAL_WEIGHT_China_fixed,BENCH_EQUAL_WEIGHT,fixed
EW_China_000858.SZ,China,000858.SZ,2024-01-02,2024-01-02,2024-12-31,242,calendar_end,122.06,126.36,43,5.25,5.43,174.06,0.0331,1,BENCH_EQUAL_WEIGHT_China_fixed,BENCH_EQUAL_WEIGHT,fixed
EW_China_002230.SZ,China,002230.SZ,2024-01-02,2024-01-02,2024-12-31,242,calendar_end,46.03,48.11,114,5.25,5.48,225.65,0.043,1,BENCH_EQUAL_WEIGHT_China_fixed,BENCH_EQUAL_WEIGHT,fixed
EW_China_002241.SZ,China,002241.SZ,2024-01-02,2024-01-02,2024-12-31,242,calendar_end,20.49,25.32,257,5.27,6.51,1228.13,0.2329,1,BENCH_EQUAL_WEIGHT_China_fixed,BENCH_EQUAL_WEIGHT,fixed
EW_China_002415.SZ,China,002415.SZ,2024-01-02,2024-01-02,2024-12-31,242,calendar_end,31.32,28.48,168,5.26,4.79,-486.84,-0.0924,0,BENCH_EQUAL_WEIGHT_China_fixed,BENCH_EQUAL_WEIGHT,fixed
EW_China_002475.SZ,China,002475.SZ,2024-01-02,2024-01-02,2024-12-31,242,calendar_end,33.81,40.31,156,5.27,6.29,1002.1,0.1898,1,BENCH_EQUAL_WEIGHT_China_fixed,BENCH_EQUAL_WEIGHT,fixed
EW_China_002594.SZ,China,002594.SZ,2024-01-02,2024-01-02,2024-12-31,242,calendar_end,64.71,92.76,81,5.24,7.51,2259.38,0.4306,1,BENCH_EQUAL_WEIGHT_China_fixed,BENCH_EQUAL_WEIGHT,fixed
EW_China_300059.SZ,China,300059.SZ,2024-01-02,2024-01-02,2024-12-31,242,calendar_end,13.88,25.62,380,5.28,9.73,4443.2,0.8413,1,BENCH_EQUAL_WEIGHT_China_fixed,BENCH_EQUAL_WEIGHT,fixed
EW_China_600036.SS,China,600036.SS,2024-01-02,2024-01-02,2024-12-31,242,calendar_end,23.97,35.74,220,5.27,7.86,2575.54,0.4879,1,BENCH_EQUAL_WEIGHT_China_fixed,BENCH_EQUAL_WEIGHT,fixed
EW_China_600196.SS,China,600196.SS,2024-01-02,2024-01-02,2024-12-31,242,calendar_end,24.06,24.14,219,5.27,5.29,7.76,0.0015,1,BENCH_EQUAL_WEIGHT_China_fixed,BENCH_EQUAL_WEIGHT,fixed
EW_China_600276.SS,China,600276.SS,2024-01-02,2024-01-02,2024-12-31,242,calendar_end,44.67,45.55,118,5.27,5.37,92.73,0.0176,1,BENCH_EQUAL_WEIGHT_China_fixed,BENCH_EQUAL_WEIGHT,fixed
EW_China_600309.SS,China,600309.SS,2024-01-02,2024-01-02,2024-12-31,242,calendar_end,72.73,69.28,72,5.24,4.99,-258.48,-0.0493,0,BENCH_EQUAL_WEIGHT_China_fixed,BENCH_EQUAL_WEIGHT,fixed
EW_China_600519.SS,China,600519.SS,2024-01-02,2024-01-02,2024-12-31,242,calendar_end,1558.4,1435.63,3,4.68,4.31,-377.29,-0.0806,0,BENCH_EQUAL_WEIGHT_China_fixed,BENCH_EQUAL_WEIGHT,fixed
EW_China_600887.SS,China,600887.SS,2024-01-02,2024-01-02,2024-12-31,242,calendar_end,23.45,27.52,225,5.28,6.19,902.57,0.1709,1,BENCH_EQUAL_WEIGHT_China_fixed,BENCH_EQUAL_WEIGHT,fixed
EW_China_601012.SS,China,601012.SS,2024-01-02,2024-01-02,2024-12-31,242,calendar_end,22.34,15.71,236,5.27,3.71,-1573.41,-0.2981,0,BENCH_EQUAL_WEIGHT_China_fixed,BENCH_EQUAL_WEIGHT,fixed
EW_China_601318.SS,China,601318.SS,2024-01-02,2024-01-02,2024-12-31,242,calendar_end,35.37,48.69,149,5.27,7.26,1972.4,0.3739,1,BENCH_EQUAL_WEIGHT_China_fixed,BENCH_EQUAL_WEIGHT,fixed
EW_China_601888.SS,China,601888.SS,2024-01-02,2024-01-02,2024-12-31,242,calendar_end,79.37,65.07,66,5.24,4.29,-953.47,-0.1818,0,BENCH_EQUAL_WEIGHT_China_fixed,BENCH_EQUAL_WEIGHT,fixed
EW_France_AI.PA,France,AI.PA,2024-01-02,2024-01-02,2024-12-31,256,calendar_end,138.24,137.19,40,5.53,5.49,-52.9,-0.0096,0,BENCH_EQUAL_WEIGHT_France_fixed,BENCH_EQUAL_WEIGHT,fixed
EW_France_AIR.PA,France,AIR.PA,2024-01-02,2024-01-02,2024-12-31,256,calendar_end,132.5,148.63,42,5.56,6.24,665.86,0.1195,1,BENCH_EQUAL_WEIGHT_France_fixed,BENCH_EQUAL_WEIGHT,fixed
EW_France_CAP.PA,France,CAP.PA,2024-01-02,2024-01-02,2024-12-31,256,calendar_end,176.32,149.77,31,5.47,4.64,-833.22,-0.1523,0,BENCH_EQUAL_WEIGHT_France_fixed,BENCH_EQUAL_WEIGHT,fixed
EW_France_DG.PA,France,DG.PA,2024-01-02,2024-01-02,2024-12-31,256,calendar_end,102.09,93.03,54,5.51,5.02,-499.85,-0.0906,0,BENCH_EQUAL_WEIGHT_France_fixed,BENCH_EQUAL_WEIGHT,fixed
EW_France_DIM.PA,France,DIM.PA,2024-01-02,2024-01-02,2024-12-31,256,calendar_end,238.49,187.23,23,5.49,4.31,-1188.93,-0.2165,0,BENCH_EQUAL_WEIGHT_France_fixed,BENCH_EQUAL_WEIGHT,fixed
EW_France_DSY.PA,France,DSY.PA,2024-01-02,2024-01-02,2024-12-31,256,calendar_end,43.02,32.8,129,5.55,4.23,-1328.18,-0.2391,0,BENCH_EQUAL_WEIGHT_France_fixed,BENCH_EQUAL_WEIGHT,fixed
EW_France_EL.PA,France,EL.PA,2024-01-02,2024-01-02,2024-12-31,256,calendar_end,167.82,226.53,33,5.54,7.48,1924.57,0.3472,1,BENCH_EQUAL_WEIGHT_France_fixed,BENCH_EQUAL_WEIGHT,fixed
EW_France_LR.PA,France,LR.PA,2024-01-02,2024-01-02,2024-12-31,256,calendar_end,88.96,90.67,62,5.52,5.62,94.91,0.0172,1,BENCH_EQUAL_WEIGHT_France_fixed,BENCH_EQUAL_WEIGHT,fixed
EW_France_MC.PA,France,MC.PA,2024-01-02,2024-01-02,2024-12-31,256,calendar_end,697.84,610.66,8,5.58,4.89,-707.94,-0.1267,0,BENCH_EQUAL_WEIGHT_France_fixed,BENCH_EQUAL_WEIGHT,fixed
EW_France_ML.PA,France,ML.PA,2024-01-02,2024-01-02,2024-12-31,256,calendar_end,28.78,29.23,194,5.58,5.67,76.16,0.0136,1,BENCH_EQUAL_WEIGHT_France_fixed,BENCH_EQUAL_WEIGHT,fixed
EW_France_OR.PA,France,OR.PA,2024-01-02,2024-01-02,2024-12-31,256,calendar_end,429.8,329.3,13,5.59,4.28,-1316.45,-0.2354,0,BENCH_EQUAL_WEIGHT_France_fixed,BENCH_EQUAL_WEIGHT,fixed
EW_France_RI.PA,France,RI.PA,2024-01-02,2024-01-02,2024-12-31,256,calendar_end,140.61,99.51,39,5.48,3.88,-1612.22,-0.2937,0,BENCH_EQUAL_WEIGHT_France_fixed,BENCH_EQUAL_WEIGHT,fixed
EW_France_RMS.PA,France,RMS.PA,2024-01-02,2024-01-02,2024-12-31,256,calendar_end,1867.3,2274.93,2,3.73,4.55,806.98,0.2159,1,BENCH_EQUAL_WEIGHT_France_fixed,BENCH_EQUAL_WEIGHT,fixed
EW_France_SAF.PA,France,SAF.PA,2024-01-02,2024-01-02,2024-12-31,256,calendar_end,155.62,207.4,35,5.45,7.26,1799.76,0.3301,1,BENCH_EQUAL_WEIGHT_France_fixed,BENCH_EQUAL_WEIGHT,fixed
EW_France_SU.PA,France,SU.PA,2024-01-02,2024-01-02,2024-12-31,256,calendar_end,173.25,233.0,32,5.54,7.46,1899.08,0.3422,1,BENCH_EQUAL_WEIGHT_France_fixed,BENCH_EQUAL_WEIGHT,fixed
EW_France_TEP.PA,France,TEP.PA,2024-01-02,2024-01-02,2024-12-31,256,calendar_end,114.2,74.36,48,5.48,3.57,-1921.66,-0.3502,0,BENCH_EQUAL_WEIGHT_France_fixed,BENCH_EQUAL_WEIGHT,fixed
EW_France_WLN.PA,France,WLN.PA,2024-01-02,2024-01-02,2024-12-31,256,calendar_end,162.49,87.6,34,5.52,2.98,-2554.53,-0.4619,0,BENCH_EQUAL_WEIGHT_France_fixed,BENCH_EQUAL_WEIGHT,fixed
EW_India_ASIANPAINT.NS,India,ASIANPAINT.NS,2024-01-01,2024-01-01,2024-12-31,246,calendar_end,3300.04,2237.56,1,3.3,2.24,-1068.02,-0.3233,0,BENCH_EQUAL_WEIGHT_India_fixed,BENCH_EQUAL_WEIGHT,fixed
EW_India_BAJFINANCE.NS,India,BAJFINANCE.NS,2024-01-01,2024-01-01,2024-12-31,246,calendar_end,721.12,673.97,7,5.05,4.72,-339.8,-0.0672,0,BENCH_EQUAL_WEIGHT_India_fixed,BENCH_EQUAL_WEIGHT,fixed
EW_India_BHARTIARTL.NS,India,BHARTIARTL.NS,2024-01-01,2024-01-01,2024-12-31,246,calendar_end,1005.07,1555.02,5,5.03,7.78,2736.91,0.5441,1,BENCH_EQUAL_WEIGHT_India_fixed,BENCH_EQUAL_WEIGHT,fixed
EW_India_EICHERMOT.NS,India,EICHERMOT.NS,2024-01-01,2024-01-01,2024-12-31,246,calendar_end,4005.16,4710.85,1,4.01,4.71,696.97,0.1738,1,BENCH_EQUAL_WEIGHT_India_fixed,BENCH_EQUAL_WEIGHT,fixed
EW_India_HCLTECH.NS,India,HCLTECH.NS,2024-01-01,2024-01-01,2024-12-31,246,calendar_end,1309.43,1781.24,4,5.24,7.12,1874.9,0.3576,1,BENCH_EQUAL_WEIGHT_India_fixed,BENCH_EQUAL_WEIGHT,fixed
EW_India_HDFCBANK.NS,India,HDFCBANK.NS,2024-01-01,2024-01-01,2024-12-31,246,calendar_end,816.78,860.37,6,4.9,5.16,251.51,0.0513,1,BENCH_EQUAL_WEIGHT_India_fixed,BENCH_EQUAL_WEIGHT,fixed
EW_India_ICICIBANK.NS,India,ICICIBANK.NS,2024-01-01,2024-01-01,2024-12-31,246,calendar_end,967.4,1261.2,5,4.84,6.31,1457.86,0.3011,1,BENCH_EQUAL_WEIGHT_India_fixed,BENCH_EQUAL_WEIGHT,fixed
EW_India_INFY.NS,India,INFY.NS,2024-01-01,2024-01-01,2024-12-31,246,calendar_end,1418.26,1787.29,3,4.25,5.36,1097.48,0.2577,1,BENCH_EQUAL_WEIGHT_India_fixed,BENCH_EQUAL_WEIGHT,fixed
EW_India_LT.NS,India,LT.NS,2024-01-01,2024-01-01,2024-12-31,246,calendar_end,3444.33,3539.74,1,3.44,3.54,88.43,0.0256,1,BENCH_EQUAL_WEIGHT_India_fixed,BENCH_EQUAL_WEIGHT,fixed
EW_India_M&M.NS,India,M&M.NS,2024-01-01,2024-01-01,2024-12-31,246,calendar_end,1685.45,2952.13,3,5.06,8.86,3786.14,0.748,1,BENCH_EQUAL_WEIGHT_India_fixed,BENCH_EQUAL_WEIGHT,fixed
EW_India_MARUTI.NS,India,MARUTI.NS,2024-01-01,2024-01-01,2024-12-31,246,calendar_end,10037.66,10635.32,0,0.0,0.0,0.0,0.0,0,BENCH_EQUAL_WEIGHT_India_fixed,BENCH_EQUAL_WEIGHT,fixed
EW_India_PIDILITIND.NS,India,PIDILITIND.NS,2024-01-01,2024-01-01,2024-12-31,246,calendar_end,1342.71,1431.92,3,4.03,4.3,259.3,0.0643,1,BENCH_EQUAL_WEIGHT_India_fixed,BENCH_EQUAL_WEIGHT,fixed
EW_India_RELIANCE.NS,India,RELIANCE.NS,2024-01-01,2024-01-01,2024-12-31,246,calendar_end,1274.9,1205.04,4,5.1,4.82,-289.35,-0.0567,0,BENCH_EQUAL_WEIGHT_India_fixed,BENCH_EQUAL_WEIGHT,fixed
EW_India_SUNPHARMA.NS,India,SUNPHARMA.NS,2024-01-01,2024-01-01,2024-12-31,246,calendar_end,1227.12,1851.98,4,4.91,7.41,2487.14,0.5062,1,BENCH_EQUAL_WEIGHT_India_fixed,BENCH_EQUAL_WEIGHT,fixed
EW_India_TCS.NS,India,TCS.NS,2024-01-01,2024-01-01,2024-12-31,246,calendar_end,3463.5,3813.6,1,3.46,3.81,342.82,0.0989,1,BENCH_EQUAL_WEIGHT_India_fixed,BENCH_EQUAL_WEIGHT,fixed
EW_India_TECHM.NS,India,TECHM.NS,2024-01-01,2024-01-01,2024-12-31,246,calendar_end,1173.39,1616.22,4,4.69,6.46,1760.16,0.3746,1,BENCH_EQUAL_WEIGHT_India_fixed,BENCH_EQUAL_WEIGHT,fixed
EW_India_TITAN.NS,India,TITAN.NS,2024-01-01,2024-01-01,2024-12-31,246,calendar_end,3653.95,3232.78,1,3.65,3.23,-428.05,-0.117,0,BENCH_EQUAL_WEIGHT_India_fixed,BENCH_EQUAL_WEIGHT,fixed
EW_India_ULTRACEMCO.NS,India,ULTRACEMCO.NS,2024-01-01,2024-01-01,2024-12-31,246,calendar_end,10167.82,11127.25,0,0.0,0.0,0.0,0.0,0,BENCH_EQUAL_WEIGHT_India_fixed,BENCH_EQUAL_WEIGHT,fixed
EW_UK_AUTO.L,UK,AUTO.L,2024-01-02,2024-01-02,2024-12-31,254,calendar_end,719.87,792.73,7,5.04,5.55,499.45,0.099,1,BENCH_EQUAL_WEIGHT_UK_fixed,BENCH_EQUAL_WEIGHT,fixed
EW_UK_AZN.L,UK,AZN.L,2024-01-02,2024-01-02,2024-12-31,254,calendar_end,10625.65,10464.01,0,0.0,0.0,-0.0,0.0,0,BENCH_EQUAL_WEIGHT_UK_fixed,BENCH_EQUAL_WEIGHT,fixed
EW_UK_BA.L,UK,BA.L,2024-01-02,2024-01-02,2024-12-31,254,calendar_end,1114.91,1148.16,5,5.57,5.74,154.94,0.0278,1,BENCH_EQUAL_WEIGHT_UK_fixed,BENCH_EQUAL_WEIGHT,fixed
EW_UK_CPG.L,UK,CPG.L,2024-01-02,2024-01-02,2024-12-31,254,calendar_end,26.08,32.33,214,5.58,6.92,1325.1,0.2372,1,BENCH_EQUAL_WEIGHT_UK_fixed,BENCH_EQUAL_WEIGHT,fixed
EW_UK_CRDA.L,UK,CRDA.L,2024-01-02,2024-01-02,2024-12-31,254,calendar_end,5030.86,3382.37,1,5.03,3.38,-1656.9,-0.329,0,BENCH_EQUAL_WEIGHT_UK_fixed,BENCH_EQUAL_WEIGHT,fixed
EW_UK_DGE.L,UK,DGE.L,2024-01-02,2024-01-02,2024-12-31,254,calendar_end,2864.08,2536.1,1,2.86,2.54,-333.38,-0.1163,0,BENCH_EQUAL_WEIGHT_UK_fixed,BENCH_EQUAL_WEIGHT,fixed
EW_UK_EXPN.L,UK,EXPN.L,2024-01-02,2024-01-02,2024-12-31,254,calendar_end,3210.56,3443.92,1,3.21,3.44,226.7,0.0705,1,BENCH_EQUAL_WEIGHT_UK_fixed,BENCH_EQUAL_WEIGHT,fixed
EW_UK_HLMA.L,UK,HLMA.L,2024-01-02,2024-01-02,2024-12-31,254,calendar_end,2284.55,2688.7,2,4.57,5.38,798.34,0.1746,1,BENCH_EQUAL_WEIGHT_UK_fixed,BENCH_EQUAL_WEIGHT,fixed
EW_UK_JD.L,UK,JD.L,2024-01-02,2024-01-02,2024-12-31,254,calendar_end,166.25,95.88,33,5.49,3.16,-2330.93,-0.4244,0,BENCH_EQUAL_WEIGHT_UK_fixed,BENCH_EQUAL_WEIGHT,fixed
EW_UK_LSEG.L,UK,LSEG.L,2024-01-02,2024-01-02,2024-12-31,254,calendar_end,9293.99,11281.57,0,0.0,0.0,0.0,0.0,0,BENCH_EQUAL_WEIGHT_UK_fixed,BENCH_EQUAL_WEIGHT,fixed
EW_UK_OCDO.L,UK,OCDO.L,2024-01-02,2024-01-02,2024-12-31,254,calendar_end,755.8,302.3,7,5.29,2.12,-3181.91,-0.6008,0,BENCH_EQUAL_WEIGHT_UK_fixed,BENCH_EQUAL_WEIGHT,fixed
EW_UK_PRU.L,UK,PRU.L,2024-01-02,2024-01-02,2024-12-31,254,calendar_end,885.5,636.79,6,5.31,3.82,-1501.4,-0.2823,0,BENCH_EQUAL_WEIGHT_UK_fixed,BENCH_EQUAL_WEIGHT,fixed
EW_UK_REL.L,UK,REL.L,2024-01-02,2024-01-02,2024-12-31,254,calendar_end,3108.14,3627.46,1,3.11,3.63,512.59,0.1648,1,BENCH_EQUAL_WEIGHT_UK_fixed,BENCH_EQUAL_WEIGHT,fixed
EW_UK_RMV.L,UK,RMV.L,2024-01-02,2024-01-02,2024-12-31,254,calendar_end,578.54,641.62,9,5.21,5.77,556.72,0.1068,1,BENCH_EQUAL_WEIGHT_UK_fixed,BENCH_EQUAL_WEIGHT,fixed
EW_UK_RTO.L,UK,RTO.L,2024-01-02,2024-01-02,2024-12-31,254,calendar_end,442.71,400.61,12,5.31,4.81,-515.25,-0.0969,0,BENCH_EQUAL_WEIGHT_UK_fixed,BENCH_EQUAL_WEIGHT,fixed
EW_UK_SGE.L,UK,SGE.L,2024-01-02,2024-01-02,2024-12-31,254,calendar_end,1171.83,1272.5,4,4.69,5.09,392.89,0.0837,1,BENCH_EQUAL_WEIGHT_UK_fixed,BENCH_EQUAL_WEIGHT,fixed
EW_UK_SPX.L,UK,SPX.L,2024-01-02,2024-01-02,2024-12-31,254,calendar_end,10553.38,6852.04,0,0.0,0.0,-0.0,0.0,0,BENCH_EQUAL_WEIGHT_UK_fixed,BENCH_EQUAL_WEIGHT,fixed
EW_US_AAPL,US,AAPL,2024-01-02,2024-01-02,2024-12-31,252,calendar_end,184.9,248.62,28,5.18,6.96,1772.02,0.3419,1,BENCH_EQUAL_WEIGHT_US_fixed,BENCH_EQUAL_WEIGHT,fixed
EW_US_ADBE,US,ADBE,2024-01-02,2024-01-02,2024-12-31,252,calendar_end,589.51,444.68,8,4.72,3.56,-1166.91,-0.2472,0,BENCH_EQUAL_WEIGHT_US_fixed,BENCH_EQUAL_WEIGHT,fixed
EW_US_AMD,US,AMD,2024-01-02,2024-01-02,2024-12-31,252,calendar_end,144.28,120.79,36,5.19,4.35,-855.18,-0.1645,0,BENCH_EQUAL_WEIGHT_US_fixed,BENCH_EQUAL_WEIGHT,fixed
EW_US_AMGN,US,AMGN,2024-01-02,2024-01-02,2024-12-31,252,calendar_end,264.65,247.36,19,5.03,4.7,-338.17,-0.0672,0,BENCH_EQUAL_WEIGHT_US_fixed,BENCH_EQUAL_WEIGHT,fixed
EW_US_AMZN,US,AMZN,2024-01-02,2024-01-02,2024-12-31,252,calendar_end,151.54,219.39,34,5.15,7.46,2294.29,0.4448,1,BENCH_EQUAL_WEIGHT_US_fixed,BENCH_EQUAL_WEIGHT,fixed
EW_US_AVGO,US,AVGO,2024-01-02,2024-01-02,2024-12-31,252,calendar_end,106.4,228.92,49,5.21,11.22,5986.9,1.1471,1,BENCH_EQUAL_WEIGHT_US_fixed,BENCH_EQUAL_WEIGHT,fixed
EW_US_CRM,US,CRM,2024-01-02,2024-01-02,2024-12-31,252,calendar_end,256.11,330.48,20,5.12,6.61,1475.68,0.2878,1,BENCH_EQUAL_WEIGHT_US_fixed,BENCH_EQUAL_WEIGHT,fixed
EW_US_GOOGL,US,GOOGL,2024-01-02,2024-01-02,2024-12-31,252,calendar_end,137.33,188.32,38,5.22,7.16,1925.02,0.3685,1,BENCH_EQUAL_WEIGHT_US_fixed,BENCH_EQUAL_WEIGHT,fixed
EW_US_INTU,US,INTU,2024-01-02,2024-01-02,2024-12-31,252,calendar_end,608.78,618.57,8,4.87,4.95,68.5,0.0141,1,BENCH_EQUAL_WEIGHT_US_fixed,BENCH_EQUAL_WEIGHT,fixed
EW_US_ISRG,US,ISRG,2024-01-02,2024-01-02,2024-12-31,252,calendar_end,333.0,521.96,15,5.0,7.83,2821.58,0.5643,1,BENCH_EQUAL_WEIGHT_US_fixed,BENCH_EQUAL_WEIGHT,fixed
EW_US_LMT,US,LMT,2024-01-02,2024-01-02,2024-12-31,252,calendar_end,425.0,466.5,12,5.1,5.6,487.31,0.0955,1,BENCH_EQUAL_WEIGHT_US_fixed,BENCH_EQUAL_WEIGHT,fixed
EW_US_META,US,META,2024-01-02,2024-01-02,2024-12-31,252,calendar_end,348.26,582.63,15,5.22,8.74,3501.56,0.6696,1,BENCH_EQUAL_WEIGHT_US_fixed,BENCH_EQUAL_WEIGHT,fixed
EW_US_MSFT,US,MSFT,2024-01-02,2024-01-02,2024-12-31,252,calendar_end,366.05,415.78,14,5.12,5.82,685.28,0.1336,1,BENCH_EQUAL_WEIGHT_US_fixed,BENCH_EQUAL_WEIGHT,fixed
EW_US_NOC,US,NOC,2024-01-02,2024-01-02,2024-12-31,252,calendar_end,450.12,457.79,11,4.95,5.04,74.37,0.015,1,BENCH_EQUAL_WEIGHT_US_fixed,BENCH_EQUAL_WEIGHT,fixed
EW_US_NVDA,US,NVDA,2024-01-02,2024-01-02,2024-12-31,252,calendar_end,49.16,134.09,107,5.26,14.35,9068.24,1.7224,1,BENCH_EQUAL_WEIGHT_US_fixed,BENCH_EQUAL_WEIGHT,fixed
EW_US_ORCL,US,ORCL,2024-01-02,2024-01-02,2024-12-31,252,calendar_end,101.26,163.42,52,5.27,8.5,3218.5,0.6106,1,BENCH_EQUAL_WEIGHT_US_fixed,BENCH_EQUAL_WEIGHT,fixed
EW_US_REGN,US,REGN,2024-01-02,2024-01-02,2024-12-31,252,calendar_end,865.74,705.67,6,5.19,4.23,-969.85,-0.1865,0,BENCH_EQUAL_WEIGHT_US_fixed,BENCH_EQUAL_WEIGHT,fixed
EW_US_V,US,V,2024-01-02,2024-01-02,2024-12-31,252,calendar_end,254.3,311.94,20,5.09,6.24,1141.5,0.2242,1,BENCH_EQUAL_WEIGHT_US_fixed,BENCH_EQUAL_WEIGHT,fixed
TRD_BENCH_MOMENTUM_21_fixed_Brazil_Brazil_0002,Brazil,WEGE3.SA,2024-01-18,2024-01-03,2024-01-19,12,atr_chandelier_stop,33.73,30.9,938,31.64,28.99,-2713.34,-0.0857,0,BENCH_MOMENTUM_21_Brazil_fixed,BENCH_MOMENTUM_21,fixed
TRD_BENCH_MOMENTUM_21_fixed_Brazil_Brazil_0003,Brazil,FLRY3.SA,2024-02-14,2024-01-03,2024-02-15,29,atr_chandelier_stop,14.7,13.1,2154,31.66,28.22,-3498.37,-0.1104,0,BENCH_MOMENTUM_21_Brazil_fixed,BENCH_MOMENTUM_21,fixed
TRD_BENCH_MOMENTUM_21_fixed_Brazil_Brazil_0004,Brazil,PETR4.SA,2024-03-08,2024-01-19,2024-03-11,34,atr_chandelier_stop,26.05,24.58,1144,29.8,28.12,-1744.7,-0.0585,0,BENCH_MOMENTUM_21_Brazil_fixed,BENCH_MOMENTUM_21,fixed
TRD_BENCH_MOMENTUM_21_fixed_Brazil_Brazil_0001,Brazil,ITUB4.SA,2024-04-03,2024-01-03,2024-04-04,63,max_horizon,23.78,24.67,1331,31.66,32.84,1117.3,0.0353,1,BENCH_MOMENTUM_21_Brazil_fixed,BENCH_MOMENTUM_21,fixed
TRD_BENCH_MOMENTUM_21_fixed_Brazil_Brazil_0005,Brazil,RAIL3.SA,2024-04-16,2024-02-15,2024-04-17,43,atr_chandelier_stop,22.74,20.25,1353,30.76,27.4,-3416.46,-0.1109,0,BENCH_MOMENTUM_21_Brazil_fixed,BENCH_MOMENTUM_21,fixed
TRD_BENCH_MOMENTUM_21_fixed_Brazil_Brazil_0006,Brazil,SUZB3.SA,2024-04-30,2024-03-11,2024-05-02,36,atr_chandelier_stop,55.65,55.96,524,29.16,29.32,100.44,0.0034,1,BENCH_MOMENTUM_21_Brazil_fixed,BENCH_MOMENTUM_21,fixed
TRD_BENCH_MOMENTUM_21_fixed_Brazil_Brazil_0008,Brazil,PETR4.SA,2024-05-16,2024-04-17,2024-05-17,21,atr_chandelier_stop,27.21,27.62,1055,28.71,29.14,373.65,0.013,1,BENCH_MOMENTUM_21_Brazil_fixed,BENCH_MOMENTUM_21,fixed
TRD_BENCH_MOMENTUM_21_fixed_Brazil_Brazil_0007,Brazil,KLBN11.SA,2024-05-31,2024-04-04,2024-06-03,40,atr_chandelier_stop,19.22,17.71,1544,29.68,27.35,-2385.03,-0.0803,0,BENCH_MOMENTUM_21_Brazil_fixed,BENCH_MOMENTUM_21,fixed
TRD_BENCH_MOMENTUM_21_fixed_Brazil_Brazil_0010,Brazil,TOTS3.SA,2024-07-25,2024-05-17,2024-07-26,49,atr_chandelier_stop,27.89,26.43,1017,28.37,26.88,-1546.26,-0.0545,0,BENCH_MOMENTUM_21_Brazil_fixed,BENCH_MOMENTUM_21,fixed
TRD_BENCH_MOMENTUM_21_fixed_Brazil_Brazil_0009,Brazil,WEGE3.SA,2024-07-30,2024-05-02,2024-07-31,63,max_horizon,37.16,44.28,768,28.54,34.01,5402.88,0.1891,1,BENCH_MOMENTUM_21_Brazil_fixed,BENCH_MOMENTUM_21,fixed
TRD_BENCH_MOMENTUM_21_fixed_Brazil_Brazil_0011,Brazil,EQTL3.SA,2024-08-28,2024-06-03,2024-08-29,63,max_horizon,27.54,32.39,985,27.13,31.9,4716.27,0.1737,1,BENCH_MOMENTUM_21_Brazil_fixed,BENCH_MOMENTUM_21,fixed
TRD_BENCH_MOMENTUM_21_fixed_Brazil_Brazil_0013,Brazil,RADL3.SA,2024-09-11,2024-07-31,2024-09-12,31,atr_chandelier_stop,26.04,25.24,1140,29.68,28.77,-969.65,-0.0326,0,BENCH_MOMENTUM_21_Brazil_fixed,BENCH_MOMENTUM_21,fixed
TRD_BENCH_MOMENTUM_21_fixed_Brazil_Brazil_0015,Brazil,FLRY3.SA,2024-10-09,2024-09-12,2024-10-10,20,atr_chandelier_stop,14.13,12.69,2236,31.6,28.38,-3284.94,-0.1038,0,BENCH_MOMENTUM_21_Brazil_fixed,BENCH_MOMENTUM_21,fixed
TRD_BENCH_MOMENTUM_21_fixed_Brazil_Brazil_0012,Brazil,ITUB4.SA,2024-10-22,2024-07-26,2024-10-23,63,max_horizon,25.32,26.37,1169,29.6,30.82,1166.19,0.0394,1,BENCH_MOMENTUM_21_Brazil_fixed,BENCH_MOMENTUM_21,fixed
TRD_BENCH_MOMENTUM_21_fixed_Brazil_Brazil_0014,Brazil,LREN3.SA,2024-11-08,2024-08-29,2024-11-11,52,atr_chandelier_stop,14.26,13.95,2218,31.63,30.95,-741.13,-0.0234,0,BENCH_MOMENTUM_21_Brazil_fixed,BENCH_MOMENTUM_21,fixed
TRD_BENCH_MOMENTUM_21_fixed_Brazil_Brazil_0016,Brazil,VALE3.SA,2024-11-13,2024-10-10,2024-11-14,25,atr_chandelier_stop,52.35,48.69,567,29.68,27.61,-2129.32,-0.0717,0,BENCH_MOMENTUM_21_Brazil_fixed,BENCH_MOMENTUM_21,fixed
TRD_BENCH_MOMENTUM_21_fixed_Brazil_Brazil_0018,Brazil,TOTS3.SA,2024-11-29,2024-11-11,2024-12-02,13,atr_chandelier_stop,29.57,26.35,991,29.31,26.12,-3244.52,-0.1106,0,BENCH_MOMENTUM_21_Brazil_fixed,BENCH_MOMENTUM_21,fixed
TRD_BENCH_MOMENTUM_21_fixed_Brazil_Brazil_0019,Brazil,RAIL3.SA,2024-12-16,2024-11-14,2024-12-17,21,atr_chandelier_stop,19.07,17.8,1505,28.7,26.79,-1974.85,-0.0687,0,BENCH_MOMENTUM_21_Brazil_fixed,BENCH_MOMENTUM_21,fixed
TRD_BENCH_MOMENTUM_21_fixed_Brazil_Brazil_0020,Brazil,PETR4.SA,2024-12-30,2024-12-02,2024-12-30,18,calendar_end,30.43,30.56,926,28.17,28.29,64.22,0.0023,1,BENCH_MOMENTUM_21_Brazil_fixed,BENCH_MOMENTUM_21,fixed
TRD_BENCH_MOMENTUM_21_fixed_Brazil_Brazil_0017,Brazil,SUZB3.SA,2024-12-30,2024-10-23,2024-12-30,44,calendar_end,54.52,60.46,548,29.87,33.13,3196.12,0.1069,1,BENCH_MOMENTUM_21_Brazil_fixed,BENCH_MOMENTUM_21,fixed
TRD_BENCH_MOMENTUM_21_fixed_China_China_0002,China,002475.SZ,2024-01-16,2024-01-03,2024-01-17,10,atr_chandelier_stop,33.07,29.65,957,31.65,28.37,-3338.93,-0.1054,0,BENCH_MOMENTUM_21_China_fixed,BENCH_MOMENTUM_21,fixed
TRD_BENCH_MOMENTUM_21_fixed_China_China_0003,China,002241.SZ,2024-01-17,2024-01-03,2024-01-18,11,atr_chandelier_stop,20.11,17.1,1574,31.65,26.92,-4786.49,-0.1511,0,BENCH_MOMENTUM_21_China_fixed,BENCH_MOMENTUM_21,fixed
TRD_BENCH_MOMENTUM_21_fixed_China_China_0001,China,000333.SZ,2024-04-10,2024-01-03,2024-04-11,63,max_horizon,47.14,56.09,671,31.63,37.63,5933.61,0.1874,1,BENCH_MOMENTUM_21_China_fixed,BENCH_MOMENTUM_21,fixed
TRD_BENCH_MOMENTUM_21_fixed_China_China_0004,China,600036.SS,2024-04-24,2024-01-17,2024-04-25,63,max_horizon,24.98,28.68,1208,30.17,34.65,4410.96,0.1461,1,BENCH_MOMENTUM_21_China_fixed,BENCH_MOMENTUM_21,fixed
TRD_BENCH_MOMENTUM_21_fixed_China_China_0005,China,600887.SS,2024-04-25,2024-01-18,2024-04-26,63,max_horizon,22.97,24.53,1286,29.54,31.54,1938.4,0.0655,1,BENCH_MOMENTUM_21_China_fixed,BENCH_MOMENTUM_21,fixed
TRD_BENCH_MOMENTUM_21_fixed_China_China_0007,China,600036.SS,2024-06-12,2024-04-25,2024-06-13,31,atr_chandelier_stop,28.68,28.47,1145,32.84,32.6,-301.13,-0.0092,0,BENCH_MOMENTUM_21_China_fixed,BENCH_MOMENTUM_21,fixed
TRD_BENCH_MOMENTUM_21_fixed_China_China_0006,China,600309.SS,2024-06-28,2024-04-11,2024-07-01,53,atr_chandelier_stop,82.16,77.68,394,32.37,30.61,-1828.32,-0.0564,0,BENCH_MOMENTUM_21_China_fixed,BENCH_MOMENTUM_21,fixed
TRD_BENCH_MOMENTUM_21_fixed_China_China_0008,China,000333.SZ,2024-07-23,2024-04-26,2024-07-24,59,atr_chandelier_stop,58.94,55.92,563,33.18,31.48,-1765.18,-0.0531,0,BENCH_MOMENTUM_21_China_fixed,BENCH_MOMENTUM_21,fixed
TRD_BENCH_MOMENTUM_21_fixed_China_China_0009,China,002475.SZ,2024-07-23,2024-06-13,2024-07-24,29,atr_chandelier_stop,33.33,37.97,989,32.96,37.56,4523.43,0.1371,1,BENCH_MOMENTUM_21_China_fixed,BENCH_MOMENTUM_21,fixed
TRD_BENCH_MOMENTUM_21_fixed_China_China_0010,China,002241.SZ,2024-08-05,2024-07-01,2024-08-06,26,atr_chandelier_stop,18.96,19.77,1785,33.84,35.3,1392.2,0.0411,1,BENCH_MOMENTUM_21_China_fixed,BENCH_MOMENTUM_21,fixed
TRD_BENCH_MOMENTUM_21_fixed_China_China_0012,China,600036.SS,2024-09-09,2024-07-24,2024-09-10,34,atr_chandelier_stop,30.42,27.51,1141,34.71,31.39,-3386.41,-0.0975,0,BENCH_MOMENTUM_21_China_fixed,BENCH_MOMENTUM_21,fixed
TRD_BENCH_MOMENTUM_21_fixed_China_China_0011,China,600196.SS,2024-10-11,2024-07-24,2024-10-14,51,atr_chandelier_stop,22.0,25.0,1578,34.72,39.46,4664.87,0.1342,1,BENCH_MOMENTUM_21_China_fixed,BENCH_MOMENTUM_21,fixed
TRD_BENCH_MOMENTUM_21_fixed_China_China_0013,China,600276.SS,2024-10-24,2024-08-06,2024-10-25,51,atr_chandelier_stop,42.3,48.23,787,33.29,37.96,4591.21,0.1378,1,BENCH_MOMENTUM_21_China_fixed,BENCH_MOMENTUM_21,fixed
TRD_BENCH_MOMENTUM_21_fixed_China_China_0014,China,002594.SZ,2024-10-31,2024-09-10,2024-11-01,31,atr_chandelier_stop,82.04,96.22,400,32.82,38.49,5599.59,0.1705,1,BENCH_MOMENTUM_21_China_fixed,BENCH_MOMENTUM_21,fixed
TRD_BENCH_MOMENTUM_21_fixed_China_China_0017,China,601012.SS,2024-11-22,2024-11-01,2024-11-25,16,atr_chandelier_stop,19.63,17.7,1950,38.28,34.52,-3836.29,-0.1001,0,BENCH_MOMENTUM_21_China_fixed,BENCH_MOMENTUM_21,fixed
TRD_BENCH_MOMENTUM_21_fixed_China_China_0016,China,601318.SS,2024-11-22,2024-10-25,2024-11-25,21,atr_chandelier_stop,53.65,49.02,719,38.57,35.24,-3405.24,-0.0882,0,BENCH_MOMENTUM_21_China_fixed,BENCH_MOMENTUM_21,fixed
TRD_BENCH_MOMENTUM_21_fixed_China_China_0015,China,300059.SZ,2024-11-28,2024-10-14,2024-11-29,34,atr_chandelier_stop,20.49,25.58,1852,37.94,47.37,9340.55,0.2459,1,BENCH_MOMENTUM_21_China_fixed,BENCH_MOMENTUM_21,fixed
TRD_BENCH_MOMENTUM_21_fixed_China_China_0019,China,300059.SZ,2024-12-31,2024-11-29,2024-12-31,22,calendar_end,25.58,25.62,1484,37.96,38.01,-17.08,-0.0004,0,BENCH_MOMENTUM_21_China_fixed,BENCH_MOMENTUM_21,fixed
TRD_BENCH_MOMENTUM_21_fixed_China_China_0020,China,600276.SS,2024-12-31,2024-11-29,2024-12-31,22,calendar_end,49.73,45.55,763,37.94,34.75,-3260.36,-0.0858,0,BENCH_MOMENTUM_21_China_fixed,BENCH_MOMENTUM_21,fixed
TRD_BENCH_MOMENTUM_21_fixed_China_China_0018,China,600887.SS,2024-12-31,2024-11-25,2024-12-31,26,calendar_end,25.89,27.52,1470,38.06,40.45,2307.08,0.0606,1,BENCH_MOMENTUM_21_China_fixed,BENCH_MOMENTUM_21,fixed
TRD_BENCH_MOMENTUM_21_fixed_France_France_0002,France,DIM.PA,2024-01-17,2024-01-03,2024-01-18,11,atr_chandelier_stop,244.43,220.58,129,31.53,28.45,-3136.53,-0.0994,0,BENCH_MOMENTUM_21_France_fixed,BENCH_MOMENTUM_21,fixed
TRD_BENCH_MOMENTUM_21_fixed_France_France_0001,France,ML.PA,2024-04-02,2024-01-03,2024-04-03,63,max_horizon,28.76,31.07,1101,31.66,34.21,2480.89,0.0783,1,BENCH_MOMENTUM_21_France_fixed,BENCH_MOMENTUM_21,fixed
TRD_BENCH_MOMENTUM_21_fixed_France_France_0003,France,SU.PA,2024-04-02,2024-01-03,2024-04-03,63,max_horizon,169.97,194.93,186,31.61,36.26,4574.41,0.1445,1,BENCH_MOMENTUM_21_France_fixed,BENCH_MOMENTUM_21,fixed
TRD_BENCH_MOMENTUM_21_fixed_France_France_0004,France,SAF.PA,2024-04-17,2024-01-18,2024-04-18,63,max_horizon,161.62,200.67,184,29.74,36.92,7118.54,0.2391,1,BENCH_MOMENTUM_21_France_fixed,BENCH_MOMENTUM_21,fixed
TRD_BENCH_MOMENTUM_21_fixed_France_France_0005,France,AIR.PA,2024-06-07,2024-04-03,2024-06-10,47,atr_chandelier_stop,157.21,142.0,223,35.06,31.67,-3456.43,-0.0985,0,BENCH_MOMENTUM_21_France_fixed,BENCH_MOMENTUM_21,fixed
TRD_BENCH_MOMENTUM_21_fixed_France_France_0006,France,EL.PA,2024-07-01,2024-04-03,2024-07-02,63,max_horizon,192.35,192.3,182,35.01,35.0,-77.8,-0.0022,0,BENCH_MOMENTUM_21_France_fixed,BENCH_MOMENTUM_21,fixed
TRD_BENCH_MOMENTUM_21_fixed_France_France_0007,France,SAF.PA,2024-07-16,2024-04-18,2024-07-17,63,max_horizon,200.67,197.72,171,34.31,33.81,-572.22,-0.0167,0,BENCH_MOMENTUM_21_France_fixed,BENCH_MOMENTUM_21,fixed
TRD_BENCH_MOMENTUM_21_fixed_France_France_0008,France,ML.PA,2024-07-24,2024-06-10,2024-07-25,33,atr_chandelier_stop,34.57,32.26,1008,34.84,32.52,-2392.76,-0.0686,0,BENCH_MOMENTUM_21_France_fixed,BENCH_MOMENTUM_21,fixed
TRD_BENCH_MOMENTUM_21_fixed_France_France_0009,France,CAP.PA,2024-08-05,2024-07-02,2024-08-06,25,atr_chandelier_stop,178.75,167.53,187,33.43,31.33,-2163.29,-0.0647,0,BENCH_MOMENTUM_21_France_fixed,BENCH_MOMENTUM_21,fixed
TRD_BENCH_MOMENTUM_21_fixed_France_France_0010,France,TEP.PA,2024-08-06,2024-07-17,2024-08-07,15,atr_chandelier_stop,99.48,91.25,334,33.22,30.48,-2812.52,-0.0846,0,BENCH_MOMENTUM_21_France_fixed,BENCH_MOMENTUM_21,fixed
TRD_BENCH_MOMENTUM_21_fixed_France_France_0011,France,DG.PA,2024-10-21,2024-07-25,2024-10-22,63,max_horizon,96.29,97.94,338,32.55,33.1,492.43,0.0151,1,BENCH_MOMENTUM_21_France_fixed,BENCH_MOMENTUM_21,fixed
TRD_BENCH_MOMENTUM_21_fixed_France_France_0012,France,DIM.PA,2024-10-30,2024-08-06,2024-10-31,62,atr_chandelier_stop,172.0,181.17,182,31.3,32.97,1606.07,0.0513,1,BENCH_MOMENTUM_21_France_fixed,BENCH_MOMENTUM_21,fixed
TRD_BENCH_MOMENTUM_21_fixed_France_France_0013,France,EL.PA,2024-11-01,2024-08-07,2024-11-04,63,max_horizon,199.13,209.61,155,30.87,32.49,1561.13,0.0505,1,BENCH_MOMENTUM_21_France_fixed,BENCH_MOMENTUM_21,fixed
TRD_BENCH_MOMENTUM_21_fixed_France_France_0014,France,AIR.PA,2024-12-31,2024-10-22,2024-12-31,48,calendar_end,132.71,148.63,253,33.58,37.6,3956.91,0.1177,1,BENCH_MOMENTUM_21_France_fixed,BENCH_MOMENTUM_21,fixed
TRD_BENCH_MOMENTUM_21_fixed_France_France_0016,France,EL.PA,2024-12-31,2024-11-04,2024-12-31,39,calendar_end,209.61,226.53,156,32.7,35.34,2571.91,0.0786,1,BENCH_MOMENTUM_21_France_fixed,BENCH_MOMENTUM_21,fixed
TRD_BENCH_MOMENTUM_21_fixed_France_France_0015,France,SU.PA,2024-12-31,2024-10-31,2024-12-31,41,calendar_end,232.28,233.0,140,32.52,32.62,36.42,0.0011,1,BENCH_MOMENTUM_21_France_fixed,BENCH_MOMENTUM_21,fixed
TRD_BENCH_MOMENTUM_21_fixed_India_India_0001,India,ASIANPAINT.NS,2024-01-23,2024-01-02,2024-01-24,15,atr_chandelier_stop,3293.25,2962.57,9,29.64,26.66,-3032.44,-0.1022,0,BENCH_MOMENTUM_21_India_fixed,BENCH_MOMENTUM_21,fixed
TRD_BENCH_MOMENTUM_21_fixed_India_India_0003,India,RELIANCE.NS,2024-04-04,2024-01-02,2024-04-05,63,max_horizon,1277.1,1443.47,24,30.65,34.64,3927.55,0.128,1,BENCH_MOMENTUM_21_India_fixed,BENCH_MOMENTUM_21,fixed
TRD_BENCH_MOMENTUM_21_fixed_India_India_0002,India,ULTRACEMCO.NS,2024-04-04,2024-01-02,2024-04-05,63,max_horizon,10155.09,9681.8,3,30.47,29.05,-1479.4,-0.0485,0,BENCH_MOMENTUM_21_India_fixed,BENCH_MOMENTUM_21,fixed
TRD_BENCH_MOMENTUM_21_fixed_India_India_0004,India,BHARTIARTL.NS,2024-04-29,2024-01-24,2024-04-30,63,max_horizon,1110.41,1288.69,27,29.98,34.79,4748.86,0.1582,1,BENCH_MOMENTUM_21_India_fixed,BENCH_MOMENTUM_21,fixed
TRD_BENCH_MOMENTUM_21_fixed_India_India_0005,India,BAJFINANCE.NS,2024-06-04,2024-04-05,2024-06-05,39,atr_chandelier_stop,711.08,649.08,45,32.0,29.21,-2850.94,-0.089,0,BENCH_MOMENTUM_21_India_fixed,BENCH_MOMENTUM_21,fixed
TRD_BENCH_MOMENTUM_21_fixed_India_India_0006,India,HDFCBANK.NS,2024-07-09,2024-04-05,2024-07-10,63,max_horizon,736.82,791.02,43,31.68,34.01,2264.91,0.0714,1,BENCH_MOMENTUM_21_India_fixed,BENCH_MOMENTUM_21,fixed
TRD_BENCH_MOMENTUM_21_fixed_India_India_0007,India,EICHERMOT.NS,2024-07-31,2024-04-30,2024-08-01,63,max_horizon,4423.55,4802.81,7,30.96,33.62,2590.23,0.0836,1,BENCH_MOMENTUM_21_India_fixed,BENCH_MOMENTUM_21,fixed
TRD_BENCH_MOMENTUM_21_fixed_India_India_0008,India,M&M.NS,2024-08-06,2024-06-05,2024-08-07,43,atr_chandelier_stop,2507.51,2648.19,12,30.09,31.78,1626.32,0.054,1,BENCH_MOMENTUM_21_India_fixed,BENCH_MOMENTUM_21,fixed
TRD_BENCH_MOMENTUM_21_fixed_India_India_0009,India,ICICIBANK.NS,2024-10-09,2024-07-10,2024-10-10,63,max_horizon,1222.24,1226.86,28,34.22,34.35,60.72,0.0018,1,BENCH_MOMENTUM_21_India_fixed,BENCH_MOMENTUM_21,fixed
TRD_BENCH_MOMENTUM_21_fixed_India_India_0012,India,M&M.NS,2024-10-23,2024-10-10,2024-10-24,10,atr_chandelier_stop,3098.31,2712.49,11,34.08,29.84,-4307.9,-0.1263,0,BENCH_MOMENTUM_21_India_fixed,BENCH_MOMENTUM_21,fixed
TRD_BENCH_MOMENTUM_21_fixed_India_India_0010,India,INFY.NS,2024-10-30,2024-08-01,2024-10-31,63,max_horizon,1744.7,1699.73,19,33.15,32.29,-919.9,-0.0277,0,BENCH_MOMENTUM_21_India_fixed,BENCH_MOMENTUM_21,fixed
TRD_BENCH_MOMENTUM_21_fixed_India_India_0011,India,SUNPHARMA.NS,2024-11-05,2024-08-07,2024-11-06,63,max_horizon,1688.66,1782.47,19,32.08,33.87,1716.42,0.0534,1,BENCH_MOMENTUM_21_India_fixed,BENCH_MOMENTUM_21,fixed
TRD_BENCH_MOMENTUM_21_fixed_India_India_0013,India,HCLTECH.NS,2024-12-31,2024-10-24,2024-12-31,45,calendar_end,1713.98,1781.24,19,32.57,33.84,1211.51,0.0372,1,BENCH_MOMENTUM_21_India_fixed,BENCH_MOMENTUM_21,fixed
TRD_BENCH_MOMENTUM_21_fixed_India_India_0015,India,HDFCBANK.NS,2024-12-31,2024-11-06,2024-12-31,36,calendar_end,859.72,860.37,37,31.81,31.83,-39.4,-0.0012,0,BENCH_MOMENTUM_21_India_fixed,BENCH_MOMENTUM_21,fixed
TRD_BENCH_MOMENTUM_21_fixed_India_India_0014,India,TECHM.NS,2024-12-31,2024-10-31,2024-12-31,40,calendar_end,1578.71,1616.22,21,33.15,33.94,720.65,0.0217,1,BENCH_MOMENTUM_21_India_fixed,BENCH_MOMENTUM_21,fixed
TRD_BENCH_MOMENTUM_21_fixed_UK_UK_0001,UK,OCDO.L,2024-01-15,2024-01-03,2024-01-16,9,atr_chandelier_stop,731.2,650.6,43,31.44,27.98,-3525.22,-0.112,0,BENCH_MOMENTUM_21_UK_fixed,BENCH_MOMENTUM_21,fixed
TRD_BENCH_MOMENTUM_21_fixed_UK_UK_0002,UK,AZN.L,2024-02-09,2024-01-03,2024-02-12,28,atr_chandelier_stop,10679.62,9694.21,2,21.36,19.39,-2011.57,-0.0941,0,BENCH_MOMENTUM_21_UK_fixed,BENCH_MOMENTUM_21,fixed
TRD_BENCH_MOMENTUM_21_fixed_UK_UK_0003,UK,BA.L,2024-04-02,2024-01-03,2024-04-03,63,max_horizon,1116.41,1327.79,28,31.26,37.18,5850.41,0.187,1,BENCH_MOMENTUM_21_UK_fixed,BENCH_MOMENTUM_21,fixed
TRD_BENCH_MOMENTUM_21_fixed_UK_UK_0004,UK,CPG.L,2024-04-15,2024-01-16,2024-04-16,63,max_horizon,26.46,25.77,1162,30.75,29.95,-861.8,-0.028,0,BENCH_MOMENTUM_21_UK_fixed,BENCH_MOMENTUM_21,fixed
TRD_BENCH_MOMENTUM_21_fixed_UK_UK_0005,UK,EXPN.L,2024-05-13,2024-02-12,2024-05-14,63,max_horizon,3382.64,3429.62,9,30.44,30.87,361.52,0.0119,1,BENCH_MOMENTUM_21_UK_fixed,BENCH_MOMENTUM_21,fixed
TRD_BENCH_MOMENTUM_21_fixed_UK_UK_0006,UK,BA.L,2024-07-02,2024-04-03,2024-07-03,63,max_horizon,1327.79,1277.5,24,31.87,30.66,-1269.58,-0.0398,0,BENCH_MOMENTUM_21_UK_fixed,BENCH_MOMENTUM_21,fixed
TRD_BENCH_MOMENTUM_21_fixed_UK_UK_0007,UK,AZN.L,2024-07-15,2024-04-16,2024-07-16,63,max_horizon,10877.18,12014.68,2,21.75,24.03,2229.21,0.1024,1,BENCH_MOMENTUM_21_UK_fixed,BENCH_MOMENTUM_21,fixed
TRD_BENCH_MOMENTUM_21_fixed_UK_UK_0010,UK,SPX.L,2024-08-08,2024-07-16,2024-08-09,18,atr_chandelier_stop,8845.55,7821.07,3,26.54,23.46,-3123.46,-0.1176,0,BENCH_MOMENTUM_21_UK_fixed,BENCH_MOMENTUM_21,fixed
TRD_BENCH_MOMENTUM_21_fixed_UK_UK_0008,UK,AUTO.L,2024-08-09,2024-05-14,2024-08-12,63,max_horizon,743.69,795.87,43,31.98,34.22,2177.47,0.068,1,BENCH_MOMENTUM_21_UK_fixed,BENCH_MOMENTUM_21,fixed
TRD_BENCH_MOMENTUM_21_fixed_UK_UK_0012,UK,AZN.L,2024-09-13,2024-08-12,2024-09-16,24,atr_chandelier_stop,12685.16,11995.42,2,25.37,23.99,-1428.84,-0.0563,0,BENCH_MOMENTUM_21_UK_fixed,BENCH_MOMENTUM_21,fixed
TRD_BENCH_MOMENTUM_21_fixed_UK_UK_0009,UK,HLMA.L,2024-09-30,2024-07-03,2024-10-01,63,max_horizon,2704.47,2614.62,12,32.45,31.38,-1142.06,-0.0352,0,BENCH_MOMENTUM_21_UK_fixed,BENCH_MOMENTUM_21,fixed
TRD_BENCH_MOMENTUM_21_fixed_UK_UK_0011,UK,CPG.L,2024-11-06,2024-08-09,2024-11-07,63,max_horizon,28.89,32.79,1069,30.89,35.05,4100.47,0.1326,1,BENCH_MOMENTUM_21_UK_fixed,BENCH_MOMENTUM_21,fixed
TRD_BENCH_MOMENTUM_21_fixed_UK_UK_0013,UK,AUTO.L,2024-11-07,2024-09-16,2024-11-08,39,atr_chandelier_stop,873.3,786.53,35,30.57,27.53,-3095.06,-0.1012,0,BENCH_MOMENTUM_21_UK_fixed,BENCH_MOMENTUM_21,fixed
TRD_BENCH_MOMENTUM_21_fixed_UK_UK_0014,UK,EXPN.L,2024-12-19,2024-10-01,2024-12-20,58,atr_chandelier_stop,3927.76,3503.9,7,27.49,24.53,-3019.09,-0.1097,0,BENCH_MOMENTUM_21_UK_fixed,BENCH_MOMENTUM_21,fixed
TRD_BENCH_MOMENTUM_21_fixed_UK_UK_0015,UK,CPG.L,2024-12-31,2024-11-07,2024-12-31,36,calendar_end,32.79,32.33,966,31.67,31.23,-508.99,-0.0161,0,BENCH_MOMENTUM_21_UK_fixed,BENCH_MOMENTUM_21,fixed
TRD_BENCH_MOMENTUM_21_fixed_UK_UK_0017,UK,RMV.L,2024-12-31,2024-12-20,2024-12-31,5,calendar_end,652.21,641.62,45,29.35,28.87,-535.09,-0.0182,0,BENCH_MOMENTUM_21_UK_fixed,BENCH_MOMENTUM_21,fixed
TRD_BENCH_MOMENTUM_21_fixed_UK_UK_0016,UK,RTO.L,2024-12-31,2024-11-08,2024-12-31,35,calendar_end,408.51,400.61,75,30.64,30.05,-652.91,-0.0213,0,BENCH_MOMENTUM_21_UK_fixed,BENCH_MOMENTUM_21,fixed
TRD_BENCH_MOMENTUM_21_fixed_US_US_0001,US,AMGN,2024-02-09,2024-01-03,2024-02-12,27,atr_chandelier_stop,276.41,267.13,114,31.51,30.45,-1120.55,-0.0355,0,BENCH_MOMENTUM_21_US_fixed,BENCH_MOMENTUM_21,fixed
TRD_BENCH_MOMENTUM_21_fixed_US_US_0003,US,AVGO,2024-03-13,2024-01-03,2024-03-14,49,atr_chandelier_stop,104.27,123.01,303,31.59,37.27,5609.17,0.1774,1,BENCH_MOMENTUM_21_US_fixed,BENCH_MOMENTUM_21,fixed
TRD_BENCH_MOMENTUM_21_fixed_US_US_0002,US,REGN,2024-04-03,2024-01-03,2024-04-04,63,max_horizon,898.32,953.2,35,31.44,33.36,1856.07,0.059,1,BENCH_MOMENTUM_21_US_fixed,BENCH_MOMENTUM_21,fixed
TRD_BENCH_MOMENTUM_21_fixed_US_US_0004,US,NVDA,2024-04-09,2024-02-12,2024-04-10,40,atr_chandelier_stop,72.47,83.78,467,33.84,39.13,5208.73,0.1538,1,BENCH_MOMENTUM_21_US_fixed,BENCH_MOMENTUM_21,fixed
TRD_BENCH_MOMENTUM_21_fixed_US_US_0005,US,V,2024-06-12,2024-03-14,2024-06-13,63,max_horizon,283.57,265.77,128,36.3,34.02,-2348.92,-0.0646,0,BENCH_MOMENTUM_21_US_fixed,BENCH_MOMENTUM_21,fixed
TRD_BENCH_MOMENTUM_21_fixed_US_US_0008,US,NVDA,2024-06-24,2024-06-13,2024-06-25,7,atr_chandelier_stop,129.18,121.0,283,36.56,34.24,-2384.76,-0.0652,0,BENCH_MOMENTUM_21_US_fixed,BENCH_MOMENTUM_21,fixed
TRD_BENCH_MOMENTUM_21_fixed_US_US_0006,US,GOOGL,2024-07-03,2024-04-04,2024-07-05,63,max_horizon,152.15,184.44,233,35.45,42.97,7444.46,0.2098,1,BENCH_MOMENTUM_21_US_fixed,BENCH_MOMENTUM_21,fixed
TRD_BENCH_MOMENTUM_21_fixed_US_US_0007,US,AMZN,2024-07-10,2024-04-10,2024-07-11,63,max_horizon,182.77,200.09,192,35.09,38.42,3251.93,0.0926,1,BENCH_MOMENTUM_21_US_fixed,BENCH_MOMENTUM_21,fixed
TRD_BENCH_MOMENTUM_21_fixed_US_US_0010,US,MSFT,2024-07-25,2024-07-05,2024-07-26,15,atr_chandelier_stop,451.65,410.96,81,36.58,33.29,-3365.98,-0.0919,0,BENCH_MOMENTUM_21_US_fixed,BENCH_MOMENTUM_21,fixed
TRD_BENCH_MOMENTUM_21_fixed_US_US_0011,US,AAPL,2024-08-05,2024-07-11,2024-08-06,18,atr_chandelier_stop,229.21,203.36,163,37.36,33.15,-4283.02,-0.1145,0,BENCH_MOMENTUM_21_US_fixed,BENCH_MOMENTUM_21,fixed
TRD_BENCH_MOMENTUM_21_fixed_US_US_0009,US,REGN,2024-09-23,2024-06-25,2024-09-24,63,max_horizon,1058.13,1066.27,33,34.92,35.19,198.3,0.0057,1,BENCH_MOMENTUM_21_US_fixed,BENCH_MOMENTUM_21,fixed
TRD_BENCH_MOMENTUM_21_fixed_US_US_0012,US,LMT,2024-10-23,2024-07-26,2024-10-24,63,max_horizon,495.5,544.48,71,35.18,38.66,3403.37,0.0966,1,BENCH_MOMENTUM_21_US_fixed,BENCH_MOMENTUM_21,fixed
TRD_BENCH_MOMENTUM_21_fixed_US_US_0013,US,NOC,2024-11-01,2024-08-06,2024-11-04,63,max_horizon,477.24,493.27,74,35.32,36.5,1114.4,0.0315,1,BENCH_MOMENTUM_21_US_fixed,BENCH_MOMENTUM_21,fixed
TRD_BENCH_MOMENTUM_21_fixed_US_US_0015,US,NVDA,2024-12-16,2024-10-24,2024-12-17,37,atr_chandelier_stop,140.6,128.9,260,36.56,33.51,-3112.81,-0.0851,0,BENCH_MOMENTUM_21_US_fixed,BENCH_MOMENTUM_21,fixed
TRD_BENCH_MOMENTUM_21_fixed_US_US_0014,US,V,2024-12-20,2024-09-24,2024-12-23,63,max_horizon,276.02,311.55,135,37.26,42.06,4717.81,0.1265,1,BENCH_MOMENTUM_21_US_fixed,BENCH_MOMENTUM_21,fixed
TRD_BENCH_MOMENTUM_21_fixed_US_US_0017,US,AAPL,2024-12-31,2024-12-19,2024-12-31,7,calendar_end,245.72,248.62,154,37.84,38.29,370.31,0.0098,1,BENCH_MOMENTUM_21_US_fixed,BENCH_MOMENTUM_21,fixed
TRD_BENCH_MOMENTUM_21_fixed_US_US_0016,US,AMZN,2024-12-31,2024-11-04,2024-12-31,39,calendar_end,196.45,219.39,184,36.15,40.37,4144.45,0.1145,1,BENCH_MOMENTUM_21_US_fixed,BENCH_MOMENTUM_21,fixed
TRD_BENCH_MOMENTUM_21_fixed_US_US_0018,US,AVGO,2024-12-31,2024-12-23,2024-12-31,5,calendar_end,223.84,228.92,173,38.72,39.6,801.4,0.0207,1,BENCH_MOMENTUM_21_US_fixed,BENCH_MOMENTUM_21,fixed
TRD_HIST_PRIOR_fixed_Brazil_Brazil_0002,Brazil,WEGE3.SA,2024-01-18,2024-01-03,2024-01-19,12,atr_chandelier_stop,33.73,30.9,938,31.64,28.99,-2713.34,-0.0857,0,HIST_PRIOR_Brazil_fixed,HIST_PRIOR,fixed
TRD_HIST_PRIOR_fixed_Brazil_Brazil_0001,Brazil,EQTL3.SA,2024-04-01,2024-01-03,2024-04-02,61,atr_chandelier_stop,32.37,29.54,978,31.66,28.89,-2824.34,-0.0891,0,HIST_PRIOR_Brazil_fixed,HIST_PRIOR,fixed
TRD_HIST_PRIOR_fixed_Brazil_Brazil_0003,Brazil,ITUB4.SA,2024-04-03,2024-01-03,2024-04-04,63,max_horizon,23.78,24.67,1331,31.66,32.84,1117.3,0.0353,1,HIST_PRIOR_Brazil_fixed,HIST_PRIOR,fixed
TRD_HIST_PRIOR_fixed_Brazil_Brazil_0004,Brazil,WEGE3.SA,2024-04-19,2024-01-19,2024-04-22,63,max_horizon,30.9,35.82,984,30.41,35.25,4775.15,0.1569,1,HIST_PRIOR_Brazil_fixed,HIST_PRIOR,fixed
TRD_HIST_PRIOR_fixed_Brazil_Brazil_0006,Brazil,RAIL3.SA,2024-04-24,2024-04-04,2024-04-25,15,atr_chandelier_stop,21.17,19.51,1498,31.72,29.22,-2558.66,-0.0806,0,HIST_PRIOR_Brazil_fixed,HIST_PRIOR,fixed
TRD_HIST_PRIOR_fixed_Brazil_Brazil_0007,Brazil,SUZB3.SA,2024-05-07,2024-04-22,2024-05-08,11,atr_chandelier_stop,58.22,50.44,534,31.09,26.94,-4213.23,-0.1354,0,HIST_PRIOR_Brazil_fixed,HIST_PRIOR,fixed
TRD_HIST_PRIOR_fixed_Brazil_Brazil_0009,Brazil,PETR4.SA,2024-05-16,2024-05-08,2024-05-17,7,atr_chandelier_stop,29.84,27.62,994,29.66,27.45,-2262.07,-0.0762,0,HIST_PRIOR_Brazil_fixed,HIST_PRIOR,fixed
TRD_HIST_PRIOR_fixed_Brazil_Brazil_0005,Brazil,EQTL3.SA,2024-06-19,2024-04-02,2024-06-20,55,atr_chandelier_stop,29.54,27.2,1074,31.73,29.22,-2574.04,-0.081,0,HIST_PRIOR_Brazil_fixed,HIST_PRIOR,fixed
TRD_HIST_PRIOR_fixed_Brazil_Brazil_0008,Brazil,WEGE3.SA,2024-07-24,2024-04-25,2024-07-25,63,max_horizon,35.66,43.45,858,30.59,37.28,6623.44,0.2163,1,HIST_PRIOR_Brazil_fixed,HIST_PRIOR,fixed
TRD_HIST_PRIOR_fixed_Brazil_Brazil_0010,Brazil,VALE3.SA,2024-08-13,2024-05-23,2024-08-14,58,atr_chandelier_stop,53.6,47.67,535,28.68,25.5,-3226.72,-0.1124,0,HIST_PRIOR_Brazil_fixed,HIST_PRIOR,fixed
TRD_HIST_PRIOR_fixed_Brazil_Brazil_0012,Brazil,RADL3.SA,2024-09-11,2024-07-25,2024-09-12,35,atr_chandelier_stop,24.64,25.24,1225,30.18,30.92,676.13,0.0224,1,HIST_PRIOR_Brazil_fixed,HIST_PRIOR,fixed
TRD_HIST_PRIOR_fixed_Brazil_Brazil_0011,Brazil,ITUB4.SA,2024-09-16,2024-06-20,2024-09-17,63,max_horizon,23.97,27.58,1164,27.9,32.1,4144.54,0.1484,1,HIST_PRIOR_Brazil_fixed,HIST_PRIOR,fixed
TRD_HIST_PRIOR_fixed_Brazil_Brazil_0013,Brazil,VALE3.SA,2024-11-08,2024-08-14,2024-11-11,63,max_horizon,47.67,50.9,662,31.56,33.69,2071.99,0.0656,1,HIST_PRIOR_Brazil_fixed,HIST_PRIOR,fixed
TRD_HIST_PRIOR_fixed_Brazil_Brazil_0015,Brazil,ITUB4.SA,2024-11-28,2024-09-17,2024-11-29,51,atr_chandelier_stop,27.58,24.69,1128,31.11,27.85,-3321.55,-0.1067,0,HIST_PRIOR_Brazil_fixed,HIST_PRIOR,fixed
TRD_HIST_PRIOR_fixed_Brazil_Brazil_0014,Brazil,KLBN11.SA,2024-12-11,2024-09-12,2024-12-12,63,max_horizon,19.23,20.7,1621,31.17,33.55,2313.63,0.0741,1,HIST_PRIOR_Brazil_fixed,HIST_PRIOR,fixed
TRD_HIST_PRIOR_fixed_Brazil_Brazil_0018,Brazil,KLBN11.SA,2024-12-30,2024-12-12,2024-12-30,10,calendar_end,20.7,20.99,1582,32.74,33.2,391.49,0.0119,1,HIST_PRIOR_Brazil_fixed,HIST_PRIOR,fixed
TRD_HIST_PRIOR_fixed_Brazil_Brazil_0016,Brazil,PETR4.SA,2024-12-30,2024-11-11,2024-12-30,31,calendar_end,28.15,30.56,1086,30.57,33.18,2549.55,0.0833,1,HIST_PRIOR_Brazil_fixed,HIST_PRIOR,fixed
TRD_HIST_PRIOR_fixed_Brazil_Brazil_0017,Brazil,SUZB3.SA,2024-12-30,2024-11-29,2024-12-30,19,calendar_end,58.67,60.46,530,31.09,32.05,888.76,0.0286,1,HIST_PRIOR_Brazil_fixed,HIST_PRIOR,fixed
TRD_HIST_PRIOR_fixed_China_China_0001,China,000333.SZ,2024-04-10,2024-01-03,2024-04-11,63,max_horizon,47.14,56.09,671,31.63,37.63,5933.61,0.1874,1,HIST_PRIOR_China_fixed,HIST_PRIOR,fixed
TRD_HIST_PRIOR_fixed_China_China_0002,China,600887.SS,2024-04-10,2024-01-03,2024-04-11,63,max_horizon,22.93,23.63,1381,31.67,32.63,900.74,0.0284,1,HIST_PRIOR_China_fixed,HIST_PRIOR,fixed
TRD_HIST_PRIOR_fixed_China_China_0003,China,601318.SS,2024-04-10,2024-01-03,2024-04-11,63,atr_chandelier_stop,34.64,34.26,914,31.66,31.31,-415.95,-0.0131,0,HIST_PRIOR_China_fixed,HIST_PRIOR,fixed
TRD_HIST_PRIOR_fixed_China_China_0006,China,600519.SS,2024-06-11,2024-04-11,2024-06-12,40,atr_chandelier_stop,1490.35,1426.64,22,32.79,31.39,-1465.75,-0.0447,0,HIST_PRIOR_China_fixed,HIST_PRIOR,fixed
TRD_HIST_PRIOR_fixed_China_China_0005,China,002415.SZ,2024-07-02,2024-04-11,2024-07-03,55,atr_chandelier_stop,28.05,27.97,1207,33.86,33.77,-162.71,-0.0048,0,HIST_PRIOR_China_fixed,HIST_PRIOR,fixed
TRD_HIST_PRIOR_fixed_China_China_0004,China,600887.SS,2024-07-08,2024-04-11,2024-07-09,59,atr_chandelier_stop,23.63,22.88,1433,33.86,32.79,-1132.52,-0.0334,0,HIST_PRIOR_China_fixed,HIST_PRIOR,fixed
TRD_HIST_PRIOR_fixed_China_China_0007,China,600519.SS,2024-07-30,2024-06-12,2024-07-31,35,atr_chandelier_stop,1426.64,1273.56,24,34.24,30.57,-3738.62,-0.1091,0,HIST_PRIOR_China_fixed,HIST_PRIOR,fixed
TRD_HIST_PRIOR_fixed_China_China_0009,China,600887.SS,2024-08-20,2024-07-09,2024-08-21,31,atr_chandelier_stop,22.88,21.44,1384,31.67,29.68,-2055.01,-0.0648,0,HIST_PRIOR_China_fixed,HIST_PRIOR,fixed
TRD_HIST_PRIOR_fixed_China_China_0011,China,600036.SS,2024-09-09,2024-08-21,2024-09-10,14,atr_chandelier_stop,30.28,27.51,1041,31.52,28.64,-2947.47,-0.0934,0,HIST_PRIOR_China_fixed,HIST_PRIOR,fixed
TRD_HIST_PRIOR_fixed_China_China_0008,China,601318.SS,2024-10-08,2024-07-03,2024-10-09,63,max_horizon,37.02,54.58,885,32.76,48.31,15462.82,0.4715,1,HIST_PRIOR_China_fixed,HIST_PRIOR,fixed
TRD_HIST_PRIOR_fixed_China_China_0012,China,000725.SZ,2024-10-11,2024-09-10,2024-10-14,17,atr_chandelier_stop,3.71,4.12,8208,30.46,33.84,3311.34,0.1086,1,HIST_PRIOR_China_fixed,HIST_PRIOR,fixed
TRD_HIST_PRIOR_fixed_China_China_0010,China,600196.SS,2024-10-11,2024-07-31,2024-10-14,46,atr_chandelier_stop,21.89,25.0,1442,31.56,36.05,4429.16,0.1402,1,HIST_PRIOR_China_fixed,HIST_PRIOR,fixed
TRD_HIST_PRIOR_fixed_China_China_0013,China,000333.SZ,2024-11-18,2024-10-09,2024-11-19,29,atr_chandelier_stop,70.69,64.07,575,40.65,36.84,-3888.37,-0.0956,0,HIST_PRIOR_China_fixed,HIST_PRIOR,fixed
TRD_HIST_PRIOR_fixed_China_China_0015,China,000725.SZ,2024-11-25,2024-10-14,2024-11-26,31,atr_chandelier_stop,4.12,4.1,8996,37.09,36.91,-250.17,-0.0067,0,HIST_PRIOR_China_fixed,HIST_PRIOR,fixed
TRD_HIST_PRIOR_fixed_China_China_0017,China,000333.SZ,2024-12-31,2024-11-26,2024-12-31,25,calendar_end,63.22,67.83,555,35.09,37.64,2484.58,0.0707,1,HIST_PRIOR_China_fixed,HIST_PRIOR,fixed
TRD_HIST_PRIOR_fixed_China_China_0014,China,600036.SS,2024-12-31,2024-10-14,2024-12-31,56,calendar_end,35.47,35.74,1045,37.07,37.35,201.18,0.0054,1,HIST_PRIOR_China_fixed,HIST_PRIOR,fixed
TRD_HIST_PRIOR_fixed_China_China_0016,China,600196.SS,2024-12-31,2024-11-19,2024-12-31,30,calendar_end,25.94,24.14,1402,36.36,33.84,-2589.69,-0.0711,0,HIST_PRIOR_China_fixed,HIST_PRIOR,fixed
TRD_HIST_PRIOR_fixed_France_France_0003,France,EL.PA,2024-04-02,2024-01-03,2024-04-03,63,max_horizon,166.95,192.35,189,31.55,36.35,4731.6,0.1498,1,HIST_PRIOR_France_fixed,HIST_PRIOR,fixed
TRD_HIST_PRIOR_fixed_France_France_0001,France,ML.PA,2024-04-02,2024-01-03,2024-04-03,63,max_horizon,28.76,31.07,1101,31.66,34.21,2480.89,0.0783,1,HIST_PRIOR_France_fixed,HIST_PRIOR,fixed
TRD_HIST_PRIOR_fixed_France_France_0002,France,OR.PA,2024-04-02,2024-01-03,2024-04-03,63,max_horizon,421.12,409.26,75,31.58,30.69,-951.67,-0.0301,0,HIST_PRIOR_France_fixed,HIST_PRIOR,fixed
TRD_HIST_PRIOR_fixed_France_France_0005,France,AI.PA,2024-07-01,2024-04-03,2024-07-02,63,max_horizon,149.55,141.65,225,33.65,31.87,-1842.65,-0.0547,0,HIST_PRIOR_France_fixed,HIST_PRIOR,fixed
TRD_HIST_PRIOR_fixed_France_France_0004,France,EL.PA,2024-07-01,2024-04-03,2024-07-02,63,max_horizon,192.35,192.3,175,33.66,33.65,-74.81,-0.0022,0,HIST_PRIOR_France_fixed,HIST_PRIOR,fixed
TRD_HIST_PRIOR_fixed_France_France_0006,France,ML.PA,2024-07-01,2024-04-03,2024-07-02,63,max_horizon,31.07,32.54,1083,33.65,35.24,1516.57,0.045,1,HIST_PRIOR_France_fixed,HIST_PRIOR,fixed
TRD_HIST_PRIOR_fixed_France_France_0009,France,EL.PA,2024-09-26,2024-07-02,2024-09-27,63,max_horizon,192.3,201.53,176,33.85,35.47,1555.27,0.0459,1,HIST_PRIOR_France_fixed,HIST_PRIOR,fixed
TRD_HIST_PRIOR_fixed_France_France_0008,France,ML.PA,2024-09-26,2024-07-02,2024-09-27,63,max_horizon,32.54,33.79,1042,33.9,35.21,1233.36,0.0363,1,HIST_PRIOR_France_fixed,HIST_PRIOR,fixed
TRD_HIST_PRIOR_fixed_France_France_0007,France,RI.PA,2024-09-26,2024-07-02,2024-09-27,63,max_horizon,110.25,122.81,307,33.85,37.7,3782.93,0.1116,1,HIST_PRIOR_France_fixed,HIST_PRIOR,fixed
TRD_HIST_PRIOR_fixed_France_France_0010,France,ML.PA,2024-10-24,2024-09-27,2024-10-25,20,atr_chandelier_stop,33.79,28.48,1053,35.58,29.99,-5649.85,-0.1586,0,HIST_PRIOR_France_fixed,HIST_PRIOR,fixed
TRD_HIST_PRIOR_fixed_France_France_0011,France,DG.PA,2024-11-27,2024-09-27,2024-11-28,44,atr_chandelier_stop,100.72,90.89,353,35.55,32.08,-3539.02,-0.0994,0,HIST_PRIOR_France_fixed,HIST_PRIOR,fixed
TRD_HIST_PRIOR_fixed_France_France_0012,France,EL.PA,2024-12-24,2024-09-27,2024-12-27,63,max_horizon,201.53,221.82,176,35.47,39.04,3496.19,0.0985,1,HIST_PRIOR_France_fixed,HIST_PRIOR,fixed
TRD_HIST_PRIOR_fixed_France_France_0013,France,AI.PA,2024-12-31,2024-10-25,2024-12-31,45,calendar_end,146.53,137.19,231,33.85,31.69,-2222.43,-0.0656,0,HIST_PRIOR_France_fixed,HIST_PRIOR,fixed
TRD_HIST_PRIOR_fixed_France_France_0014,France,DG.PA,2024-12-31,2024-11-28,2024-12-31,21,calendar_end,90.89,93.03,363,32.99,33.77,711.99,0.0216,1,HIST_PRIOR_France_fixed,HIST_PRIOR,fixed
TRD_HIST_PRIOR_fixed_India_India_0002,India,ASIANPAINT.NS,2024-01-23,2024-01-02,2024-01-24,15,atr_chandelier_stop,3293.25,2962.57,9,29.64,26.66,-3032.44,-0.1022,0,HIST_PRIOR_India_fixed,HIST_PRIOR,fixed
TRD_HIST_PRIOR_fixed_India_India_0003,India,RELIANCE.NS,2024-04-04,2024-01-02,2024-04-05,63,max_horizon,1277.1,1443.47,24,30.65,34.64,3927.55,0.128,1,HIST_PRIOR_India_fixed,HIST_PRIOR,fixed
TRD_HIST_PRIOR_fixed_India_India_0001,India,SUNPHARMA.NS,2024-04-04,2024-01-02,2024-04-05,63,max_horizon,1227.12,1576.65,25,30.68,39.42,8668.21,0.2823,1,HIST_PRIOR_India_fixed,HIST_PRIOR,fixed
TRD_HIST_PRIOR_fixed_India_India_0004,India,MARUTI.NS,2024-04-29,2024-01-24,2024-04-30,63,max_horizon,9567.07,12406.14,3,28.7,37.22,8451.3,0.2942,1,HIST_PRIOR_India_fixed,HIST_PRIOR,fixed
TRD_HIST_PRIOR_fixed_India_India_0006,India,ASIANPAINT.NS,2024-07-09,2024-04-05,2024-07-10,63,max_horizon,2835.53,2839.52,13,36.86,36.91,-21.97,-0.0006,0,HIST_PRIOR_India_fixed,HIST_PRIOR,fixed
TRD_HIST_PRIOR_fixed_India_India_0005,India,ICICIBANK.NS,2024-07-09,2024-04-05,2024-07-10,63,max_horizon,1043.94,1222.24,35,36.54,42.78,6161.17,0.1685,1,HIST_PRIOR_India_fixed,HIST_PRIOR,fixed
TRD_HIST_PRIOR_fixed_India_India_0007,India,TCS.NS,2024-07-31,2024-04-30,2024-08-01,63,max_horizon,3563.09,4087.31,10,35.63,40.87,5165.69,0.1448,1,HIST_PRIOR_India_fixed,HIST_PRIOR,fixed
TRD_HIST_PRIOR_fixed_India_India_0008,India,ASIANPAINT.NS,2024-10-09,2024-07-10,2024-10-10,63,max_horizon,2839.52,3025.55,13,36.91,39.33,2342.19,0.0634,1,HIST_PRIOR_India_fixed,HIST_PRIOR,fixed
TRD_HIST_PRIOR_fixed_India_India_0009,India,HCLTECH.NS,2024-10-09,2024-07-10,2024-10-10,63,max_horizon,1402.36,1679.75,28,39.27,47.03,7680.62,0.1954,1,HIST_PRIOR_India_fixed,HIST_PRIOR,fixed
TRD_HIST_PRIOR_fixed_India_India_0010,India,EICHERMOT.NS,2024-10-30,2024-08-01,2024-10-31,63,max_horizon,4802.81,4756.86,8,38.42,38.05,-444.06,-0.0115,0,HIST_PRIOR_India_fixed,HIST_PRIOR,fixed
TRD_HIST_PRIOR_fixed_India_India_0011,India,SUNPHARMA.NS,2024-11-28,2024-10-10,2024-11-29,34,atr_chandelier_stop,1894.44,1711.15,22,41.68,37.65,-4111.89,-0.0986,0,HIST_PRIOR_India_fixed,HIST_PRIOR,fixed
TRD_HIST_PRIOR_fixed_India_India_0014,India,BHARTIARTL.NS,2024-12-31,2024-11-29,2024-12-31,21,calendar_end,1519.17,1555.02,28,42.54,43.54,917.59,0.0216,1,HIST_PRIOR_India_fixed,HIST_PRIOR,fixed
TRD_HIST_PRIOR_fixed_India_India_0013,India,HCLTECH.NS,2024-12-31,2024-10-31,2024-12-31,40,calendar_end,1709.34,1781.24,25,42.73,44.53,1710.33,0.04,1,HIST_PRIOR_India_fixed,HIST_PRIOR,fixed
TRD_HIST_PRIOR_fixed_India_India_0012,India,TCS.NS,2024-12-31,2024-10-10,2024-12-31,55,calendar_end,3951.53,3813.6,11,43.47,41.95,-1602.63,-0.0368,0,HIST_PRIOR_India_fixed,HIST_PRIOR,fixed
TRD_HIST_PRIOR_fixed_UK_UK_0003,UK,CPG.L,2024-04-02,2024-01-03,2024-04-03,63,max_horizon,25.79,27.22,1227,31.64,33.4,1687.07,0.0533,1,HIST_PRIOR_UK_fixed,HIST_PRIOR,fixed
TRD_HIST_PRIOR_fixed_UK_UK_0001,UK,LSEG.L,2024-04-02,2024-01-03,2024-04-03,63,max_horizon,9128.06,9393.95,3,27.38,28.18,742.09,0.0271,1,HIST_PRIOR_UK_fixed,HIST_PRIOR,fixed
TRD_HIST_PRIOR_fixed_UK_UK_0002,UK,SGE.L,2024-04-02,2024-01-03,2024-04-03,63,max_horizon,1160.84,1245.43,27,31.34,33.63,2218.93,0.0707,1,HIST_PRIOR_UK_fixed,HIST_PRIOR,fixed
TRD_HIST_PRIOR_fixed_UK_UK_0005,UK,DGE.L,2024-05-28,2024-04-03,2024-05-29,38,atr_chandelier_stop,2931.34,2610.57,11,32.24,28.72,-3589.36,-0.1112,0,HIST_PRIOR_UK_fixed,HIST_PRIOR,fixed
TRD_HIST_PRIOR_fixed_UK_UK_0006,UK,BA.L,2024-07-02,2024-04-03,2024-07-03,63,max_horizon,1327.79,1277.5,25,33.19,31.94,-1322.48,-0.0398,0,HIST_PRIOR_UK_fixed,HIST_PRIOR,fixed
TRD_HIST_PRIOR_fixed_UK_UK_0004,UK,LSEG.L,2024-07-02,2024-04-03,2024-07-03,63,max_horizon,9393.95,9256.81,3,28.18,27.77,-467.36,-0.0166,0,HIST_PRIOR_UK_fixed,HIST_PRIOR,fixed
TRD_HIST_PRIOR_fixed_UK_UK_0007,UK,AZN.L,2024-08-23,2024-05-29,2024-08-27,63,max_horizon,12046.66,13142.98,2,24.09,26.29,2142.26,0.0888,1,HIST_PRIOR_UK_fixed,HIST_PRIOR,fixed
TRD_HIST_PRIOR_fixed_UK_UK_0009,UK,AUTO.L,2024-09-30,2024-07-03,2024-10-01,63,max_horizon,811.06,870.9,38,30.82,33.09,2210.05,0.0716,1,HIST_PRIOR_UK_fixed,HIST_PRIOR,fixed
TRD_HIST_PRIOR_fixed_UK_UK_0008,UK,LSEG.L,2024-09-30,2024-07-03,2024-10-01,63,max_horizon,9256.81,10186.91,3,27.77,30.56,2731.96,0.0983,1,HIST_PRIOR_UK_fixed,HIST_PRIOR,fixed
TRD_HIST_PRIOR_fixed_UK_UK_0010,UK,CPG.L,2024-11-21,2024-08-27,2024-11-22,63,max_horizon,30.32,32.1,1093,33.14,35.09,1881.03,0.0567,1,HIST_PRIOR_UK_fixed,HIST_PRIOR,fixed
TRD_HIST_PRIOR_fixed_UK_UK_0013,UK,DGE.L,2024-12-17,2024-11-22,2024-12-18,18,atr_chandelier_stop,2348.71,2538.6,15,35.23,38.08,2775.12,0.0787,1,HIST_PRIOR_UK_fixed,HIST_PRIOR,fixed
TRD_HIST_PRIOR_fixed_UK_UK_0011,UK,LSEG.L,2024-12-30,2024-10-01,2024-12-31,63,max_horizon,10186.91,11311.56,3,30.56,33.93,3309.48,0.1082,1,HIST_PRIOR_UK_fixed,HIST_PRIOR,fixed
TRD_HIST_PRIOR_fixed_UK_UK_0012,UK,REL.L,2024-12-30,2024-10-01,2024-12-31,63,max_horizon,3532.51,3599.48,9,31.79,32.4,538.56,0.0169,1,HIST_PRIOR_UK_fixed,HIST_PRIOR,fixed
TRD_HIST_PRIOR_fixed_UK_UK_0014,UK,CPG.L,2024-12-31,2024-12-18,2024-12-31,7,calendar_end,32.93,32.33,755,24.86,24.41,-503.88,-0.0202,0,HIST_PRIOR_UK_fixed,HIST_PRIOR,fixed
TRD_HIST_PRIOR_fixed_US_US_0002,US,LMT,2024-04-03,2024-01-03,2024-04-04,63,max_horizon,429.2,424.31,73,31.33,30.97,-419.22,-0.0134,0,HIST_PRIOR_US_fixed,HIST_PRIOR,fixed
TRD_HIST_PRIOR_fixed_US_US_0003,US,MSFT,2024-04-03,2024-01-03,2024-04-04,63,max_horizon,361.3,416.88,87,31.43,36.27,4767.71,0.1515,1,HIST_PRIOR_US_fixed,HIST_PRIOR,fixed
TRD_HIST_PRIOR_fixed_US_US_0001,US,V,2024-04-03,2024-01-03,2024-04-04,63,max_horizon,253.26,273.17,125,31.66,34.15,2423.32,0.0765,1,HIST_PRIOR_US_fixed,HIST_PRIOR,fixed
TRD_HIST_PRIOR_fixed_US_US_0005,US,LMT,2024-07-03,2024-04-04,2024-07-05,63,max_horizon,424.31,441.13,79,33.52,34.85,1260.88,0.0376,1,HIST_PRIOR_US_fixed,HIST_PRIOR,fixed
TRD_HIST_PRIOR_fixed_US_US_0004,US,REGN,2024-07-03,2024-04-04,2024-07-05,63,max_horizon,953.2,1017.86,35,33.36,35.63,2194.11,0.0657,1,HIST_PRIOR_US_fixed,HIST_PRIOR,fixed
TRD_HIST_PRIOR_fixed_US_US_0006,US,V,2024-07-03,2024-04-04,2024-07-05,63,max_horizon,273.17,264.47,123,33.6,32.53,-1135.85,-0.0338,0,HIST_PRIOR_US_fixed,HIST_PRIOR,fixed
TRD_HIST_PRIOR_fixed_US_US_0008,US,MSFT,2024-07-25,2024-07-05,2024-07-26,15,atr_chandelier_stop,451.65,410.96,76,34.33,31.23,-3158.2,-0.0919,0,HIST_PRIOR_US_fixed,HIST_PRIOR,fixed
TRD_HIST_PRIOR_fixed_US_US_0007,US,LMT,2024-10-02,2024-07-05,2024-10-03,63,max_horizon,441.13,576.64,78,34.41,44.98,10490.02,0.3046,1,HIST_PRIOR_US_fixed,HIST_PRIOR,fixed
TRD_HIST_PRIOR_fixed_US_US_0009,US,NOC,2024-10-02,2024-07-05,2024-10-03,63,max_horizon,422.92,524.41,81,34.26,42.48,8144.15,0.2375,1,HIST_PRIOR_US_fixed,HIST_PRIOR,fixed
TRD_HIST_PRIOR_fixed_US_US_0010,US,AMGN,2024-10-23,2024-07-26,2024-10-24,63,max_horizon,312.82,296.04,114,35.66,33.75,-1981.74,-0.0555,0,HIST_PRIOR_US_fixed,HIST_PRIOR,fixed
TRD_HIST_PRIOR_fixed_US_US_0012,US,LMT,2024-10-29,2024-10-03,2024-10-30,19,atr_chandelier_stop,576.64,521.75,67,38.63,34.96,-3751.46,-0.097,0,HIST_PRIOR_US_fixed,HIST_PRIOR,fixed
TRD_HIST_PRIOR_fixed_US_US_0014,US,AMGN,2024-11-15,2024-10-30,2024-11-18,13,atr_chandelier_stop,293.71,265.15,125,36.71,33.14,-3640.1,-0.099,0,HIST_PRIOR_US_fixed,HIST_PRIOR,fixed
TRD_HIST_PRIOR_fixed_US_US_0011,US,NOC,2024-11-25,2024-10-03,2024-11-26,38,atr_chandelier_stop,524.41,472.64,74,38.81,34.98,-3904.44,-0.1005,0,HIST_PRIOR_US_fixed,HIST_PRIOR,fixed
TRD_HIST_PRIOR_fixed_US_US_0015,US,AAPL,2024-12-31,2024-11-18,2024-12-31,29,calendar_end,223.63,248.62,157,35.11,39.03,3849.08,0.1095,1,HIST_PRIOR_US_fixed,HIST_PRIOR,fixed
TRD_HIST_PRIOR_fixed_US_US_0016,US,ISRG,2024-12-31,2024-11-26,2024-12-31,23,calendar_end,542.06,521.96,65,35.23,33.93,-1375.66,-0.039,0,HIST_PRIOR_US_fixed,HIST_PRIOR,fixed
TRD_HIST_PRIOR_fixed_US_US_0013,US,MSFT,2024-12-31,2024-10-24,2024-12-31,46,calendar_end,418.72,415.78,89,37.27,37.0,-335.91,-0.009,0,HIST_PRIOR_US_fixed,HIST_PRIOR,fixed
TRD_MEM_RANDOM_1001_Brazil_Brazil_0003,Brazil,VALE3.SA,2024-01-18,2024-01-03,2024-01-19,12,atr_chandelier_stop,60.34,54.67,524,31.62,28.65,-3032.18,-0.0958,0,MEM_RANDOM_Brazil_1001,MEM_RANDOM,1001
TRD_MEM_RANDOM_1002_Brazil_Brazil_0003,Brazil,VALE3.SA,2024-01-18,2024-01-03,2024-01-19,12,atr_chandelier_stop,60.34,54.67,524,31.62,28.65,-3032.18,-0.0958,0,MEM_RANDOM_Brazil_1002,MEM_RANDOM,1002
TRD_MEM_RANDOM_1002_Brazil_Brazil_0002,Brazil,WEGE3.SA,2024-01-18,2024-01-03,2024-01-19,12,atr_chandelier_stop,33.73,30.9,938,31.64,28.99,-2713.34,-0.0857,0,MEM_RANDOM_Brazil_1002,MEM_RANDOM,1002
TRD_MEM_RANDOM_1003_Brazil_Brazil_0003,Brazil,WEGE3.SA,2024-01-18,2024-01-03,2024-01-19,12,atr_chandelier_stop,33.73,30.9,938,31.64,28.99,-2713.34,-0.0857,0,MEM_RANDOM_Brazil_1003,MEM_RANDOM,1003
TRD_MEM_RANDOM_1001_Brazil_Brazil_0004,Brazil,PETR4.SA,2024-03-08,2024-01-19,2024-03-11,34,atr_chandelier_stop,26.05,24.58,1163,30.3,28.58,-1773.67,-0.0585,0,MEM_RANDOM_Brazil_1001,MEM_RANDOM,1001
TRD_MEM_RANDOM_1002_Brazil_Brazil_0005,Brazil,PETR4.SA,2024-03-08,2024-01-19,2024-03-11,34,atr_chandelier_stop,26.05,24.58,1136,29.59,27.92,-1732.5,-0.0585,0,MEM_RANDOM_Brazil_1002,MEM_RANDOM,1002
TRD_MEM_RANDOM_1001_Brazil_Brazil_0001,Brazil,EQTL3.SA,2024-04-01,2024-01-03,2024-04-02,61,atr_chandelier_stop,32.37,29.54,978,31.66,28.89,-2824.34,-0.0891,0,MEM_RANDOM_Brazil_1001,MEM_RANDOM,1001
TRD_MEM_RANDOM_1002_Brazil_Brazil_0001,Brazil,EQTL3.SA,2024-04-01,2024-01-03,2024-04-02,61,atr_chandelier_stop,32.37,29.54,978,31.66,28.89,-2824.34,-0.0891,0,MEM_RANDOM_Brazil_1002,MEM_RANDOM,1002
TRD_MEM_RANDOM_1003_Brazil_Brazil_0001,Brazil,EQTL3.SA,2024-04-01,2024-01-03,2024-04-02,61,atr_chandelier_stop,32.37,29.54,978,31.66,28.89,-2824.34,-0.0891,0,MEM_RANDOM_Brazil_1003,MEM_RANDOM,1003
TRD_MEM_RANDOM_1001_Brazil_Brazil_0002,Brazil,ITUB4.SA,2024-04-03,2024-01-03,2024-04-04,63,max_horizon,23.78,24.67,1331,31.66,32.84,1117.3,0.0353,1,MEM_RANDOM_Brazil_1001,MEM_RANDOM,1001
TRD_MEM_RANDOM_1003_Brazil_Brazil_0002,Brazil,ITUB4.SA,2024-04-03,2024-01-03,2024-04-04,63,max_horizon,23.78,24.67,1331,31.66,32.84,1117.3,0.0353,1,MEM_RANDOM_Brazil_1003,MEM_RANDOM,1003
TRD_MEM_RANDOM_1002_Brazil_Brazil_0004,Brazil,WEGE3.SA,2024-04-19,2024-01-19,2024-04-22,63,max_horizon,30.9,35.82,958,29.61,34.32,4648.98,0.1569,1,MEM_RANDOM_Brazil_1002,MEM_RANDOM,1002
TRD_MEM_RANDOM_1003_Brazil_Brazil_0004,Brazil,WEGE3.SA,2024-04-19,2024-01-19,2024-04-22,63,max_horizon,30.9,35.82,984,30.41,35.25,4775.15,0.1569,1,MEM_RANDOM_Brazil_1003,MEM_RANDOM,1003
TRD_MEM_RANDOM_1003_Brazil_Brazil_0006,Brazil,RAIL3.SA,2024-04-24,2024-04-04,2024-04-25,15,atr_chandelier_stop,21.17,19.51,1498,31.72,29.22,-2558.66,-0.0806,0,MEM_RANDOM_Brazil_1003,MEM_RANDOM,1003
TRD_MEM_RANDOM_1002_Brazil_Brazil_0007,Brazil,SUZB3.SA,2024-05-07,2024-04-22,2024-05-08,11,atr_chandelier_stop,58.22,50.44,534,31.09,26.94,-4213.23,-0.1354,0,MEM_RANDOM_Brazil_1002,MEM_RANDOM,1002
TRD_MEM_RANDOM_1003_Brazil_Brazil_0007,Brazil,SUZB3.SA,2024-05-07,2024-04-22,2024-05-08,11,atr_chandelier_stop,58.22,50.44,534,31.09,26.94,-4213.23,-0.1354,0,MEM_RANDOM_Brazil_1003,MEM_RANDOM,1003
TRD_MEM_RANDOM_1003_Brazil_Brazil_0009,Brazil,PETR4.SA,2024-05-16,2024-05-08,2024-05-17,7,atr_chandelier_stop,29.84,27.62,994,29.66,27.45,-2262.07,-0.0762,0,MEM_RANDOM_Brazil_1003,MEM_RANDOM,1003
TRD_MEM_RANDOM_1001_Brazil_Brazil_0005,Brazil,KLBN11.SA,2024-05-31,2024-03-11,2024-06-03,57,atr_chandelier_stop,17.13,17.71,1781,30.5,31.55,982.17,0.0322,1,MEM_RANDOM_Brazil_1001,MEM_RANDOM,1001
TRD_MEM_RANDOM_1002_Brazil_Brazil_0006,Brazil,KLBN11.SA,2024-05-31,2024-03-11,2024-06-03,57,atr_chandelier_stop,17.13,17.71,1764,30.21,31.25,972.8,0.0322,1,MEM_RANDOM_Brazil_1002,MEM_RANDOM,1002
TRD_MEM_RANDOM_1001_Brazil_Brazil_0006,Brazil,EQTL3.SA,2024-06-19,2024-04-04,2024-06-20,53,atr_chandelier_stop,29.83,27.2,1030,30.72,28.02,-2763.75,-0.0899,0,MEM_RANDOM_Brazil_1001,MEM_RANDOM,1001
TRD_MEM_RANDOM_1003_Brazil_Brazil_0005,Brazil,EQTL3.SA,2024-06-19,2024-04-02,2024-06-20,55,atr_chandelier_stop,29.54,27.2,1074,31.73,29.22,-2574.04,-0.081,0,MEM_RANDOM_Brazil_1003,MEM_RANDOM,1003
TRD_MEM_RANDOM_1001_Brazil_Brazil_0007,Brazil,FLRY3.SA,2024-07-03,2024-04-04,2024-07-04,63,max_horizon,12.36,12.65,2486,30.73,31.44,643.85,0.0209,1,MEM_RANDOM_Brazil_1001,MEM_RANDOM,1001
TRD_MEM_RANDOM_1002_Brazil_Brazil_0008,Brazil,EQTL3.SA,2024-07-19,2024-04-22,2024-07-22,63,max_horizon,28.78,30.43,1080,31.08,32.86,1720.59,0.0553,1,MEM_RANDOM_Brazil_1002,MEM_RANDOM,1002
TRD_MEM_RANDOM_1003_Brazil_Brazil_0008,Brazil,WEGE3.SA,2024-07-24,2024-04-25,2024-07-25,63,max_horizon,35.66,43.45,858,30.59,37.28,6623.44,0.2163,1,MEM_RANDOM_Brazil_1003,MEM_RANDOM,1003
TRD_MEM_RANDOM_1003_Brazil_Brazil_0010,Brazil,VALE3.SA,2024-08-13,2024-05-23,2024-08-14,58,atr_chandelier_stop,53.6,47.67,535,28.68,25.5,-3226.72,-0.1124,0,MEM_RANDOM_Brazil_1003,MEM_RANDOM,1003
TRD_MEM_RANDOM_1002_Brazil_Brazil_0009,Brazil,WEGE3.SA,2024-08-21,2024-05-24,2024-08-22,63,max_horizon,36.41,50.31,787,28.66,39.59,10868.64,0.3789,1,MEM_RANDOM_Brazil_1002,MEM_RANDOM,1002
TRD_MEM_RANDOM_1001_Brazil_Brazil_0008,Brazil,VALE3.SA,2024-08-28,2024-06-03,2024-08-29,63,max_horizon,51.64,50.61,553,28.56,27.99,-629.04,-0.022,0,MEM_RANDOM_Brazil_1001,MEM_RANDOM,1001
TRD_MEM_RANDOM_1002_Brazil_Brazil_0010,Brazil,VALE3.SA,2024-08-28,2024-06-03,2024-08-29,63,max_horizon,51.64,50.61,542,27.99,27.43,-616.53,-0.022,0,MEM_RANDOM_Brazil_1002,MEM_RANDOM,1002
TRD_MEM_RANDOM_1003_Brazil_Brazil_0012,Brazil,RADL3.SA,2024-09-11,2024-07-25,2024-09-12,35,atr_chandelier_stop,24.64,25.24,1225,30.18,30.92,676.13,0.0224,1,MEM_RANDOM_Brazil_1003,MEM_RANDOM,1003
TRD_MEM_RANDOM_1001_Brazil_Brazil_0009,Brazil,ITUB4.SA,2024-09-16,2024-06-20,2024-09-17,63,max_horizon,23.97,27.58,1180,28.28,32.54,4201.51,0.1484,1,MEM_RANDOM_Brazil_1001,MEM_RANDOM,1001
TRD_MEM_RANDOM_1003_Brazil_Brazil_0011,Brazil,ITUB4.SA,2024-09-16,2024-06-20,2024-09-17,63,max_horizon,23.97,27.58,1164,27.9,32.1,4144.54,0.1484,1,MEM_RANDOM_Brazil_1003,MEM_RANDOM,1003
TRD_MEM_RANDOM_1001_Brazil_Brazil_0010,Brazil,KLBN11.SA,2024-09-30,2024-07-04,2024-10-01,63,max_horizon,18.74,18.46,1578,29.57,29.13,-489.99,-0.0166,0,MEM_RANDOM_Brazil_1001,MEM_RANDOM,1001
TRD_MEM_RANDOM_1001_Brazil_Brazil_0011,Brazil,FLRY3.SA,2024-10-07,2024-08-29,2024-10-08,28,atr_chandelier_stop,13.75,12.8,2240,30.8,28.68,-2181.43,-0.0708,0,MEM_RANDOM_Brazil_1001,MEM_RANDOM,1001
TRD_MEM_RANDOM_1002_Brazil_Brazil_0012,Brazil,FLRY3.SA,2024-10-07,2024-08-22,2024-10-08,33,atr_chandelier_stop,13.7,12.8,2430,33.28,31.11,-2241.91,-0.0673,0,MEM_RANDOM_Brazil_1002,MEM_RANDOM,1002
TRD_MEM_RANDOM_1002_Brazil_Brazil_0011,Brazil,ITUB4.SA,2024-10-16,2024-07-22,2024-10-17,63,max_horizon,25.59,26.13,1216,31.11,31.77,593.21,0.019,1,MEM_RANDOM_Brazil_1002,MEM_RANDOM,1002
TRD_MEM_RANDOM_1002_Brazil_Brazil_0015,Brazil,FLRY3.SA,2024-11-08,2024-10-17,2024-11-11,17,atr_chandelier_stop,12.95,11.61,2434,31.51,28.25,-3321.03,-0.1053,0,MEM_RANDOM_Brazil_1002,MEM_RANDOM,1002
TRD_MEM_RANDOM_1003_Brazil_Brazil_0013,Brazil,VALE3.SA,2024-11-08,2024-08-14,2024-11-11,63,max_horizon,47.67,50.9,662,31.56,33.69,2071.99,0.0656,1,MEM_RANDOM_Brazil_1003,MEM_RANDOM,1003
TRD_MEM_RANDOM_1002_Brazil_Brazil_0013,Brazil,KLBN11.SA,2024-11-27,2024-08-29,2024-11-28,63,max_horizon,19.3,19.08,1738,33.54,33.17,-443.39,-0.0132,0,MEM_RANDOM_Brazil_1002,MEM_RANDOM,1002
TRD_MEM_RANDOM_1001_Brazil_Brazil_0012,Brazil,ITUB4.SA,2024-11-28,2024-09-17,2024-11-29,51,atr_chandelier_stop,27.58,24.69,1119,30.86,27.62,-3295.04,-0.1067,0,MEM_RANDOM_Brazil_1001,MEM_RANDOM,1001
TRD_MEM_RANDOM_1003_Brazil_Brazil_0015,Brazil,ITUB4.SA,2024-11-28,2024-09-17,2024-11-29,51,atr_chandelier_stop,27.58,24.69,1128,31.11,27.85,-3321.55,-0.1067,0,MEM_RANDOM_Brazil_1003,MEM_RANDOM,1003
TRD_MEM_RANDOM_1001_Brazil_Brazil_0014,Brazil,EQTL3.SA,2024-12-03,2024-10-08,2024-12-04,39,atr_chandelier_stop,30.53,28.01,961,29.34,26.92,-2480.36,-0.0844,0,MEM_RANDOM_Brazil_1001,MEM_RANDOM,1001
TRD_MEM_RANDOM_1002_Brazil_Brazil_0014,Brazil,EQTL3.SA,2024-12-03,2024-10-08,2024-12-04,39,atr_chandelier_stop,30.53,28.01,1049,32.03,29.38,-2707.49,-0.0844,0,MEM_RANDOM_Brazil_1002,MEM_RANDOM,1002
TRD_MEM_RANDOM_1003_Brazil_Brazil_0014,Brazil,KLBN11.SA,2024-12-11,2024-09-12,2024-12-12,63,max_horizon,19.23,20.7,1621,31.17,33.55,2313.63,0.0741,1,MEM_RANDOM_Brazil_1003,MEM_RANDOM,1003
TRD_MEM_RANDOM_1001_Brazil_Brazil_0013,Brazil,KLBN11.SA,2024-12-30,2024-10-01,2024-12-30,60,calendar_end,18.46,20.99,1604,29.61,33.66,3983.74,0.1344,1,MEM_RANDOM_Brazil_1001,MEM_RANDOM,1001
TRD_MEM_RANDOM_1003_Brazil_Brazil_0018,Brazil,KLBN11.SA,2024-12-30,2024-12-12,2024-12-30,10,calendar_end,20.7,20.99,1582,32.74,33.2,391.49,0.0119,1,MEM_RANDOM_Brazil_1003,MEM_RANDOM,1003
TRD_MEM_RANDOM_1001_Brazil_Brazil_0016,Brazil,PETR4.SA,2024-12-30,2024-12-04,2024-12-30,16,calendar_end,30.89,30.56,933,28.82,28.51,-373.57,-0.0129,0,MEM_RANDOM_Brazil_1001,MEM_RANDOM,1001
TRD_MEM_RANDOM_1002_Brazil_Brazil_0016,Brazil,PETR4.SA,2024-12-30,2024-11-11,2024-12-30,31,calendar_end,28.15,30.56,1069,30.09,32.66,2509.64,0.0833,1,MEM_RANDOM_Brazil_1002,MEM_RANDOM,1002
TRD_MEM_RANDOM_1003_Brazil_Brazil_0016,Brazil,PETR4.SA,2024-12-30,2024-11-11,2024-12-30,31,calendar_end,28.15,30.56,1086,30.57,33.18,2549.55,0.0833,1,MEM_RANDOM_Brazil_1003,MEM_RANDOM,1003
TRD_MEM_RANDOM_1001_Brazil_Brazil_0015,Brazil,SUZB3.SA,2024-12-30,2024-11-29,2024-12-30,19,calendar_end,58.67,60.46,486,28.51,29.39,814.97,0.0286,1,MEM_RANDOM_Brazil_1001,MEM_RANDOM,1001
TRD_MEM_RANDOM_1002_Brazil_Brazil_0017,Brazil,SUZB3.SA,2024-12-30,2024-11-28,2024-12-30,20,calendar_end,56.48,60.46,560,31.63,33.86,2166.34,0.0684,1,MEM_RANDOM_Brazil_1002,MEM_RANDOM,1002
TRD_MEM_RANDOM_1003_Brazil_Brazil_0017,Brazil,SUZB3.SA,2024-12-30,2024-11-29,2024-12-30,19,calendar_end,58.67,60.46,530,31.09,32.05,888.76,0.0286,1,MEM_RANDOM_Brazil_1003,MEM_RANDOM,1003
TRD_MEM_RANDOM_1002_Brazil_Brazil_0018,Brazil,WEGE3.SA,2024-12-30,2024-12-04,2024-12-30,16,calendar_end,51.41,49.8,615,31.62,30.63,-1049.96,-0.0332,0,MEM_RANDOM_Brazil_1002,MEM_RANDOM,1002
TRD_MEM_RANDOM_1001_China_China_0001,China,000333.SZ,2024-04-10,2024-01-03,2024-04-11,63,max_horizon,47.14,56.09,671,31.63,37.63,5933.61,0.1874,1,MEM_RANDOM_China_1001,MEM_RANDOM,1001
TRD_MEM_RANDOM_1002_China_China_0001,China,000333.SZ,2024-04-10,2024-01-03,2024-04-11,63,max_horizon,47.14,56.09,671,31.63,37.63,5933.61,0.1874,1,MEM_RANDOM_China_1002,MEM_RANDOM,1002
TRD_MEM_RANDOM_1003_China_China_0001,China,000333.SZ,2024-04-10,2024-01-03,2024-04-11,63,max_horizon,47.14,56.09,671,31.63,37.63,5933.61,0.1874,1,MEM_RANDOM_China_1003,MEM_RANDOM,1003
TRD_MEM_RANDOM_1001_China_China_0002,China,600887.SS,2024-04-10,2024-01-03,2024-04-11,63,max_horizon,22.93,23.63,1381,31.67,32.63,900.74,0.0284,1,MEM_RANDOM_China_1001,MEM_RANDOM,1001
TRD_MEM_RANDOM_1002_China_China_0002,China,600887.SS,2024-04-10,2024-01-03,2024-04-11,63,max_horizon,22.93,23.63,1381,31.67,32.63,900.74,0.0284,1,MEM_RANDOM_China_1002,MEM_RANDOM,1002
TRD_MEM_RANDOM_1003_China_China_0002,China,600887.SS,2024-04-10,2024-01-03,2024-04-11,63,max_horizon,22.93,23.63,1381,31.67,32.63,900.74,0.0284,1,MEM_RANDOM_China_1003,MEM_RANDOM,1003
TRD_MEM_RANDOM_1001_China_China_0003,China,601318.SS,2024-04-10,2024-01-03,2024-04-11,63,atr_chandelier_stop,34.64,34.26,914,31.66,31.31,-415.95,-0.0131,0,MEM_RANDOM_China_1001,MEM_RANDOM,1001
TRD_MEM_RANDOM_1002_China_China_0003,China,601318.SS,2024-04-10,2024-01-03,2024-04-11,63,atr_chandelier_stop,34.64,34.26,914,31.66,31.31,-415.95,-0.0131,0,MEM_RANDOM_China_1002,MEM_RANDOM,1002
TRD_MEM_RANDOM_1003_China_China_0003,China,601318.SS,2024-04-10,2024-01-03,2024-04-11,63,atr_chandelier_stop,34.64,34.26,914,31.66,31.31,-415.95,-0.0131,0,MEM_RANDOM_China_1003,MEM_RANDOM,1003
TRD_MEM_RANDOM_1001_China_China_0006,China,600519.SS,2024-06-11,2024-04-11,2024-06-12,40,atr_chandelier_stop,1490.35,1426.64,22,32.79,31.39,-1465.75,-0.0447,0,MEM_RANDOM_China_1001,MEM_RANDOM,1001
TRD_MEM_RANDOM_1002_China_China_0006,China,600519.SS,2024-06-11,2024-04-11,2024-06-12,40,atr_chandelier_stop,1490.35,1426.64,22,32.79,31.39,-1465.75,-0.0447,0,MEM_RANDOM_China_1002,MEM_RANDOM,1002
TRD_MEM_RANDOM_1003_China_China_0006,China,600519.SS,2024-06-11,2024-04-11,2024-06-12,40,atr_chandelier_stop,1490.35,1426.64,22,32.79,31.39,-1465.75,-0.0447,0,MEM_RANDOM_China_1003,MEM_RANDOM,1003
TRD_MEM_RANDOM_1001_China_China_0005,China,002415.SZ,2024-07-02,2024-04-11,2024-07-03,55,atr_chandelier_stop,28.05,27.97,1207,33.86,33.77,-162.71,-0.0048,0,MEM_RANDOM_China_1001,MEM_RANDOM,1001
TRD_MEM_RANDOM_1002_China_China_0004,China,002415.SZ,2024-07-02,2024-04-11,2024-07-03,55,atr_chandelier_stop,28.05,27.97,1207,33.86,33.77,-162.71,-0.0048,0,MEM_RANDOM_China_1002,MEM_RANDOM,1002
TRD_MEM_RANDOM_1003_China_China_0005,China,002415.SZ,2024-07-02,2024-04-11,2024-07-03,55,atr_chandelier_stop,28.05,27.97,1207,33.86,33.77,-162.71,-0.0048,0,MEM_RANDOM_China_1003,MEM_RANDOM,1003
TRD_MEM_RANDOM_1001_China_China_0004,China,600887.SS,2024-07-08,2024-04-11,2024-07-09,59,atr_chandelier_stop,23.63,22.88,1433,33.86,32.79,-1132.52,-0.0334,0,MEM_RANDOM_China_1001,MEM_RANDOM,1001
TRD_MEM_RANDOM_1002_China_China_0005,China,600887.SS,2024-07-08,2024-04-11,2024-07-09,59,atr_chandelier_stop,23.63,22.88,1433,33.86,32.79,-1132.52,-0.0334,0,MEM_RANDOM_China_1002,MEM_RANDOM,1002
TRD_MEM_RANDOM_1003_China_China_0004,China,600887.SS,2024-07-08,2024-04-11,2024-07-09,59,atr_chandelier_stop,23.63,22.88,1433,33.86,32.79,-1132.52,-0.0334,0,MEM_RANDOM_China_1003,MEM_RANDOM,1003
TRD_MEM_RANDOM_1001_China_China_0007,China,600519.SS,2024-07-30,2024-06-12,2024-07-31,35,atr_chandelier_stop,1426.64,1273.56,24,34.24,30.57,-3738.62,-0.1091,0,MEM_RANDOM_China_1001,MEM_RANDOM,1001
TRD_MEM_RANDOM_1002_China_China_0007,China,600519.SS,2024-07-30,2024-06-12,2024-07-31,35,atr_chandelier_stop,1426.64,1273.56,24,34.24,30.57,-3738.62,-0.1091,0,MEM_RANDOM_China_1002,MEM_RANDOM,1002
TRD_MEM_RANDOM_1003_China_China_0007,China,600519.SS,2024-07-30,2024-06-12,2024-07-31,35,atr_chandelier_stop,1426.64,1273.56,24,34.24,30.57,-3738.62,-0.1091,0,MEM_RANDOM_China_1003,MEM_RANDOM,1003
TRD_MEM_RANDOM_1002_China_China_0009,China,002415.SZ,2024-08-09,2024-07-09,2024-08-12,24,atr_chandelier_stop,27.09,25.14,1169,31.67,29.39,-2338.84,-0.0738,0,MEM_RANDOM_China_1002,MEM_RANDOM,1002
TRD_MEM_RANDOM_1001_China_China_0009,China,600887.SS,2024-08-20,2024-07-09,2024-08-21,31,atr_chandelier_stop,22.88,21.44,1384,31.67,29.68,-2055.01,-0.0648,0,MEM_RANDOM_China_1001,MEM_RANDOM,1001
TRD_MEM_RANDOM_1003_China_China_0009,China,600887.SS,2024-08-20,2024-07-09,2024-08-21,31,atr_chandelier_stop,22.88,21.44,1384,31.67,29.68,-2055.01,-0.0648,0,MEM_RANDOM_China_1003,MEM_RANDOM,1003
TRD_MEM_RANDOM_1001_China_China_0010,China,002415.SZ,2024-08-27,2024-07-31,2024-08-28,20,atr_chandelier_stop,26.44,24.2,1193,31.55,28.87,-2739.16,-0.0867,0,MEM_RANDOM_China_1001,MEM_RANDOM,1001
TRD_MEM_RANDOM_1001_China_China_0011,China,600036.SS,2024-09-09,2024-08-21,2024-09-10,14,atr_chandelier_stop,30.28,27.51,1009,30.55,27.76,-2856.87,-0.0934,0,MEM_RANDOM_China_1001,MEM_RANDOM,1001
TRD_MEM_RANDOM_1003_China_China_0011,China,600036.SS,2024-09-09,2024-08-21,2024-09-10,14,atr_chandelier_stop,30.28,27.51,1041,31.52,28.64,-2947.47,-0.0934,0,MEM_RANDOM_China_1003,MEM_RANDOM,1003
TRD_MEM_RANDOM_1001_China_China_0012,China,600519.SS,2024-09-18,2024-08-28,2024-09-19,14,atr_chandelier_stop,1302.29,1170.52,23,29.95,26.92,-3087.61,-0.103,0,MEM_RANDOM_China_1001,MEM_RANDOM,1001
TRD_MEM_RANDOM_1001_China_China_0008,China,601318.SS,2024-10-08,2024-07-03,2024-10-09,63,max_horizon,37.02,54.58,885,32.76,48.31,15462.82,0.4715,1,MEM_RANDOM_China_1001,MEM_RANDOM,1001
TRD_MEM_RANDOM_1002_China_China_0008,China,601318.SS,2024-10-08,2024-07-03,2024-10-09,63,max_horizon,37.02,54.58,885,32.76,48.31,15462.82,0.4715,1,MEM_RANDOM_China_1002,MEM_RANDOM,1002
TRD_MEM_RANDOM_1003_China_China_0008,China,601318.SS,2024-10-08,2024-07-03,2024-10-09,63,max_horizon,37.02,54.58,885,32.76,48.31,15462.82,0.4715,1,MEM_RANDOM_China_1003,MEM_RANDOM,1003
TRD_MEM_RANDOM_1003_China_China_0012,China,000725.SZ,2024-10-11,2024-09-10,2024-10-14,17,atr_chandelier_stop,3.71,4.12,8208,30.46,33.84,3311.34,0.1086,1,MEM_RANDOM_China_1003,MEM_RANDOM,1003
TRD_MEM_RANDOM_1002_China_China_0011,China,002415.SZ,2024-10-11,2024-08-12,2024-10-14,38,atr_chandelier_stop,25.14,27.49,1245,31.31,34.23,2857.04,0.0912,1,MEM_RANDOM_China_1002,MEM_RANDOM,1002
TRD_MEM_RANDOM_1001_China_China_0013,China,600196.SS,2024-10-11,2024-09-13,2024-10-14,14,atr_chandelier_stop,21.74,25.0,1344,29.22,33.6,4323.8,0.1478,1,MEM_RANDOM_China_1001,MEM_RANDOM,1001
TRD_MEM_RANDOM_1002_China_China_0010,China,600196.SS,2024-10-11,2024-07-31,2024-10-14,46,atr_chandelier_stop,21.89,25.0,1446,31.65,36.16,4441.45,0.1402,1,MEM_RANDOM_China_1002,MEM_RANDOM,1002
TRD_MEM_RANDOM_1003_China_China_0010,China,600196.SS,2024-10-11,2024-07-31,2024-10-14,46,atr_chandelier_stop,21.89,25.0,1442,31.56,36.05,4429.16,0.1402,1,MEM_RANDOM_China_1003,MEM_RANDOM,1003
TRD_MEM_RANDOM_1001_China_China_0015,China,600309.SS,2024-10-16,2024-10-09,2024-10-17,6,atr_chandelier_stop,89.33,76.82,407,36.36,31.27,-5157.51,-0.1417,0,MEM_RANDOM_China_1001,MEM_RANDOM,1001
TRD_MEM_RANDOM_1001_China_China_0014,China,000333.SZ,2024-11-18,2024-10-09,2024-11-19,29,atr_chandelier_stop,70.69,64.07,514,36.34,32.93,-3475.86,-0.0956,0,MEM_RANDOM_China_1001,MEM_RANDOM,1001
TRD_MEM_RANDOM_1002_China_China_0012,China,000333.SZ,2024-11-18,2024-10-09,2024-11-19,29,atr_chandelier_stop,70.69,64.07,589,41.64,37.74,-3983.04,-0.0956,0,MEM_RANDOM_China_1002,MEM_RANDOM,1002
TRD_MEM_RANDOM_1003_China_China_0013,China,000333.SZ,2024-11-18,2024-10-09,2024-11-19,29,atr_chandelier_stop,70.69,64.07,575,40.65,36.84,-3888.37,-0.0956,0,MEM_RANDOM_China_1003,MEM_RANDOM,1003
TRD_MEM_RANDOM_1003_China_China_0014,China,000725.SZ,2024-11-25,2024-10-14,2024-11-26,31,atr_chandelier_stop,4.12,4.1,8996,37.09,36.91,-250.17,-0.0067,0,MEM_RANDOM_China_1003,MEM_RANDOM,1003
TRD_MEM_RANDOM_1002_China_China_0013,China,002415.SZ,2024-11-25,2024-10-14,2024-11-26,31,atr_chandelier_stop,27.49,27.46,1376,37.83,37.79,-113.92,-0.003,0,MEM_RANDOM_China_1002,MEM_RANDOM,1002
TRD_MEM_RANDOM_1001_China_China_0017,China,600309.SS,2024-11-25,2024-10-17,2024-11-26,28,atr_chandelier_stop,76.82,70.61,422,32.42,29.8,-2684.57,-0.0827,0,MEM_RANDOM_China_1001,MEM_RANDOM,1001
TRD_MEM_RANDOM_1003_China_China_0015,China,002594.SZ,2024-11-28,2024-10-14,2024-11-29,34,atr_chandelier_stop,98.78,89.59,375,37.04,33.6,-3515.26,-0.0948,0,MEM_RANDOM_China_1003,MEM_RANDOM,1003
TRD_MEM_RANDOM_1001_China_China_0019,China,000333.SZ,2024-12-31,2024-11-26,2024-12-31,25,calendar_end,63.22,67.83,475,30.03,32.22,2126.44,0.0707,1,MEM_RANDOM_China_1001,MEM_RANDOM,1001
TRD_MEM_RANDOM_1002_China_China_0016,China,000333.SZ,2024-12-31,2024-11-26,2024-12-31,25,calendar_end,63.22,67.83,565,35.72,38.32,2529.35,0.0707,1,MEM_RANDOM_China_1002,MEM_RANDOM,1002
TRD_MEM_RANDOM_1003_China_China_0017,China,000333.SZ,2024-12-31,2024-11-26,2024-12-31,25,calendar_end,63.22,67.83,557,35.21,37.78,2493.53,0.0707,1,MEM_RANDOM_China_1003,MEM_RANDOM,1003
TRD_MEM_RANDOM_1001_China_China_0016,China,600036.SS,2024-12-31,2024-10-14,2024-12-31,56,calendar_end,35.47,35.74,930,32.99,33.24,179.04,0.0054,1,MEM_RANDOM_China_1001,MEM_RANDOM,1001
TRD_MEM_RANDOM_1002_China_China_0014,China,600036.SS,2024-12-31,2024-10-14,2024-12-31,56,calendar_end,35.47,35.74,1066,37.82,38.1,205.22,0.0054,1,MEM_RANDOM_China_1002,MEM_RANDOM,1002
TRD_MEM_RANDOM_1003_China_China_0018,China,600036.SS,2024-12-31,2024-11-29,2024-12-31,22,calendar_end,33.27,35.74,1048,34.87,37.45,2510.38,0.0719,1,MEM_RANDOM_China_1003,MEM_RANDOM,1003
TRD_MEM_RANDOM_1001_China_China_0018,China,600196.SS,2024-12-31,2024-11-19,2024-12-31,30,calendar_end,25.94,24.14,1199,31.1,28.94,-2214.72,-0.0711,0,MEM_RANDOM_China_1001,MEM_RANDOM,1001
TRD_MEM_RANDOM_1002_China_China_0015,China,600196.SS,2024-12-31,2024-11-19,2024-12-31,30,calendar_end,25.94,24.14,1424,36.93,34.37,-2630.33,-0.0711,0,MEM_RANDOM_China_1002,MEM_RANDOM,1002
TRD_MEM_RANDOM_1003_China_China_0016,China,600196.SS,2024-12-31,2024-11-19,2024-12-31,30,calendar_end,25.94,24.14,1397,36.23,33.72,-2580.45,-0.0711,0,MEM_RANDOM_China_1003,MEM_RANDOM,1003
TRD_MEM_RANDOM_1001_France_France_0003,France,EL.PA,2024-04-02,2024-01-03,2024-04-03,63,max_horizon,166.95,192.35,189,31.55,36.35,4731.6,0.1498,1,MEM_RANDOM_France_1001,MEM_RANDOM,1001
TRD_MEM_RANDOM_1002_France_France_0003,France,EL.PA,2024-04-02,2024-01-03,2024-04-03,63,max_horizon,166.95,192.35,189,31.55,36.35,4731.6,0.1498,1,MEM_RANDOM_France_1002,MEM_RANDOM,1002
TRD_MEM_RANDOM_1003_France_France_0003,France,EL.PA,2024-04-02,2024-01-03,2024-04-03,63,max_horizon,166.95,192.35,189,31.55,36.35,4731.6,0.1498,1,MEM_RANDOM_France_1003,MEM_RANDOM,1003
TRD_MEM_RANDOM_1001_France_France_0001,France,ML.PA,2024-04-02,2024-01-03,2024-04-03,63,max_horizon,28.76,31.07,1101,31.66,34.21,2480.89,0.0783,1,MEM_RANDOM_France_1001,MEM_RANDOM,1001
TRD_MEM_RANDOM_1002_France_France_0001,France,ML.PA,2024-04-02,2024-01-03,2024-04-03,63,max_horizon,28.76,31.07,1101,31.66,34.21,2480.89,0.0783,1,MEM_RANDOM_France_1002,MEM_RANDOM,1002
TRD_MEM_RANDOM_1003_France_France_0001,France,ML.PA,2024-04-02,2024-01-03,2024-04-03,63,max_horizon,28.76,31.07,1101,31.66,34.21,2480.89,0.0783,1,MEM_RANDOM_France_1003,MEM_RANDOM,1003
TRD_MEM_RANDOM_1001_France_France_0002,France,OR.PA,2024-04-02,2024-01-03,2024-04-03,63,max_horizon,421.12,409.26,75,31.58,30.69,-951.67,-0.0301,0,MEM_RANDOM_France_1001,MEM_RANDOM,1001
TRD_MEM_RANDOM_1002_France_France_0002,France,OR.PA,2024-04-02,2024-01-03,2024-04-03,63,max_horizon,421.12,409.26,75,31.58,30.69,-951.67,-0.0301,0,MEM_RANDOM_France_1002,MEM_RANDOM,1002
TRD_MEM_RANDOM_1003_France_France_0002,France,OR.PA,2024-04-02,2024-01-03,2024-04-03,63,max_horizon,421.12,409.26,75,31.58,30.69,-951.67,-0.0301,0,MEM_RANDOM_France_1003,MEM_RANDOM,1003
TRD_MEM_RANDOM_1001_France_France_0005,France,AI.PA,2024-07-01,2024-04-03,2024-07-02,63,max_horizon,149.55,141.65,225,33.65,31.87,-1842.65,-0.0547,0,MEM_RANDOM_France_1001,MEM_RANDOM,1001
TRD_MEM_RANDOM_1002_France_France_0005,France,AI.PA,2024-07-01,2024-04-03,2024-07-02,63,max_horizon,149.55,141.65,225,33.65,31.87,-1842.65,-0.0547,0,MEM_RANDOM_France_1002,MEM_RANDOM,1002
TRD_MEM_RANDOM_1003_France_France_0005,France,AI.PA,2024-07-01,2024-04-03,2024-07-02,63,max_horizon,149.55,141.65,225,33.65,31.87,-1842.65,-0.0547,0,MEM_RANDOM_France_1003,MEM_RANDOM,1003
TRD_MEM_RANDOM_1001_France_France_0004,France,EL.PA,2024-07-01,2024-04-03,2024-07-02,63,max_horizon,192.35,192.3,175,33.66,33.65,-74.81,-0.0022,0,MEM_RANDOM_France_1001,MEM_RANDOM,1001
TRD_MEM_RANDOM_1002_France_France_0004,France,EL.PA,2024-07-01,2024-04-03,2024-07-02,63,max_horizon,192.35,192.3,175,33.66,33.65,-74.81,-0.0022,0,MEM_RANDOM_France_1002,MEM_RANDOM,1002
TRD_MEM_RANDOM_1003_France_France_0004,France,EL.PA,2024-07-01,2024-04-03,2024-07-02,63,max_horizon,192.35,192.3,175,33.66,33.65,-74.81,-0.0022,0,MEM_RANDOM_France_1003,MEM_RANDOM,1003
TRD_MEM_RANDOM_1001_France_France_0006,France,ML.PA,2024-07-01,2024-04-03,2024-07-02,63,max_horizon,31.07,32.54,1083,33.65,35.24,1516.57,0.045,1,MEM_RANDOM_France_1001,MEM_RANDOM,1001
TRD_MEM_RANDOM_1002_France_France_0006,France,ML.PA,2024-07-01,2024-04-03,2024-07-02,63,max_horizon,31.07,32.54,1083,33.65,35.24,1516.57,0.045,1,MEM_RANDOM_France_1002,MEM_RANDOM,1002
TRD_MEM_RANDOM_1003_France_France_0006,France,ML.PA,2024-07-01,2024-04-03,2024-07-02,63,max_horizon,31.07,32.54,1083,33.65,35.24,1516.57,0.045,1,MEM_RANDOM_France_1003,MEM_RANDOM,1003
TRD_MEM_RANDOM_1001_France_France_0009,France,EL.PA,2024-09-26,2024-07-02,2024-09-27,63,max_horizon,192.3,201.53,176,33.85,35.47,1555.27,0.0459,1,MEM_RANDOM_France_1001,MEM_RANDOM,1001
TRD_MEM_RANDOM_1002_France_France_0009,France,EL.PA,2024-09-26,2024-07-02,2024-09-27,63,max_horizon,192.3,201.53,176,33.85,35.47,1555.27,0.0459,1,MEM_RANDOM_France_1002,MEM_RANDOM,1002
TRD_MEM_RANDOM_1003_France_France_0009,France,EL.PA,2024-09-26,2024-07-02,2024-09-27,63,max_horizon,192.3,201.53,176,33.85,35.47,1555.27,0.0459,1,MEM_RANDOM_France_1003,MEM_RANDOM,1003
TRD_MEM_RANDOM_1001_France_France_0008,France,ML.PA,2024-09-26,2024-07-02,2024-09-27,63,max_horizon,32.54,33.79,1042,33.9,35.21,1233.36,0.0363,1,MEM_RANDOM_France_1001,MEM_RANDOM,1001
TRD_MEM_RANDOM_1002_France_France_0008,France,ML.PA,2024-09-26,2024-07-02,2024-09-27,63,max_horizon,32.54,33.79,1042,33.9,35.21,1233.36,0.0363,1,MEM_RANDOM_France_1002,MEM_RANDOM,1002
TRD_MEM_RANDOM_1003_France_France_0008,France,ML.PA,2024-09-26,2024-07-02,2024-09-27,63,max_horizon,32.54,33.79,1042,33.9,35.21,1233.36,0.0363,1,MEM_RANDOM_France_1003,MEM_RANDOM,1003
TRD_MEM_RANDOM_1001_France_France_0007,France,RI.PA,2024-09-26,2024-07-02,2024-09-27,63,max_horizon,110.25,122.81,307,33.85,37.7,3782.93,0.1116,1,MEM_RANDOM_France_1001,MEM_RANDOM,1001
TRD_MEM_RANDOM_1002_France_France_0007,France,RI.PA,2024-09-26,2024-07-02,2024-09-27,63,max_horizon,110.25,122.81,307,33.85,37.7,3782.93,0.1116,1,MEM_RANDOM_France_1002,MEM_RANDOM,1002
TRD_MEM_RANDOM_1003_France_France_0007,France,RI.PA,2024-09-26,2024-07-02,2024-09-27,63,max_horizon,110.25,122.81,307,33.85,37.7,3782.93,0.1116,1,MEM_RANDOM_France_1003,MEM_RANDOM,1003
TRD_MEM_RANDOM_1001_France_France_0010,France,ML.PA,2024-10-24,2024-09-27,2024-10-25,20,atr_chandelier_stop,33.79,28.48,1053,35.58,29.99,-5649.85,-0.1586,0,MEM_RANDOM_France_1001,MEM_RANDOM,1001
TRD_MEM_RANDOM_1002_France_France_0010,France,ML.PA,2024-10-24,2024-09-27,2024-10-25,20,atr_chandelier_stop,33.79,28.48,1053,35.58,29.99,-5649.85,-0.1586,0,MEM_RANDOM_France_1002,MEM_RANDOM,1002
TRD_MEM_RANDOM_1003_France_France_0010,France,ML.PA,2024-10-24,2024-09-27,2024-10-25,20,atr_chandelier_stop,33.79,28.48,1053,35.58,29.99,-5649.85,-0.1586,0,MEM_RANDOM_France_1003,MEM_RANDOM,1003
TRD_MEM_RANDOM_1001_France_France_0011,France,DG.PA,2024-11-27,2024-09-27,2024-11-28,44,atr_chandelier_stop,100.72,90.89,353,35.55,32.08,-3539.02,-0.0994,0,MEM_RANDOM_France_1001,MEM_RANDOM,1001
TRD_MEM_RANDOM_1002_France_France_0011,France,DG.PA,2024-11-27,2024-09-27,2024-11-28,44,atr_chandelier_stop,100.72,90.89,353,35.55,32.08,-3539.02,-0.0994,0,MEM_RANDOM_France_1002,MEM_RANDOM,1002
TRD_MEM_RANDOM_1003_France_France_0011,France,DG.PA,2024-11-27,2024-09-27,2024-11-28,44,atr_chandelier_stop,100.72,90.89,353,35.55,32.08,-3539.02,-0.0994,0,MEM_RANDOM_France_1003,MEM_RANDOM,1003
TRD_MEM_RANDOM_1001_France_France_0012,France,EL.PA,2024-12-24,2024-09-27,2024-12-27,63,max_horizon,201.53,221.82,176,35.47,39.04,3496.19,0.0985,1,MEM_RANDOM_France_1001,MEM_RANDOM,1001
TRD_MEM_RANDOM_1002_France_France_0012,France,EL.PA,2024-12-24,2024-09-27,2024-12-27,63,max_horizon,201.53,221.82,176,35.47,39.04,3496.19,0.0985,1,MEM_RANDOM_France_1002,MEM_RANDOM,1002
TRD_MEM_RANDOM_1003_France_France_0012,France,EL.PA,2024-12-24,2024-09-27,2024-12-27,63,max_horizon,201.53,221.82,176,35.47,39.04,3496.19,0.0985,1,MEM_RANDOM_France_1003,MEM_RANDOM,1003
TRD_MEM_RANDOM_1001_France_France_0013,France,AI.PA,2024-12-31,2024-10-25,2024-12-31,45,calendar_end,146.53,137.19,231,33.85,31.69,-2222.43,-0.0656,0,MEM_RANDOM_France_1001,MEM_RANDOM,1001
TRD_MEM_RANDOM_1002_France_France_0013,France,AI.PA,2024-12-31,2024-10-25,2024-12-31,45,calendar_end,146.53,137.19,231,33.85,31.69,-2222.43,-0.0656,0,MEM_RANDOM_France_1002,MEM_RANDOM,1002
TRD_MEM_RANDOM_1003_France_France_0013,France,AI.PA,2024-12-31,2024-10-25,2024-12-31,45,calendar_end,146.53,137.19,231,33.85,31.69,-2222.43,-0.0656,0,MEM_RANDOM_France_1003,MEM_RANDOM,1003
TRD_MEM_RANDOM_1002_France_France_0014,France,DG.PA,2024-12-31,2024-11-28,2024-12-31,21,calendar_end,90.89,93.03,363,32.99,33.77,711.99,0.0216,1,MEM_RANDOM_France_1002,MEM_RANDOM,1002
TRD_MEM_RANDOM_1003_France_France_0014,France,DG.PA,2024-12-31,2024-11-28,2024-12-31,21,calendar_end,90.89,93.03,363,32.99,33.77,711.99,0.0216,1,MEM_RANDOM_France_1003,MEM_RANDOM,1003
TRD_MEM_RANDOM_1001_France_France_0014,France,ML.PA,2024-12-31,2024-11-28,2024-12-31,21,calendar_end,28.28,29.23,1169,33.06,34.17,1039.43,0.0314,1,MEM_RANDOM_France_1001,MEM_RANDOM,1001
TRD_MEM_RANDOM_1001_India_India_0001,India,ASIANPAINT.NS,2024-01-23,2024-01-02,2024-01-24,15,atr_chandelier_stop,3293.25,2962.57,9,29.64,26.66,-3032.44,-0.1022,0,MEM_RANDOM_India_1001,MEM_RANDOM,1001
TRD_MEM_RANDOM_1002_India_India_0002,India,ASIANPAINT.NS,2024-01-23,2024-01-02,2024-01-24,15,atr_chandelier_stop,3293.25,2962.57,9,29.64,26.66,-3032.44,-0.1022,0,MEM_RANDOM_India_1002,MEM_RANDOM,1002
TRD_MEM_RANDOM_1003_India_India_0002,India,ASIANPAINT.NS,2024-01-23,2024-01-02,2024-01-24,15,atr_chandelier_stop,3293.25,2962.57,9,29.64,26.66,-3032.44,-0.1022,0,MEM_RANDOM_India_1003,MEM_RANDOM,1003
TRD_MEM_RANDOM_1001_India_India_0002,India,RELIANCE.NS,2024-04-04,2024-01-02,2024-04-05,63,max_horizon,1277.1,1443.47,24,30.65,34.64,3927.55,0.128,1,MEM_RANDOM_India_1001,MEM_RANDOM,1001
TRD_MEM_RANDOM_1002_India_India_0003,India,RELIANCE.NS,2024-04-04,2024-01-02,2024-04-05,63,max_horizon,1277.1,1443.47,24,30.65,34.64,3927.55,0.128,1,MEM_RANDOM_India_1002,MEM_RANDOM,1002
TRD_MEM_RANDOM_1003_India_India_0003,India,RELIANCE.NS,2024-04-04,2024-01-02,2024-04-05,63,max_horizon,1277.1,1443.47,24,30.65,34.64,3927.55,0.128,1,MEM_RANDOM_India_1003,MEM_RANDOM,1003
TRD_MEM_RANDOM_1001_India_India_0003,India,SUNPHARMA.NS,2024-04-04,2024-01-02,2024-04-05,63,max_horizon,1227.12,1576.65,25,30.68,39.42,8668.21,0.2823,1,MEM_RANDOM_India_1001,MEM_RANDOM,1001
TRD_MEM_RANDOM_1002_India_India_0001,India,SUNPHARMA.NS,2024-04-04,2024-01-02,2024-04-05,63,max_horizon,1227.12,1576.65,25,30.68,39.42,8668.21,0.2823,1,MEM_RANDOM_India_1002,MEM_RANDOM,1002
TRD_MEM_RANDOM_1003_India_India_0001,India,SUNPHARMA.NS,2024-04-04,2024-01-02,2024-04-05,63,max_horizon,1227.12,1576.65,25,30.68,39.42,8668.21,0.2823,1,MEM_RANDOM_India_1003,MEM_RANDOM,1003
TRD_MEM_RANDOM_1001_India_India_0004,India,MARUTI.NS,2024-04-29,2024-01-24,2024-04-30,63,max_horizon,9567.07,12406.14,3,28.7,37.22,8451.3,0.2942,1,MEM_RANDOM_India_1001,MEM_RANDOM,1001
TRD_MEM_RANDOM_1002_India_India_0004,India,MARUTI.NS,2024-04-29,2024-01-24,2024-04-30,63,max_horizon,9567.07,12406.14,3,28.7,37.22,8451.3,0.2942,1,MEM_RANDOM_India_1002,MEM_RANDOM,1002
TRD_MEM_RANDOM_1003_India_India_0004,India,MARUTI.NS,2024-04-29,2024-01-24,2024-04-30,63,max_horizon,9567.07,12406.14,3,28.7,37.22,8451.3,0.2942,1,MEM_RANDOM_India_1003,MEM_RANDOM,1003
TRD_MEM_RANDOM_1001_India_India_0006,India,ASIANPAINT.NS,2024-07-09,2024-04-05,2024-07-10,63,max_horizon,2835.53,2839.52,13,36.86,36.91,-21.97,-0.0006,0,MEM_RANDOM_India_1001,MEM_RANDOM,1001
TRD_MEM_RANDOM_1002_India_India_0006,India,ASIANPAINT.NS,2024-07-09,2024-04-05,2024-07-10,63,max_horizon,2835.53,2839.52,13,36.86,36.91,-21.97,-0.0006,0,MEM_RANDOM_India_1002,MEM_RANDOM,1002
TRD_MEM_RANDOM_1003_India_India_0006,India,ASIANPAINT.NS,2024-07-09,2024-04-05,2024-07-10,63,max_horizon,2835.53,2839.52,13,36.86,36.91,-21.97,-0.0006,0,MEM_RANDOM_India_1003,MEM_RANDOM,1003
TRD_MEM_RANDOM_1001_India_India_0005,India,ICICIBANK.NS,2024-07-09,2024-04-05,2024-07-10,63,max_horizon,1043.94,1222.24,35,36.54,42.78,6161.17,0.1685,1,MEM_RANDOM_India_1001,MEM_RANDOM,1001
TRD_MEM_RANDOM_1002_India_India_0005,India,ICICIBANK.NS,2024-07-09,2024-04-05,2024-07-10,63,max_horizon,1043.94,1222.24,35,36.54,42.78,6161.17,0.1685,1,MEM_RANDOM_India_1002,MEM_RANDOM,1002
TRD_MEM_RANDOM_1003_India_India_0005,India,ICICIBANK.NS,2024-07-09,2024-04-05,2024-07-10,63,max_horizon,1043.94,1222.24,35,36.54,42.78,6161.17,0.1685,1,MEM_RANDOM_India_1003,MEM_RANDOM,1003
TRD_MEM_RANDOM_1001_India_India_0007,India,TCS.NS,2024-07-31,2024-04-30,2024-08-01,63,max_horizon,3563.09,4087.31,10,35.63,40.87,5165.69,0.1448,1,MEM_RANDOM_India_1001,MEM_RANDOM,1001
TRD_MEM_RANDOM_1002_India_India_0007,India,TCS.NS,2024-07-31,2024-04-30,2024-08-01,63,max_horizon,3563.09,4087.31,10,35.63,40.87,5165.69,0.1448,1,MEM_RANDOM_India_1002,MEM_RANDOM,1002
TRD_MEM_RANDOM_1003_India_India_0007,India,TCS.NS,2024-07-31,2024-04-30,2024-08-01,63,max_horizon,3563.09,4087.31,10,35.63,40.87,5165.69,0.1448,1,MEM_RANDOM_India_1003,MEM_RANDOM,1003
TRD_MEM_RANDOM_1001_India_India_0008,India,ASIANPAINT.NS,2024-10-09,2024-07-10,2024-10-10,63,max_horizon,2839.52,3025.55,13,36.91,39.33,2342.19,0.0634,1,MEM_RANDOM_India_1001,MEM_RANDOM,1001
TRD_MEM_RANDOM_1002_India_India_0008,India,ASIANPAINT.NS,2024-10-09,2024-07-10,2024-10-10,63,max_horizon,2839.52,3025.55,13,36.91,39.33,2342.19,0.0634,1,MEM_RANDOM_India_1002,MEM_RANDOM,1002
TRD_MEM_RANDOM_1003_India_India_0008,India,ASIANPAINT.NS,2024-10-09,2024-07-10,2024-10-10,63,max_horizon,2839.52,3025.55,13,36.91,39.33,2342.19,0.0634,1,MEM_RANDOM_India_1003,MEM_RANDOM,1003
TRD_MEM_RANDOM_1001_India_India_0009,India,HCLTECH.NS,2024-10-09,2024-07-10,2024-10-10,63,max_horizon,1402.36,1679.75,28,39.27,47.03,7680.62,0.1954,1,MEM_RANDOM_India_1001,MEM_RANDOM,1001
TRD_MEM_RANDOM_1002_India_India_0009,India,HCLTECH.NS,2024-10-09,2024-07-10,2024-10-10,63,max_horizon,1402.36,1679.75,28,39.27,47.03,7680.62,0.1954,1,MEM_RANDOM_India_1002,MEM_RANDOM,1002
TRD_MEM_RANDOM_1003_India_India_0009,India,HCLTECH.NS,2024-10-09,2024-07-10,2024-10-10,63,max_horizon,1402.36,1679.75,28,39.27,47.03,7680.62,0.1954,1,MEM_RANDOM_India_1003,MEM_RANDOM,1003
TRD_MEM_RANDOM_1001_India_India_0010,India,EICHERMOT.NS,2024-10-30,2024-08-01,2024-10-31,63,max_horizon,4802.81,4756.86,8,38.42,38.05,-444.06,-0.0115,0,MEM_RANDOM_India_1001,MEM_RANDOM,1001
TRD_MEM_RANDOM_1002_India_India_0010,India,EICHERMOT.NS,2024-10-30,2024-08-01,2024-10-31,63,max_horizon,4802.81,4756.86,8,38.42,38.05,-444.06,-0.0115,0,MEM_RANDOM_India_1002,MEM_RANDOM,1002
TRD_MEM_RANDOM_1003_India_India_0010,India,EICHERMOT.NS,2024-10-30,2024-08-01,2024-10-31,63,max_horizon,4802.81,4756.86,8,38.42,38.05,-444.06,-0.0115,0,MEM_RANDOM_India_1003,MEM_RANDOM,1003
TRD_MEM_RANDOM_1001_India_India_0012,India,SUNPHARMA.NS,2024-11-28,2024-10-10,2024-11-29,34,atr_chandelier_stop,1894.44,1711.15,22,41.68,37.65,-4111.89,-0.0986,0,MEM_RANDOM_India_1001,MEM_RANDOM,1001
TRD_MEM_RANDOM_1002_India_India_0011,India,SUNPHARMA.NS,2024-11-28,2024-10-10,2024-11-29,34,atr_chandelier_stop,1894.44,1711.15,22,41.68,37.65,-4111.89,-0.0986,0,MEM_RANDOM_India_1002,MEM_RANDOM,1002
TRD_MEM_RANDOM_1003_India_India_0011,India,SUNPHARMA.NS,2024-11-28,2024-10-10,2024-11-29,34,atr_chandelier_stop,1894.44,1711.15,22,41.68,37.65,-4111.89,-0.0986,0,MEM_RANDOM_India_1003,MEM_RANDOM,1003
TRD_MEM_RANDOM_1002_India_India_0014,India,BHARTIARTL.NS,2024-12-31,2024-11-29,2024-12-31,21,calendar_end,1519.17,1555.02,28,42.54,43.54,917.59,0.0216,1,MEM_RANDOM_India_1002,MEM_RANDOM,1002
TRD_MEM_RANDOM_1001_India_India_0013,India,HCLTECH.NS,2024-12-31,2024-10-31,2024-12-31,40,calendar_end,1709.34,1781.24,25,42.73,44.53,1710.33,0.04,1,MEM_RANDOM_India_1001,MEM_RANDOM,1001
TRD_MEM_RANDOM_1002_India_India_0013,India,HCLTECH.NS,2024-12-31,2024-10-31,2024-12-31,40,calendar_end,1709.34,1781.24,25,42.73,44.53,1710.33,0.04,1,MEM_RANDOM_India_1002,MEM_RANDOM,1002
TRD_MEM_RANDOM_1003_India_India_0013,India,HCLTECH.NS,2024-12-31,2024-10-31,2024-12-31,40,calendar_end,1709.34,1781.24,25,42.73,44.53,1710.33,0.04,1,MEM_RANDOM_India_1003,MEM_RANDOM,1003
TRD_MEM_RANDOM_1001_India_India_0014,India,PIDILITIND.NS,2024-12-31,2024-11-29,2024-12-31,21,calendar_end,1501.31,1431.92,28,42.04,40.09,-2025.2,-0.0481,0,MEM_RANDOM_India_1001,MEM_RANDOM,1001
TRD_MEM_RANDOM_1003_India_India_0014,India,SUNPHARMA.NS,2024-12-31,2024-11-29,2024-12-31,21,calendar_end,1711.15,1851.98,24,41.07,44.45,3294.55,0.0801,1,MEM_RANDOM_India_1003,MEM_RANDOM,1003
TRD_MEM_RANDOM_1001_India_India_0011,India,TCS.NS,2024-12-31,2024-10-10,2024-12-31,55,calendar_end,3951.53,3813.6,11,43.47,41.95,-1602.63,-0.0368,0,MEM_RANDOM_India_1001,MEM_RANDOM,1001
TRD_MEM_RANDOM_1002_India_India_0012,India,TCS.NS,2024-12-31,2024-10-10,2024-12-31,55,calendar_end,3951.53,3813.6,11,43.47,41.95,-1602.63,-0.0368,0,MEM_RANDOM_India_1002,MEM_RANDOM,1002
TRD_MEM_RANDOM_1003_India_India_0012,India,TCS.NS,2024-12-31,2024-10-10,2024-12-31,55,calendar_end,3951.53,3813.6,11,43.47,41.95,-1602.63,-0.0368,0,MEM_RANDOM_India_1003,MEM_RANDOM,1003
TRD_MEM_RANDOM_1002_UK_UK_0003,UK,CPG.L,2024-04-02,2024-01-03,2024-04-03,63,max_horizon,25.79,27.22,1227,31.64,33.4,1687.07,0.0533,1,MEM_RANDOM_UK_1002,MEM_RANDOM,1002
TRD_MEM_RANDOM_1003_UK_UK_0003,UK,CPG.L,2024-04-02,2024-01-03,2024-04-03,63,max_horizon,25.79,27.22,1227,31.64,33.4,1687.07,0.0533,1,MEM_RANDOM_UK_1003,MEM_RANDOM,1003
TRD_MEM_RANDOM_1001_UK_UK_0001,UK,LSEG.L,2024-04-02,2024-01-03,2024-04-03,63,max_horizon,9128.06,9393.95,3,27.38,28.18,742.09,0.0271,1,MEM_RANDOM_UK_1001,MEM_RANDOM,1001
TRD_MEM_RANDOM_1002_UK_UK_0001,UK,LSEG.L,2024-04-02,2024-01-03,2024-04-03,63,max_horizon,9128.06,9393.95,3,27.38,28.18,742.09,0.0271,1,MEM_RANDOM_UK_1002,MEM_RANDOM,1002
TRD_MEM_RANDOM_1003_UK_UK_0001,UK,LSEG.L,2024-04-02,2024-01-03,2024-04-03,63,max_horizon,9128.06,9393.95,3,27.38,28.18,742.09,0.0271,1,MEM_RANDOM_UK_1003,MEM_RANDOM,1003
TRD_MEM_RANDOM_1001_UK_UK_0003,UK,REL.L,2024-04-02,2024-01-03,2024-04-03,63,max_horizon,3066.16,3345.99,10,30.66,33.46,2734.2,0.0891,1,MEM_RANDOM_UK_1001,MEM_RANDOM,1001
TRD_MEM_RANDOM_1001_UK_UK_0002,UK,SGE.L,2024-04-02,2024-01-03,2024-04-03,63,max_horizon,1160.84,1245.43,27,31.34,33.63,2218.93,0.0707,1,MEM_RANDOM_UK_1001,MEM_RANDOM,1001
TRD_MEM_RANDOM_1002_UK_UK_0002,UK,SGE.L,2024-04-02,2024-01-03,2024-04-03,63,max_horizon,1160.84,1245.43,27,31.34,33.63,2218.93,0.0707,1,MEM_RANDOM_UK_1002,MEM_RANDOM,1002
TRD_MEM_RANDOM_1003_UK_UK_0002,UK,SGE.L,2024-04-02,2024-01-03,2024-04-03,63,max_horizon,1160.84,1245.43,27,31.34,33.63,2218.93,0.0707,1,MEM_RANDOM_UK_1003,MEM_RANDOM,1003
TRD_MEM_RANDOM_1001_UK_UK_0005,UK,DGE.L,2024-05-28,2024-04-03,2024-05-29,38,atr_chandelier_stop,2931.34,2610.57,11,32.24,28.72,-3589.36,-0.1112,0,MEM_RANDOM_UK_1001,MEM_RANDOM,1001
TRD_MEM_RANDOM_1002_UK_UK_0005,UK,DGE.L,2024-05-28,2024-04-03,2024-05-29,38,atr_chandelier_stop,2931.34,2610.57,11,32.24,28.72,-3589.36,-0.1112,0,MEM_RANDOM_UK_1002,MEM_RANDOM,1002
TRD_MEM_RANDOM_1003_UK_UK_0005,UK,DGE.L,2024-05-28,2024-04-03,2024-05-29,38,atr_chandelier_stop,2931.34,2610.57,11,32.24,28.72,-3589.36,-0.1112,0,MEM_RANDOM_UK_1003,MEM_RANDOM,1003
TRD_MEM_RANDOM_1001_UK_UK_0006,UK,BA.L,2024-07-02,2024-04-03,2024-07-03,63,max_horizon,1327.79,1277.5,25,33.19,31.94,-1322.48,-0.0398,0,MEM_RANDOM_UK_1001,MEM_RANDOM,1001
TRD_MEM_RANDOM_1002_UK_UK_0006,UK,BA.L,2024-07-02,2024-04-03,2024-07-03,63,max_horizon,1327.79,1277.5,25,33.19,31.94,-1322.48,-0.0398,0,MEM_RANDOM_UK_1002,MEM_RANDOM,1002
TRD_MEM_RANDOM_1003_UK_UK_0006,UK,BA.L,2024-07-02,2024-04-03,2024-07-03,63,max_horizon,1327.79,1277.5,25,33.19,31.94,-1322.48,-0.0398,0,MEM_RANDOM_UK_1003,MEM_RANDOM,1003
TRD_MEM_RANDOM_1001_UK_UK_0004,UK,LSEG.L,2024-07-02,2024-04-03,2024-07-03,63,max_horizon,9393.95,9256.81,3,28.18,27.77,-467.36,-0.0166,0,MEM_RANDOM_UK_1001,MEM_RANDOM,1001
TRD_MEM_RANDOM_1002_UK_UK_0004,UK,LSEG.L,2024-07-02,2024-04-03,2024-07-03,63,max_horizon,9393.95,9256.81,3,28.18,27.77,-467.36,-0.0166,0,MEM_RANDOM_UK_1002,MEM_RANDOM,1002
TRD_MEM_RANDOM_1003_UK_UK_0004,UK,LSEG.L,2024-07-02,2024-04-03,2024-07-03,63,max_horizon,9393.95,9256.81,3,28.18,27.77,-467.36,-0.0166,0,MEM_RANDOM_UK_1003,MEM_RANDOM,1003
TRD_MEM_RANDOM_1001_UK_UK_0007,UK,AZN.L,2024-08-23,2024-05-29,2024-08-27,63,max_horizon,12046.66,13142.98,2,24.09,26.29,2142.26,0.0888,1,MEM_RANDOM_UK_1001,MEM_RANDOM,1001
TRD_MEM_RANDOM_1002_UK_UK_0007,UK,AZN.L,2024-08-23,2024-05-29,2024-08-27,63,max_horizon,12046.66,13142.98,2,24.09,26.29,2142.26,0.0888,1,MEM_RANDOM_UK_1002,MEM_RANDOM,1002
TRD_MEM_RANDOM_1003_UK_UK_0007,UK,AZN.L,2024-08-23,2024-05-29,2024-08-27,63,max_horizon,12046.66,13142.98,2,24.09,26.29,2142.26,0.0888,1,MEM_RANDOM_UK_1003,MEM_RANDOM,1003
TRD_MEM_RANDOM_1001_UK_UK_0009,UK,AUTO.L,2024-09-30,2024-07-03,2024-10-01,63,max_horizon,811.06,870.9,39,31.63,33.97,2268.2,0.0716,1,MEM_RANDOM_UK_1001,MEM_RANDOM,1001
TRD_MEM_RANDOM_1002_UK_UK_0009,UK,AUTO.L,2024-09-30,2024-07-03,2024-10-01,63,max_horizon,811.06,870.9,38,30.82,33.09,2210.05,0.0716,1,MEM_RANDOM_UK_1002,MEM_RANDOM,1002
TRD_MEM_RANDOM_1003_UK_UK_0009,UK,AUTO.L,2024-09-30,2024-07-03,2024-10-01,63,max_horizon,811.06,870.9,38,30.82,33.09,2210.05,0.0716,1,MEM_RANDOM_UK_1003,MEM_RANDOM,1003
TRD_MEM_RANDOM_1001_UK_UK_0008,UK,LSEG.L,2024-09-30,2024-07-03,2024-10-01,63,max_horizon,9256.81,10186.91,3,27.77,30.56,2731.96,0.0983,1,MEM_RANDOM_UK_1001,MEM_RANDOM,1001
TRD_MEM_RANDOM_1002_UK_UK_0008,UK,LSEG.L,2024-09-30,2024-07-03,2024-10-01,63,max_horizon,9256.81,10186.91,3,27.77,30.56,2731.96,0.0983,1,MEM_RANDOM_UK_1002,MEM_RANDOM,1002
TRD_MEM_RANDOM_1003_UK_UK_0008,UK,LSEG.L,2024-09-30,2024-07-03,2024-10-01,63,max_horizon,9256.81,10186.91,3,27.77,30.56,2731.96,0.0983,1,MEM_RANDOM_UK_1003,MEM_RANDOM,1003
TRD_MEM_RANDOM_1001_UK_UK_0010,UK,CPG.L,2024-11-21,2024-08-27,2024-11-22,63,max_horizon,30.32,32.1,1105,33.5,35.47,1901.68,0.0567,1,MEM_RANDOM_UK_1001,MEM_RANDOM,1001
TRD_MEM_RANDOM_1002_UK_UK_0010,UK,CPG.L,2024-11-21,2024-08-27,2024-11-22,63,max_horizon,30.32,32.1,1093,33.14,35.09,1881.03,0.0567,1,MEM_RANDOM_UK_1002,MEM_RANDOM,1002
TRD_MEM_RANDOM_1003_UK_UK_0010,UK,CPG.L,2024-11-21,2024-08-27,2024-11-22,63,max_horizon,30.32,32.1,1093,33.14,35.09,1881.03,0.0567,1,MEM_RANDOM_UK_1003,MEM_RANDOM,1003
TRD_MEM_RANDOM_1001_UK_UK_0013,UK,DGE.L,2024-12-17,2024-11-22,2024-12-18,18,atr_chandelier_stop,2348.71,2538.6,15,35.23,38.08,2775.12,0.0787,1,MEM_RANDOM_UK_1001,MEM_RANDOM,1001
TRD_MEM_RANDOM_1002_UK_UK_0013,UK,DGE.L,2024-12-17,2024-11-22,2024-12-18,18,atr_chandelier_stop,2348.71,2538.6,15,35.23,38.08,2775.12,0.0787,1,MEM_RANDOM_UK_1002,MEM_RANDOM,1002
TRD_MEM_RANDOM_1003_UK_UK_0013,UK,DGE.L,2024-12-17,2024-11-22,2024-12-18,18,atr_chandelier_stop,2348.71,2538.6,15,35.23,38.08,2775.12,0.0787,1,MEM_RANDOM_UK_1003,MEM_RANDOM,1003
TRD_MEM_RANDOM_1001_UK_UK_0011,UK,LSEG.L,2024-12-30,2024-10-01,2024-12-31,63,max_horizon,10186.91,11311.56,3,30.56,33.93,3309.48,0.1082,1,MEM_RANDOM_UK_1001,MEM_RANDOM,1001
TRD_MEM_RANDOM_1002_UK_UK_0011,UK,LSEG.L,2024-12-30,2024-10-01,2024-12-31,63,max_horizon,10186.91,11311.56,3,30.56,33.93,3309.48,0.1082,1,MEM_RANDOM_UK_1002,MEM_RANDOM,1002
TRD_MEM_RANDOM_1003_UK_UK_0011,UK,LSEG.L,2024-12-30,2024-10-01,2024-12-31,63,max_horizon,10186.91,11311.56,3,30.56,33.93,3309.48,0.1082,1,MEM_RANDOM_UK_1003,MEM_RANDOM,1003
TRD_MEM_RANDOM_1001_UK_UK_0012,UK,REL.L,2024-12-30,2024-10-01,2024-12-31,63,max_horizon,3532.51,3599.48,9,31.79,32.4,538.56,0.0169,1,MEM_RANDOM_UK_1001,MEM_RANDOM,1001
TRD_MEM_RANDOM_1002_UK_UK_0012,UK,REL.L,2024-12-30,2024-10-01,2024-12-31,63,max_horizon,3532.51,3599.48,9,31.79,32.4,538.56,0.0169,1,MEM_RANDOM_UK_1002,MEM_RANDOM,1002
TRD_MEM_RANDOM_1003_UK_UK_0012,UK,REL.L,2024-12-30,2024-10-01,2024-12-31,63,max_horizon,3532.51,3599.48,9,31.79,32.4,538.56,0.0169,1,MEM_RANDOM_UK_1003,MEM_RANDOM,1003
TRD_MEM_RANDOM_1001_UK_UK_0014,UK,AUTO.L,2024-12-31,2024-12-18,2024-12-31,7,calendar_end,807.92,792.73,31,25.05,24.57,-520.66,-0.0208,0,MEM_RANDOM_UK_1001,MEM_RANDOM,1001
TRD_MEM_RANDOM_1002_UK_UK_0014,UK,CPG.L,2024-12-31,2024-12-18,2024-12-31,7,calendar_end,32.93,32.33,755,24.86,24.41,-503.88,-0.0202,0,MEM_RANDOM_UK_1002,MEM_RANDOM,1002
TRD_MEM_RANDOM_1003_UK_UK_0014,UK,CPG.L,2024-12-31,2024-12-18,2024-12-31,7,calendar_end,32.93,32.33,755,24.86,24.41,-503.88,-0.0202,0,MEM_RANDOM_UK_1003,MEM_RANDOM,1003
TRD_MEM_RANDOM_1001_US_US_0001,US,LMT,2024-04-03,2024-01-03,2024-04-04,63,max_horizon,429.2,424.31,73,31.33,30.97,-419.22,-0.0134,0,MEM_RANDOM_US_1001,MEM_RANDOM,1001
TRD_MEM_RANDOM_1002_US_US_0002,US,LMT,2024-04-03,2024-01-03,2024-04-04,63,max_horizon,429.2,424.31,73,31.33,30.97,-419.22,-0.0134,0,MEM_RANDOM_US_1002,MEM_RANDOM,1002
TRD_MEM_RANDOM_1003_US_US_0002,US,LMT,2024-04-03,2024-01-03,2024-04-04,63,max_horizon,429.2,424.31,73,31.33,30.97,-419.22,-0.0134,0,MEM_RANDOM_US_1003,MEM_RANDOM,1003
TRD_MEM_RANDOM_1001_US_US_0003,US,MSFT,2024-04-03,2024-01-03,2024-04-04,63,max_horizon,361.3,416.88,87,31.43,36.27,4767.71,0.1515,1,MEM_RANDOM_US_1001,MEM_RANDOM,1001
TRD_MEM_RANDOM_1002_US_US_0003,US,MSFT,2024-04-03,2024-01-03,2024-04-04,63,max_horizon,361.3,416.88,87,31.43,36.27,4767.71,0.1515,1,MEM_RANDOM_US_1002,MEM_RANDOM,1002
TRD_MEM_RANDOM_1003_US_US_0003,US,MSFT,2024-04-03,2024-01-03,2024-04-04,63,max_horizon,361.3,416.88,87,31.43,36.27,4767.71,0.1515,1,MEM_RANDOM_US_1003,MEM_RANDOM,1003
TRD_MEM_RANDOM_1001_US_US_0002,US,V,2024-04-03,2024-01-03,2024-04-04,63,max_horizon,253.26,273.17,125,31.66,34.15,2423.32,0.0765,1,MEM_RANDOM_US_1001,MEM_RANDOM,1001
TRD_MEM_RANDOM_1002_US_US_0001,US,V,2024-04-03,2024-01-03,2024-04-04,63,max_horizon,253.26,273.17,125,31.66,34.15,2423.32,0.0765,1,MEM_RANDOM_US_1002,MEM_RANDOM,1002
TRD_MEM_RANDOM_1003_US_US_0001,US,V,2024-04-03,2024-01-03,2024-04-04,63,max_horizon,253.26,273.17,125,31.66,34.15,2423.32,0.0765,1,MEM_RANDOM_US_1003,MEM_RANDOM,1003
TRD_MEM_RANDOM_1001_US_US_0006,US,NOC,2024-06-10,2024-04-04,2024-06-11,47,atr_chandelier_stop,441.19,420.17,76,33.53,31.93,-1663.44,-0.0496,0,MEM_RANDOM_US_1001,MEM_RANDOM,1001
TRD_MEM_RANDOM_1001_US_US_0005,US,LMT,2024-07-03,2024-04-04,2024-07-05,63,max_horizon,424.31,441.13,79,33.52,34.85,1260.88,0.0376,1,MEM_RANDOM_US_1001,MEM_RANDOM,1001
TRD_MEM_RANDOM_1002_US_US_0005,US,LMT,2024-07-03,2024-04-04,2024-07-05,63,max_horizon,424.31,441.13,79,33.52,34.85,1260.88,0.0376,1,MEM_RANDOM_US_1002,MEM_RANDOM,1002
TRD_MEM_RANDOM_1003_US_US_0005,US,LMT,2024-07-03,2024-04-04,2024-07-05,63,max_horizon,424.31,441.13,79,33.52,34.85,1260.88,0.0376,1,MEM_RANDOM_US_1003,MEM_RANDOM,1003
TRD_MEM_RANDOM_1001_US_US_0004,US,REGN,2024-07-03,2024-04-04,2024-07-05,63,max_horizon,953.2,1017.86,35,33.36,35.63,2194.11,0.0657,1,MEM_RANDOM_US_1001,MEM_RANDOM,1001
TRD_MEM_RANDOM_1002_US_US_0004,US,REGN,2024-07-03,2024-04-04,2024-07-05,63,max_horizon,953.2,1017.86,35,33.36,35.63,2194.11,0.0657,1,MEM_RANDOM_US_1002,MEM_RANDOM,1002
TRD_MEM_RANDOM_1003_US_US_0004,US,REGN,2024-07-03,2024-04-04,2024-07-05,63,max_horizon,953.2,1017.86,35,33.36,35.63,2194.11,0.0657,1,MEM_RANDOM_US_1003,MEM_RANDOM,1003
TRD_MEM_RANDOM_1002_US_US_0006,US,V,2024-07-03,2024-04-04,2024-07-05,63,max_horizon,273.17,264.47,123,33.6,32.53,-1135.85,-0.0338,0,MEM_RANDOM_US_1002,MEM_RANDOM,1002
TRD_MEM_RANDOM_1003_US_US_0006,US,V,2024-07-03,2024-04-04,2024-07-05,63,max_horizon,273.17,264.47,123,33.6,32.53,-1135.85,-0.0338,0,MEM_RANDOM_US_1003,MEM_RANDOM,1003
TRD_MEM_RANDOM_1001_US_US_0009,US,MSFT,2024-07-25,2024-07-05,2024-07-26,15,atr_chandelier_stop,451.65,410.96,76,34.33,31.23,-3158.2,-0.0919,0,MEM_RANDOM_US_1001,MEM_RANDOM,1001
TRD_MEM_RANDOM_1002_US_US_0008,US,MSFT,2024-07-25,2024-07-05,2024-07-26,15,atr_chandelier_stop,451.65,410.96,76,34.33,31.23,-3158.2,-0.0919,0,MEM_RANDOM_US_1002,MEM_RANDOM,1002
TRD_MEM_RANDOM_1003_US_US_0008,US,MSFT,2024-07-25,2024-07-05,2024-07-26,15,atr_chandelier_stop,451.65,410.96,76,34.33,31.23,-3158.2,-0.0919,0,MEM_RANDOM_US_1003,MEM_RANDOM,1003
TRD_MEM_RANDOM_1001_US_US_0007,US,NOC,2024-09-10,2024-06-11,2024-09-11,63,max_horizon,420.17,502.67,81,34.03,40.72,6607.79,0.194,1,MEM_RANDOM_US_1001,MEM_RANDOM,1001
TRD_MEM_RANDOM_1001_US_US_0008,US,LMT,2024-10-02,2024-07-05,2024-10-03,63,max_horizon,441.13,576.64,78,34.41,44.98,10490.02,0.3046,1,MEM_RANDOM_US_1001,MEM_RANDOM,1001
TRD_MEM_RANDOM_1002_US_US_0007,US,LMT,2024-10-02,2024-07-05,2024-10-03,63,max_horizon,441.13,576.64,78,34.41,44.98,10490.02,0.3046,1,MEM_RANDOM_US_1002,MEM_RANDOM,1002
TRD_MEM_RANDOM_1003_US_US_0007,US,LMT,2024-10-02,2024-07-05,2024-10-03,63,max_horizon,441.13,576.64,78,34.41,44.98,10490.02,0.3046,1,MEM_RANDOM_US_1003,MEM_RANDOM,1003
TRD_MEM_RANDOM_1002_US_US_0009,US,NOC,2024-10-02,2024-07-05,2024-10-03,63,max_horizon,422.92,524.41,81,34.26,42.48,8144.15,0.2375,1,MEM_RANDOM_US_1002,MEM_RANDOM,1002
TRD_MEM_RANDOM_1003_US_US_0009,US,NOC,2024-10-02,2024-07-05,2024-10-03,63,max_horizon,422.92,524.41,81,34.26,42.48,8144.15,0.2375,1,MEM_RANDOM_US_1003,MEM_RANDOM,1003
TRD_MEM_RANDOM_1001_US_US_0010,US,AMGN,2024-10-23,2024-07-26,2024-10-24,63,max_horizon,312.82,296.04,113,35.35,33.45,-1964.36,-0.0555,0,MEM_RANDOM_US_1001,MEM_RANDOM,1001
TRD_MEM_RANDOM_1002_US_US_0010,US,AMGN,2024-10-23,2024-07-26,2024-10-24,63,max_horizon,312.82,296.04,114,35.66,33.75,-1981.74,-0.0555,0,MEM_RANDOM_US_1002,MEM_RANDOM,1002
TRD_MEM_RANDOM_1003_US_US_0010,US,AMGN,2024-10-23,2024-07-26,2024-10-24,63,max_horizon,312.82,296.04,114,35.66,33.75,-1981.74,-0.0555,0,MEM_RANDOM_US_1003,MEM_RANDOM,1003
TRD_MEM_RANDOM_1001_US_US_0012,US,LMT,2024-10-29,2024-10-03,2024-10-30,19,atr_chandelier_stop,576.64,521.75,67,38.63,34.96,-3751.46,-0.097,0,MEM_RANDOM_US_1001,MEM_RANDOM,1001
TRD_MEM_RANDOM_1002_US_US_0012,US,LMT,2024-10-29,2024-10-03,2024-10-30,19,atr_chandelier_stop,576.64,521.75,67,38.63,34.96,-3751.46,-0.097,0,MEM_RANDOM_US_1002,MEM_RANDOM,1002
TRD_MEM_RANDOM_1003_US_US_0012,US,LMT,2024-10-29,2024-10-03,2024-10-30,19,atr_chandelier_stop,576.64,521.75,67,38.63,34.96,-3751.46,-0.097,0,MEM_RANDOM_US_1003,MEM_RANDOM,1003
TRD_MEM_RANDOM_1001_US_US_0014,US,AMGN,2024-11-15,2024-10-30,2024-11-18,13,atr_chandelier_stop,293.71,265.15,125,36.71,33.14,-3640.1,-0.099,0,MEM_RANDOM_US_1001,MEM_RANDOM,1001
TRD_MEM_RANDOM_1002_US_US_0014,US,AMGN,2024-11-15,2024-10-30,2024-11-18,13,atr_chandelier_stop,293.71,265.15,125,36.71,33.14,-3640.1,-0.099,0,MEM_RANDOM_US_1002,MEM_RANDOM,1002
TRD_MEM_RANDOM_1003_US_US_0014,US,AMGN,2024-11-15,2024-10-30,2024-11-18,13,atr_chandelier_stop,293.71,265.15,125,36.71,33.14,-3640.1,-0.099,0,MEM_RANDOM_US_1003,MEM_RANDOM,1003
TRD_MEM_RANDOM_1001_US_US_0011,US,NOC,2024-11-18,2024-09-11,2024-11-19,49,atr_chandelier_stop,502.67,479.99,75,37.7,36.0,-1774.86,-0.047,0,MEM_RANDOM_US_1001,MEM_RANDOM,1001
TRD_MEM_RANDOM_1002_US_US_0011,US,NOC,2024-11-25,2024-10-03,2024-11-26,38,atr_chandelier_stop,524.41,472.64,74,38.81,34.98,-3904.44,-0.1005,0,MEM_RANDOM_US_1002,MEM_RANDOM,1002
TRD_MEM_RANDOM_1003_US_US_0011,US,NOC,2024-11-25,2024-10-03,2024-11-26,38,atr_chandelier_stop,524.41,472.64,74,38.81,34.98,-3904.44,-0.1005,0,MEM_RANDOM_US_1003,MEM_RANDOM,1003
TRD_MEM_RANDOM_1001_US_US_0015,US,AAPL,2024-12-31,2024-11-18,2024-12-31,29,calendar_end,223.63,248.62,156,34.89,38.78,3824.56,0.1095,1,MEM_RANDOM_US_1001,MEM_RANDOM,1001
TRD_MEM_RANDOM_1002_US_US_0015,US,AAPL,2024-12-31,2024-11-18,2024-12-31,29,calendar_end,223.63,248.62,157,35.11,39.03,3849.08,0.1095,1,MEM_RANDOM_US_1002,MEM_RANDOM,1002
TRD_MEM_RANDOM_1003_US_US_0015,US,AAPL,2024-12-31,2024-11-18,2024-12-31,29,calendar_end,223.63,248.62,157,35.11,39.03,3849.08,0.1095,1,MEM_RANDOM_US_1003,MEM_RANDOM,1003
TRD_MEM_RANDOM_1001_US_US_0016,US,ISRG,2024-12-31,2024-11-19,2024-12-31,28,calendar_end,527.57,521.96,66,34.82,34.45,-439.53,-0.0126,0,MEM_RANDOM_US_1001,MEM_RANDOM,1001
TRD_MEM_RANDOM_1002_US_US_0016,US,ISRG,2024-12-31,2024-11-26,2024-12-31,23,calendar_end,542.06,521.96,65,35.23,33.93,-1375.66,-0.039,0,MEM_RANDOM_US_1002,MEM_RANDOM,1002
TRD_MEM_RANDOM_1003_US_US_0016,US,ISRG,2024-12-31,2024-11-26,2024-12-31,23,calendar_end,542.06,521.96,65,35.23,33.93,-1375.66,-0.039,0,MEM_RANDOM_US_1003,MEM_RANDOM,1003
TRD_MEM_RANDOM_1001_US_US_0013,US,MSFT,2024-12-31,2024-10-24,2024-12-31,46,calendar_end,418.72,415.78,89,37.27,37.0,-335.91,-0.009,0,MEM_RANDOM_US_1001,MEM_RANDOM,1001
TRD_MEM_RANDOM_1002_US_US_0013,US,MSFT,2024-12-31,2024-10-24,2024-12-31,46,calendar_end,418.72,415.78,89,37.27,37.0,-335.91,-0.009,0,MEM_RANDOM_US_1002,MEM_RANDOM,1002
TRD_MEM_RANDOM_1003_US_US_0013,US,MSFT,2024-12-31,2024-10-24,2024-12-31,46,calendar_end,418.72,415.78,89,37.27,37.0,-335.91,-0.009,0,MEM_RANDOM_US_1003,MEM_RANDOM,1003
TRD_MEM_SIM_fixed_Brazil_Brazil_0002,Brazil,VALE3.SA,2024-01-18,2024-01-03,2024-01-19,12,atr_chandelier_stop,60.34,54.67,524,31.62,28.65,-3032.18,-0.0958,0,MEM_SIM_Brazil_fixed,MEM_SIM,fixed
TRD_MEM_SIM_fixed_Brazil_Brazil_0004,Brazil,VALE3.SA,2024-03-15,2024-01-19,2024-03-18,39,atr_chandelier_stop,54.67,49.71,545,29.8,27.09,-2759.56,-0.0925,0,MEM_SIM_Brazil_fixed,MEM_SIM,fixed
TRD_MEM_SIM_fixed_Brazil_Brazil_0003,Brazil,RAIL3.SA,2024-04-03,2024-01-03,2024-04-04,63,max_horizon,21.11,21.17,1500,31.66,31.76,36.06,0.0011,1,MEM_SIM_Brazil_fixed,MEM_SIM,fixed
TRD_MEM_SIM_fixed_Brazil_Brazil_0001,Brazil,SUZB3.SA,2024-04-03,2024-01-03,2024-04-04,63,max_horizon,51.94,61.18,609,31.63,37.26,5558.8,0.1756,1,MEM_SIM_Brazil_fixed,MEM_SIM,fixed
TRD_MEM_SIM_fixed_Brazil_Brazil_0007,Brazil,RAIL3.SA,2024-04-24,2024-04-04,2024-04-25,15,atr_chandelier_stop,21.17,19.51,1518,32.14,29.61,-2592.83,-0.0806,0,MEM_SIM_Brazil_fixed,MEM_SIM,fixed
TRD_MEM_SIM_fixed_Brazil_Brazil_0005,Brazil,KLBN11.SA,2024-05-31,2024-03-18,2024-06-03,52,atr_chandelier_stop,18.21,17.71,1686,30.7,29.86,-896.43,-0.0292,0,MEM_SIM_Brazil_fixed,MEM_SIM,fixed
TRD_MEM_SIM_fixed_Brazil_Brazil_0006,Brazil,WEGE3.SA,2024-07-03,2024-04-04,2024-07-04,63,max_horizon,35.48,39.67,906,32.14,35.94,3726.46,0.1158,1,MEM_SIM_Brazil_fixed,MEM_SIM,fixed
TRD_MEM_SIM_fixed_Brazil_Brazil_0008,Brazil,TOTS3.SA,2024-07-24,2024-04-25,2024-07-25,63,max_horizon,26.76,26.38,1157,30.97,30.52,-504.95,-0.0163,0,MEM_SIM_Brazil_fixed,MEM_SIM,fixed
TRD_MEM_SIM_fixed_Brazil_Brazil_0009,Brazil,RADL3.SA,2024-08-28,2024-06-03,2024-08-29,63,max_horizon,23.45,26.09,1306,30.62,34.08,3390.91,0.1106,1,MEM_SIM_Brazil_fixed,MEM_SIM,fixed
TRD_MEM_SIM_fixed_Brazil_Brazil_0011,Brazil,TOTS3.SA,2024-09-26,2024-07-25,2024-09-27,46,atr_chandelier_stop,26.38,27.09,1256,33.13,34.02,821.77,0.0248,1,MEM_SIM_Brazil_fixed,MEM_SIM,fixed
TRD_MEM_SIM_fixed_Brazil_Brazil_0010,Brazil,WEGE3.SA,2024-09-30,2024-07-04,2024-10-01,63,max_horizon,39.67,51.83,818,32.45,42.4,9879.25,0.3042,1,MEM_SIM_Brazil_fixed,MEM_SIM,fixed
TRD_MEM_SIM_fixed_Brazil_Brazil_0013,Brazil,TOTS3.SA,2024-11-11,2024-10-01,2024-11-12,30,atr_chandelier_stop,28.0,28.83,1267,35.47,36.52,981.0,0.0276,1,MEM_SIM_Brazil_fixed,MEM_SIM,fixed
TRD_MEM_SIM_fixed_Brazil_Brazil_0012,Brazil,SUZB3.SA,2024-11-27,2024-08-29,2024-11-28,63,max_horizon,53.15,56.48,694,36.89,39.2,2232.65,0.0605,1,MEM_SIM_Brazil_fixed,MEM_SIM,fixed
TRD_MEM_SIM_fixed_Brazil_Brazil_0014,Brazil,RADL3.SA,2024-12-16,2024-10-01,2024-12-17,53,atr_chandelier_stop,24.31,22.19,1460,35.49,32.4,-3160.91,-0.089,0,MEM_SIM_Brazil_fixed,MEM_SIM,fixed
TRD_MEM_SIM_fixed_Brazil_Brazil_0015,Brazil,FLRY3.SA,2024-12-18,2024-11-12,2024-12-19,25,atr_chandelier_stop,11.94,10.59,3071,36.67,32.53,-4204.36,-0.1146,0,MEM_SIM_Brazil_fixed,MEM_SIM,fixed
TRD_MEM_SIM_fixed_Brazil_Brazil_0018,Brazil,FLRY3.SA,2024-12-30,2024-12-19,2024-12-30,5,calendar_end,10.59,10.47,3289,34.84,34.44,-468.76,-0.0134,0,MEM_SIM_Brazil_fixed,MEM_SIM,fixed
TRD_MEM_SIM_fixed_Brazil_Brazil_0017,Brazil,RADL3.SA,2024-12-30,2024-12-17,2024-12-30,7,calendar_end,22.19,20.85,1620,35.95,33.78,-2234.84,-0.0621,0,MEM_SIM_Brazil_fixed,MEM_SIM,fixed
TRD_MEM_SIM_fixed_Brazil_Brazil_0016,Brazil,SUZB3.SA,2024-12-30,2024-11-28,2024-12-30,20,calendar_end,56.48,60.46,643,36.32,38.88,2487.42,0.0684,1,MEM_SIM_Brazil_fixed,MEM_SIM,fixed
TRD_MEM_SIM_fixed_China_China_0002,China,600309.SS,2024-01-17,2024-01-03,2024-01-18,11,atr_chandelier_stop,71.42,63.69,443,31.64,28.22,-3482.69,-0.11,0,MEM_SIM_China_fixed,MEM_SIM,fixed
TRD_MEM_SIM_fixed_China_China_0003,China,300059.SZ,2024-01-22,2024-01-03,2024-01-23,14,atr_chandelier_stop,13.66,12.28,2318,31.66,28.47,-3246.42,-0.1024,0,MEM_SIM_China_fixed,MEM_SIM,fixed
TRD_MEM_SIM_fixed_China_China_0001,China,000333.SZ,2024-04-10,2024-01-03,2024-04-11,63,max_horizon,47.14,56.09,671,31.63,37.63,5933.61,0.1874,1,MEM_SIM_China_fixed,MEM_SIM,fixed
TRD_MEM_SIM_fixed_China_China_0004,China,000858.SZ,2024-04-12,2024-01-18,2024-04-15,54,atr_chandelier_stop,108.58,122.32,275,29.86,33.64,3716.66,0.1244,1,MEM_SIM_China_fixed,MEM_SIM,fixed
TRD_MEM_SIM_fixed_China_China_0005,China,600309.SS,2024-04-30,2024-01-23,2024-05-06,63,max_horizon,65.42,87.71,455,29.76,39.91,10073.05,0.3381,1,MEM_SIM_China_fixed,MEM_SIM,fixed
TRD_MEM_SIM_fixed_China_China_0007,China,002415.SZ,2024-07-02,2024-04-15,2024-07-03,53,atr_chandelier_stop,27.66,27.97,1247,34.5,34.88,316.68,0.0092,1,MEM_SIM_China_fixed,MEM_SIM,fixed
TRD_MEM_SIM_fixed_China_China_0006,China,601318.SS,2024-07-08,2024-04-11,2024-07-09,59,atr_chandelier_stop,34.26,35.84,1031,35.32,36.95,1556.56,0.044,1,MEM_SIM_China_fixed,MEM_SIM,fixed
TRD_MEM_SIM_fixed_China_China_0008,China,002475.SZ,2024-07-23,2024-05-06,2024-07-24,56,atr_chandelier_stop,29.75,37.97,1245,37.03,47.28,10160.0,0.2741,1,MEM_SIM_China_fixed,MEM_SIM,fixed
TRD_MEM_SIM_fixed_China_China_0011,China,000858.SZ,2024-08-28,2024-07-24,2024-08-29,26,atr_chandelier_stop,114.21,104.22,343,39.17,35.75,-3504.04,-0.0894,0,MEM_SIM_China_fixed,MEM_SIM,fixed
TRD_MEM_SIM_fixed_China_China_0009,China,600519.SS,2024-09-12,2024-07-03,2024-09-13,52,atr_chandelier_stop,1390.34,1234.51,28,38.93,34.57,-4436.5,-0.1138,0,MEM_SIM_China_fixed,MEM_SIM,fixed
TRD_MEM_SIM_fixed_China_China_0010,China,600276.SS,2024-10-24,2024-07-24,2024-10-25,60,atr_chandelier_stop,40.97,48.23,957,39.21,46.15,6856.8,0.1747,1,MEM_SIM_China_fixed,MEM_SIM,fixed
TRD_MEM_SIM_fixed_China_China_0012,China,002594.SZ,2024-10-31,2024-08-29,2024-11-01,39,atr_chandelier_stop,76.57,96.22,497,38.06,47.82,9679.15,0.2541,1,MEM_SIM_China_fixed,MEM_SIM,fixed
TRD_MEM_SIM_fixed_China_China_0013,China,002475.SZ,2024-11-06,2024-09-13,2024-11-07,32,atr_chandelier_stop,36.08,40.1,1092,39.4,43.79,4312.04,0.1093,1,MEM_SIM_China_fixed,MEM_SIM,fixed
TRD_MEM_SIM_fixed_China_China_0014,China,002241.SZ,2024-12-31,2024-10-25,2024-12-31,47,calendar_end,23.14,25.32,1964,45.44,49.72,4190.96,0.0921,1,MEM_SIM_China_fixed,MEM_SIM,fixed
TRD_MEM_SIM_fixed_China_China_0015,China,600276.SS,2024-12-31,2024-11-01,2024-12-31,42,calendar_end,46.36,45.55,951,44.09,43.32,-861.26,-0.0195,0,MEM_SIM_China_fixed,MEM_SIM,fixed
TRD_MEM_SIM_fixed_China_China_0016,China,600519.SS,2024-12-31,2024-11-07,2024-12-31,38,calendar_end,1449.19,1435.63,30,43.48,43.07,-493.54,-0.0113,0,MEM_SIM_China_fixed,MEM_SIM,fixed
TRD_MEM_SIM_fixed_France_France_0003,France,DG.PA,2024-04-02,2024-01-03,2024-04-03,63,max_horizon,102.02,105.09,310,31.63,32.58,888.05,0.0281,1,MEM_SIM_France_fixed,MEM_SIM,fixed
TRD_MEM_SIM_fixed_France_France_0001,France,EL.PA,2024-04-02,2024-01-03,2024-04-03,63,max_horizon,166.95,192.35,189,31.55,36.35,4731.6,0.1498,1,MEM_SIM_France_fixed,MEM_SIM,fixed
TRD_MEM_SIM_fixed_France_France_0002,France,OR.PA,2024-04-02,2024-01-03,2024-04-03,63,max_horizon,421.12,409.26,75,31.58,30.69,-951.67,-0.0301,0,MEM_SIM_France_fixed,MEM_SIM,fixed
TRD_MEM_SIM_fixed_France_France_0006,France,AI.PA,2024-07-01,2024-04-03,2024-07-02,63,max_horizon,149.55,141.65,221,33.05,31.3,-1809.89,-0.0547,0,MEM_SIM_France_fixed,MEM_SIM,fixed
TRD_MEM_SIM_fixed_France_France_0004,France,EL.PA,2024-07-01,2024-04-03,2024-07-02,63,max_horizon,192.35,192.3,172,33.08,33.08,-73.53,-0.0022,0,MEM_SIM_France_fixed,MEM_SIM,fixed
TRD_MEM_SIM_fixed_France_France_0005,France,LR.PA,2024-07-01,2024-04-03,2024-07-02,63,max_horizon,90.28,89.48,367,33.13,32.84,-362.25,-0.0109,0,MEM_SIM_France_fixed,MEM_SIM,fixed
TRD_MEM_SIM_fixed_France_France_0007,France,MC.PA,2024-08-01,2024-07-02,2024-08-02,23,atr_chandelier_stop,677.72,606.89,48,32.53,29.13,-3461.41,-0.1063,0,MEM_SIM_France_fixed,MEM_SIM,fixed
TRD_MEM_SIM_fixed_France_France_0010,France,RMS.PA,2024-09-05,2024-08-02,2024-09-06,25,atr_chandelier_stop,1950.64,1904.59,16,31.21,30.47,-798.44,-0.0256,0,MEM_SIM_France_fixed,MEM_SIM,fixed
TRD_MEM_SIM_fixed_France_France_0008,France,DSY.PA,2024-09-26,2024-07-02,2024-09-27,63,max_horizon,33.73,35.84,967,32.62,34.66,1977.75,0.0606,1,MEM_SIM_France_fixed,MEM_SIM,fixed
TRD_MEM_SIM_fixed_France_France_0009,France,EL.PA,2024-09-26,2024-07-02,2024-09-27,63,max_horizon,192.3,201.53,169,32.5,34.06,1493.41,0.0459,1,MEM_SIM_France_fixed,MEM_SIM,fixed
TRD_MEM_SIM_fixed_France_France_0011,France,CAP.PA,2024-10-25,2024-09-06,2024-10-28,36,atr_chandelier_stop,173.4,166.67,179,31.04,29.83,-1264.44,-0.0407,0,MEM_SIM_France_fixed,MEM_SIM,fixed
TRD_MEM_SIM_fixed_France_France_0013,France,LR.PA,2024-11-20,2024-09-27,2024-11-21,39,atr_chandelier_stop,101.62,91.65,322,32.72,29.51,-3272.45,-0.0999,0,MEM_SIM_France_fixed,MEM_SIM,fixed
TRD_MEM_SIM_fixed_France_France_0012,France,EL.PA,2024-12-24,2024-09-27,2024-12-27,63,max_horizon,201.53,221.82,162,32.65,35.94,3218.08,0.0985,1,MEM_SIM_France_fixed,MEM_SIM,fixed
TRD_MEM_SIM_fixed_France_France_0014,France,AI.PA,2024-12-31,2024-10-28,2024-12-31,44,calendar_end,147.75,137.19,217,32.06,29.77,-2353.61,-0.0733,0,MEM_SIM_France_fixed,MEM_SIM,fixed
TRD_MEM_SIM_fixed_France_France_0015,France,ML.PA,2024-12-31,2024-11-21,2024-12-31,26,calendar_end,28.39,29.23,1102,31.29,32.21,858.2,0.0274,1,MEM_SIM_France_fixed,MEM_SIM,fixed
TRD_MEM_SIM_fixed_India_India_0002,India,BAJFINANCE.NS,2024-01-30,2024-01-02,2024-01-31,19,atr_chandelier_stop,719.85,670.31,43,30.95,28.82,-2189.83,-0.0707,0,MEM_SIM_India_fixed,MEM_SIM,fixed
TRD_MEM_SIM_fixed_India_India_0001,India,TECHM.NS,2024-03-19,2024-01-02,2024-03-20,53,atr_chandelier_stop,1196.44,1154.04,26,31.11,30.0,-1163.53,-0.0374,0,MEM_SIM_India_fixed,MEM_SIM,fixed
TRD_MEM_SIM_fixed_India_India_0004,India,INFY.NS,2024-03-20,2024-01-31,2024-03-21,35,atr_chandelier_stop,1518.93,1441.29,20,30.38,28.83,-1612.0,-0.053,0,MEM_SIM_India_fixed,MEM_SIM,fixed
TRD_MEM_SIM_fixed_India_India_0003,India,TITAN.NS,2024-04-04,2024-01-02,2024-04-05,63,max_horizon,3653.95,3742.5,8,29.23,29.94,649.23,0.0222,1,MEM_SIM_India_fixed,MEM_SIM,fixed
TRD_MEM_SIM_fixed_India_India_0005,India,ULTRACEMCO.NS,2024-06-25,2024-03-20,2024-06-26,63,max_horizon,9230.67,10559.56,3,27.69,31.68,3927.29,0.1417,1,MEM_SIM_India_fixed,MEM_SIM,fixed
TRD_MEM_SIM_fixed_India_India_0006,India,TECHM.NS,2024-06-26,2024-03-21,2024-06-27,63,max_horizon,1175.24,1294.47,25,29.38,32.36,2918.98,0.0993,1,MEM_SIM_India_fixed,MEM_SIM,fixed
TRD_MEM_SIM_fixed_India_India_0007,India,MARUTI.NS,2024-07-09,2024-04-05,2024-07-10,63,max_horizon,12120.88,12565.32,2,24.24,25.13,839.51,0.0346,1,MEM_SIM_India_fixed,MEM_SIM,fixed
TRD_MEM_SIM_fixed_India_India_0008,India,ASIANPAINT.NS,2024-09-24,2024-06-26,2024-09-25,63,max_horizon,2800.5,3184.12,11,30.81,35.03,4154.01,0.1347,1,MEM_SIM_India_fixed,MEM_SIM,fixed
TRD_MEM_SIM_fixed_India_India_0009,India,TCS.NS,2024-09-25,2024-06-27,2024-09-26,63,max_horizon,3550.98,3957.8,9,31.96,35.62,3593.75,0.1123,1,MEM_SIM_India_fixed,MEM_SIM,fixed
TRD_MEM_SIM_fixed_India_India_0010,India,SUNPHARMA.NS,2024-10-09,2024-07-10,2024-10-10,63,max_horizon,1558.84,1894.44,21,32.74,39.78,6975.23,0.2129,1,MEM_SIM_India_fixed,MEM_SIM,fixed
TRD_MEM_SIM_fixed_India_India_0012,India,TITAN.NS,2024-10-17,2024-09-26,2024-10-18,15,atr_chandelier_stop,3714.6,3373.74,9,33.43,30.36,-3131.47,-0.0936,0,MEM_SIM_India_fixed,MEM_SIM,fixed
TRD_MEM_SIM_fixed_India_India_0011,India,ULTRACEMCO.NS,2024-10-22,2024-09-25,2024-10-23,19,atr_chandelier_stop,11501.83,10538.67,3,34.51,31.62,-2955.6,-0.0856,0,MEM_SIM_India_fixed,MEM_SIM,fixed
TRD_MEM_SIM_fixed_India_India_0013,India,ASIANPAINT.NS,2024-11-08,2024-10-10,2024-11-11,22,atr_chandelier_stop,3025.55,2511.51,11,33.28,27.63,-5715.36,-0.1716,0,MEM_SIM_India_fixed,MEM_SIM,fixed
TRD_MEM_SIM_fixed_India_India_0016,India,ASIANPAINT.NS,2024-12-19,2024-11-11,2024-12-20,27,atr_chandelier_stop,2511.51,2252.91,13,32.65,29.29,-3423.74,-0.1048,0,MEM_SIM_India_fixed,MEM_SIM,fixed
TRD_MEM_SIM_fixed_India_India_0017,India,ASIANPAINT.NS,2024-12-31,2024-12-20,2024-12-31,6,calendar_end,2252.91,2237.56,14,31.54,31.33,-277.76,-0.0088,0,MEM_SIM_India_fixed,MEM_SIM,fixed
TRD_MEM_SIM_fixed_India_India_0014,India,PIDILITIND.NS,2024-12-31,2024-10-18,2024-12-31,49,calendar_end,1555.28,1431.92,22,34.22,31.5,-2779.62,-0.0812,0,MEM_SIM_India_fixed,MEM_SIM,fixed
TRD_MEM_SIM_fixed_India_India_0015,India,ULTRACEMCO.NS,2024-12-31,2024-10-23,2024-12-31,46,calendar_end,10538.67,11127.25,3,31.62,33.38,1700.74,0.0537,1,MEM_SIM_India_fixed,MEM_SIM,fixed
TRD_MEM_SIM_fixed_UK_UK_0003,UK,AZN.L,2024-02-09,2024-01-03,2024-02-12,28,atr_chandelier_stop,10679.62,9694.21,2,21.36,19.39,-2011.57,-0.0941,0,MEM_SIM_UK_fixed,MEM_SIM,fixed
TRD_MEM_SIM_fixed_UK_UK_0002,UK,LSEG.L,2024-04-02,2024-01-03,2024-04-03,63,max_horizon,9128.06,9393.95,3,27.38,28.18,742.09,0.0271,1,MEM_SIM_UK_fixed,MEM_SIM,fixed
TRD_MEM_SIM_fixed_UK_UK_0001,UK,RTO.L,2024-04-02,2024-01-03,2024-04-03,63,max_horizon,429.82,468.29,73,31.38,34.19,2743.09,0.0873,1,MEM_SIM_UK_fixed,MEM_SIM,fixed
TRD_MEM_SIM_fixed_UK_UK_0004,UK,HLMA.L,2024-05-13,2024-02-12,2024-05-14,63,max_horizon,2223.57,2303.55,13,28.91,29.95,980.95,0.0339,1,MEM_SIM_UK_fixed,MEM_SIM,fixed
TRD_MEM_SIM_fixed_UK_UK_0006,UK,AZN.L,2024-07-02,2024-04-03,2024-07-03,63,max_horizon,10515.34,12124.63,3,31.55,36.37,4759.94,0.1507,1,MEM_SIM_UK_fixed,MEM_SIM,fixed
TRD_MEM_SIM_fixed_UK_UK_0005,UK,REL.L,2024-07-02,2024-04-03,2024-07-03,63,max_horizon,3345.99,3586.3,9,30.11,32.28,2100.4,0.0697,1,MEM_SIM_UK_fixed,MEM_SIM,fixed
TRD_MEM_SIM_fixed_UK_UK_0008,UK,RMV.L,2024-08-07,2024-07-03,2024-08-08,26,atr_chandelier_stop,536.02,515.23,64,34.31,32.97,-1398.02,-0.0407,0,MEM_SIM_UK_fixed,MEM_SIM,fixed
TRD_MEM_SIM_fixed_UK_UK_0007,UK,LSEG.L,2024-08-09,2024-05-14,2024-08-12,63,max_horizon,9092.86,9882.59,3,27.28,29.65,2312.26,0.0847,1,MEM_SIM_UK_fixed,MEM_SIM,fixed
TRD_MEM_SIM_fixed_UK_UK_0010,UK,AZN.L,2024-09-13,2024-08-08,2024-09-16,26,atr_chandelier_stop,12621.18,11995.42,2,25.24,23.99,-1300.76,-0.0515,0,MEM_SIM_UK_fixed,MEM_SIM,fixed
TRD_MEM_SIM_fixed_UK_UK_0009,UK,AUTO.L,2024-09-30,2024-07-03,2024-10-01,63,max_horizon,811.06,870.9,42,34.06,36.58,2442.68,0.0716,1,MEM_SIM_UK_fixed,MEM_SIM,fixed
TRD_MEM_SIM_fixed_UK_UK_0011,UK,RMV.L,2024-09-30,2024-08-12,2024-10-01,35,atr_chandelier_stop,540.82,619.62,64,34.61,39.66,4969.4,0.1434,1,MEM_SIM_UK_fixed,MEM_SIM,fixed
TRD_MEM_SIM_fixed_UK_UK_0014,UK,AZN.L,2024-11-05,2024-10-01,2024-11-06,26,atr_chandelier_stop,11655.55,10326.06,3,34.97,30.98,-4054.42,-0.1158,0,MEM_SIM_UK_fixed,MEM_SIM,fixed
TRD_MEM_SIM_fixed_UK_UK_0012,UK,EXPN.L,2024-12-11,2024-09-16,2024-12-12,63,max_horizon,3755.82,3650.85,10,37.56,36.51,-1123.73,-0.0299,0,MEM_SIM_UK_fixed,MEM_SIM,fixed
TRD_MEM_SIM_fixed_UK_UK_0013,UK,LSEG.L,2024-12-30,2024-10-01,2024-12-31,63,max_horizon,10186.91,11311.56,3,30.56,33.93,3309.48,0.1082,1,MEM_SIM_UK_fixed,MEM_SIM,fixed
TRD_MEM_SIM_fixed_UK_UK_0016,UK,AUTO.L,2024-12-31,2024-12-12,2024-12-31,11,calendar_end,823.32,792.73,45,37.05,35.67,-1449.25,-0.0391,0,MEM_SIM_UK_fixed,MEM_SIM,fixed
TRD_MEM_SIM_fixed_UK_UK_0015,UK,HLMA.L,2024-12-31,2024-11-06,2024-12-31,37,calendar_end,2558.63,2688.7,14,35.82,37.64,1747.48,0.0487,1,MEM_SIM_UK_fixed,MEM_SIM,fixed
TRD_MEM_SIM_fixed_US_US_0003,US,LMT,2024-04-03,2024-01-03,2024-04-04,63,max_horizon,429.2,424.31,73,31.33,30.97,-419.22,-0.0134,0,MEM_SIM_US_fixed,MEM_SIM,fixed
TRD_MEM_SIM_fixed_US_US_0001,US,MSFT,2024-04-03,2024-01-03,2024-04-04,63,max_horizon,361.3,416.88,87,31.43,36.27,4767.71,0.1515,1,MEM_SIM_US_fixed,MEM_SIM,fixed
TRD_MEM_SIM_fixed_US_US_0002,US,V,2024-04-03,2024-01-03,2024-04-04,63,max_horizon,253.26,273.17,125,31.66,34.15,2423.32,0.0765,1,MEM_SIM_US_fixed,MEM_SIM,fixed
TRD_MEM_SIM_fixed_US_US_0006,US,AMGN,2024-07-03,2024-04-04,2024-07-05,63,max_horizon,256.29,290.82,131,33.57,38.1,4451.39,0.1325,1,MEM_SIM_US_fixed,MEM_SIM,fixed
TRD_MEM_SIM_fixed_US_US_0005,US,GOOGL,2024-07-03,2024-04-04,2024-07-05,63,max_horizon,152.15,184.44,220,33.47,40.58,7029.1,0.2098,1,MEM_SIM_US_fixed,MEM_SIM,fixed
TRD_MEM_SIM_fixed_US_US_0004,US,REGN,2024-07-03,2024-04-04,2024-07-05,63,max_horizon,953.2,1017.86,35,33.36,35.63,2194.11,0.0657,1,MEM_SIM_US_fixed,MEM_SIM,fixed
TRD_MEM_SIM_fixed_US_US_0008,US,REGN,2024-09-24,2024-07-05,2024-09-25,57,atr_chandelier_stop,1017.86,1038.72,37,37.66,38.43,695.48,0.0184,1,MEM_SIM_US_fixed,MEM_SIM,fixed
TRD_MEM_SIM_fixed_US_US_0009,US,CRM,2024-10-02,2024-07-05,2024-10-03,63,max_horizon,258.59,275.46,147,38.01,40.49,2401.89,0.0631,1,MEM_SIM_US_fixed,MEM_SIM,fixed
TRD_MEM_SIM_fixed_US_US_0007,US,NOC,2024-10-02,2024-07-05,2024-10-03,63,max_horizon,422.92,524.41,90,38.06,47.2,9049.05,0.2375,1,MEM_SIM_US_fixed,MEM_SIM,fixed
TRD_MEM_SIM_fixed_US_US_0011,US,INTU,2024-11-25,2024-10-03,2024-11-26,38,atr_chandelier_stop,590.82,623.0,70,41.36,43.61,2167.58,0.0524,1,MEM_SIM_US_fixed,MEM_SIM,fixed
TRD_MEM_SIM_fixed_US_US_0010,US,AMZN,2024-12-23,2024-09-25,2024-12-24,63,max_horizon,193.75,226.94,213,41.27,48.34,6979.86,0.169,1,MEM_SIM_US_fixed,MEM_SIM,fixed
TRD_MEM_SIM_fixed_US_US_0012,US,CRM,2024-12-31,2024-10-03,2024-12-31,61,calendar_end,275.46,330.48,150,41.32,49.57,8161.67,0.1973,1,MEM_SIM_US_fixed,MEM_SIM,fixed
TRD_MEM_SIM_fixed_US_US_0014,US,LMT,2024-12-31,2024-12-24,2024-12-31,4,calendar_end,466.61,466.5,103,48.06,48.05,-107.97,-0.0022,0,MEM_SIM_US_fixed,MEM_SIM,fixed
TRD_MEM_SIM_fixed_US_US_0013,US,MSFT,2024-12-31,2024-11-26,2024-12-31,23,calendar_end,413.89,415.78,111,45.94,46.15,117.04,0.0025,1,MEM_SIM_US_fixed,MEM_SIM,fixed
TRD_MLP_BASE_7_Brazil_Brazil_0002,Brazil,RADL3.SA,2024-01-22,2024-01-03,2024-01-23,14,atr_chandelier_stop,27.32,24.8,1159,31.66,28.75,-2976.45,-0.0939,0,MLP_BASE_Brazil_7,MLP_BASE,7
TRD_MLP_BASE_37_Brazil_Brazil_0001,Brazil,RADL3.SA,2024-01-22,2024-01-03,2024-01-23,14,atr_chandelier_stop,27.32,24.8,1159,31.66,28.75,-2976.45,-0.0939,0,MLP_BASE_Brazil_37,MLP_BASE,37
TRD_MLP_BASE_7_Brazil_Brazil_0001,Brazil,TOTS3.SA,2024-02-08,2024-01-03,2024-02-09,27,atr_chandelier_stop,31.6,28.33,1002,31.67,28.39,-3334.15,-0.1052,0,MLP_BASE_Brazil_7,MLP_BASE,7
TRD_MLP_BASE_7_Brazil_Brazil_0003,Brazil,FLRY3.SA,2024-02-14,2024-01-03,2024-02-15,29,atr_chandelier_stop,14.7,13.1,2154,31.66,28.22,-3498.37,-0.1104,0,MLP_BASE_Brazil_7,MLP_BASE,7
TRD_MLP_BASE_17_Brazil_Brazil_0003,Brazil,FLRY3.SA,2024-02-14,2024-01-03,2024-02-15,29,atr_chandelier_stop,14.7,13.1,2154,31.66,28.22,-3498.37,-0.1104,0,MLP_BASE_Brazil_17,MLP_BASE,17
TRD_MLP_BASE_7_Brazil_Brazil_0004,Brazil,PETR4.SA,2024-03-08,2024-01-23,2024-03-11,32,atr_chandelier_stop,26.07,24.58,1115,29.07,27.4,-1723.55,-0.0592,0,MLP_BASE_Brazil_7,MLP_BASE,7
TRD_MLP_BASE_17_Brazil_Brazil_0002,Brazil,EQTL3.SA,2024-04-01,2024-01-03,2024-04-02,61,atr_chandelier_stop,32.37,29.54,978,31.66,28.89,-2824.34,-0.0891,0,MLP_BASE_Brazil_17,MLP_BASE,17
TRD_MLP_BASE_37_Brazil_Brazil_0002,Brazil,EQTL3.SA,2024-04-01,2024-01-03,2024-04-02,61,atr_chandelier_stop,32.37,29.54,978,31.66,28.89,-2824.34,-0.0891,0,MLP_BASE_Brazil_37,MLP_BASE,37
TRD_MLP_BASE_37_Brazil_Brazil_0003,Brazil,RAIL3.SA,2024-04-03,2024-01-03,2024-04-04,63,max_horizon,21.11,21.17,1500,31.66,31.76,36.06,0.0011,1,MLP_BASE_Brazil_37,MLP_BASE,37
TRD_MLP_BASE_17_Brazil_Brazil_0001,Brazil,SUZB3.SA,2024-04-03,2024-01-03,2024-04-04,63,max_horizon,51.94,61.18,609,31.63,37.26,5558.8,0.1756,1,MLP_BASE_Brazil_17,MLP_BASE,17
TRD_MLP_BASE_37_Brazil_Brazil_0004,Brazil,RADL3.SA,2024-04-16,2024-01-23,2024-04-17,58,atr_chandelier_stop,24.8,23.62,1225,30.39,28.93,-1512.9,-0.0497,0,MLP_BASE_Brazil_37,MLP_BASE,37
TRD_MLP_BASE_7_Brazil_Brazil_0007,Brazil,EQTL3.SA,2024-04-25,2024-03-11,2024-04-26,33,atr_chandelier_stop,30.85,27.65,946,29.19,26.16,-3086.08,-0.1056,0,MLP_BASE_Brazil_7,MLP_BASE,7
TRD_MLP_BASE_7_Brazil_Brazil_0005,Brazil,VALE3.SA,2024-05-13,2024-02-09,2024-05-14,63,max_horizon,52.0,52.98,571,29.69,30.25,503.25,0.0169,1,MLP_BASE_Brazil_7,MLP_BASE,7
TRD_MLP_BASE_17_Brazil_Brazil_0004,Brazil,VALE3.SA,2024-05-15,2024-02-15,2024-05-16,63,max_horizon,51.52,53.4,576,29.68,30.76,1020.96,0.0344,1,MLP_BASE_Brazil_17,MLP_BASE,17
TRD_MLP_BASE_7_Brazil_Brazil_0006,Brazil,WEGE3.SA,2024-05-15,2024-02-15,2024-05-16,63,max_horizon,31.25,37.19,937,29.28,34.85,5504.93,0.1878,1,MLP_BASE_Brazil_7,MLP_BASE,7
TRD_MLP_BASE_7_Brazil_Brazil_0010,Brazil,RADL3.SA,2024-06-05,2024-05-16,2024-06-06,14,atr_chandelier_stop,25.81,23.29,1119,28.89,26.06,-2880.54,-0.0996,0,MLP_BASE_Brazil_7,MLP_BASE,7
TRD_MLP_BASE_7_Brazil_Brazil_0011,Brazil,RENT3.SA,2024-06-18,2024-06-06,2024-06-19,9,atr_chandelier_stop,38.5,35.13,698,26.87,24.52,-2405.37,-0.0894,0,MLP_BASE_Brazil_7,MLP_BASE,7
TRD_MLP_BASE_17_Brazil_Brazil_0006,Brazil,EQTL3.SA,2024-06-19,2024-04-04,2024-06-20,53,atr_chandelier_stop,29.83,27.2,1043,31.11,28.37,-2798.64,-0.0899,0,MLP_BASE_Brazil_17,MLP_BASE,17
TRD_MLP_BASE_37_Brazil_Brazil_0005,Brazil,EQTL3.SA,2024-06-19,2024-04-02,2024-06-20,55,atr_chandelier_stop,29.54,27.2,1009,29.81,27.45,-2418.25,-0.081,0,MLP_BASE_Brazil_37,MLP_BASE,37
TRD_MLP_BASE_17_Brazil_Brazil_0005,Brazil,FLRY3.SA,2024-07-01,2024-04-02,2024-07-02,63,max_horizon,12.43,12.84,2515,31.26,32.29,965.82,0.0309,1,MLP_BASE_Brazil_17,MLP_BASE,17
TRD_MLP_BASE_37_Brazil_Brazil_0006,Brazil,ITUB4.SA,2024-07-03,2024-04-04,2024-07-04,63,max_horizon,24.67,24.76,1211,29.88,29.98,46.76,0.0016,1,MLP_BASE_Brazil_37,MLP_BASE,37
TRD_MLP_BASE_37_Brazil_Brazil_0007,Brazil,FLRY3.SA,2024-07-16,2024-04-17,2024-07-17,63,max_horizon,11.75,13.06,2440,28.68,31.86,3118.94,0.1087,1,MLP_BASE_Brazil_37,MLP_BASE,37
TRD_MLP_BASE_17_Brazil_Brazil_0008,Brazil,SUZB3.SA,2024-07-26,2024-06-20,2024-07-29,27,atr_chandelier_stop,46.42,49.02,641,29.76,31.42,1603.45,0.0538,1,MLP_BASE_Brazil_17,MLP_BASE,17
TRD_MLP_BASE_7_Brazil_Brazil_0008,Brazil,KLBN11.SA,2024-08-09,2024-05-14,2024-08-12,63,max_horizon,18.79,18.5,1533,28.8,28.36,-501.89,-0.0174,0,MLP_BASE_Brazil_7,MLP_BASE,7
TRD_MLP_BASE_17_Brazil_Brazil_0007,Brazil,KLBN11.SA,2024-08-13,2024-05-16,2024-08-14,63,max_horizon,18.82,18.32,1658,31.21,30.38,-892.34,-0.0286,0,MLP_BASE_Brazil_17,MLP_BASE,17
TRD_MLP_BASE_7_Brazil_Brazil_0009,Brazil,RAIL3.SA,2024-08-13,2024-05-16,2024-08-14,63,max_horizon,19.7,21.78,1466,28.88,31.92,2980.82,0.1031,1,MLP_BASE_Brazil_7,MLP_BASE,7
TRD_MLP_BASE_7_Brazil_Brazil_0012,Brazil,RENT3.SA,2024-08-14,2024-06-19,2024-08-15,41,atr_chandelier_stop,35.13,36.82,746,26.21,27.47,1205.29,0.0459,1,MLP_BASE_Brazil_7,MLP_BASE,7
TRD_MLP_BASE_37_Brazil_Brazil_0008,Brazil,RENT3.SA,2024-08-14,2024-06-20,2024-08-15,40,atr_chandelier_stop,35.92,36.82,787,28.27,28.98,649.8,0.023,1,MLP_BASE_Brazil_37,MLP_BASE,37
TRD_MLP_BASE_37_Brazil_Brazil_0010,Brazil,RADL3.SA,2024-09-11,2024-07-17,2024-09-12,41,atr_chandelier_stop,24.21,25.24,1278,30.95,32.26,1246.72,0.0402,1,MLP_BASE_Brazil_37,MLP_BASE,37
TRD_MLP_BASE_17_Brazil_Brazil_0009,Brazil,WEGE3.SA,2024-09-26,2024-07-02,2024-09-27,63,max_horizon,39.4,52.66,834,32.86,43.92,10982.71,0.3339,1,MLP_BASE_Brazil_17,MLP_BASE,17
TRD_MLP_BASE_37_Brazil_Brazil_0009,Brazil,KLBN11.SA,2024-09-30,2024-07-04,2024-10-01,63,max_horizon,18.74,18.46,1585,29.7,29.26,-492.16,-0.0166,0,MLP_BASE_Brazil_37,MLP_BASE,37
TRD_MLP_BASE_37_Brazil_Brazil_0012,Brazil,FLRY3.SA,2024-10-09,2024-09-12,2024-10-10,20,atr_chandelier_stop,14.13,12.69,2182,30.84,27.69,-3205.61,-0.1038,0,MLP_BASE_Brazil_37,MLP_BASE,37
TRD_MLP_BASE_17_Brazil_Brazil_0010,Brazil,ITUB4.SA,2024-10-23,2024-07-29,2024-10-24,63,max_horizon,25.59,26.65,1276,32.65,34.0,1284.93,0.0393,1,MLP_BASE_Brazil_17,MLP_BASE,17
TRD_MLP_BASE_7_Brazil_Brazil_0015,Brazil,PETR4.SA,2024-11-01,2024-08-15,2024-11-04,57,atr_chandelier_stop,28.94,28.08,973,28.16,27.32,-890.37,-0.0316,0,MLP_BASE_Brazil_7,MLP_BASE,7
TRD_MLP_BASE_7_Brazil_Brazil_0013,Brazil,VALE3.SA,2024-11-07,2024-08-13,2024-11-08,63,max_horizon,48.55,52.81,624,30.29,32.95,2594.48,0.0856,1,MLP_BASE_Brazil_7,MLP_BASE,7
TRD_MLP_BASE_17_Brazil_Brazil_0011,Brazil,FLRY3.SA,2024-11-08,2024-09-27,2024-11-11,31,atr_chandelier_stop,13.27,11.61,2690,35.7,31.22,-4543.57,-0.1271,0,MLP_BASE_Brazil_17,MLP_BASE,17
TRD_MLP_BASE_7_Brazil_Brazil_0014,Brazil,KLBN11.SA,2024-11-08,2024-08-14,2024-11-11,63,max_horizon,18.32,18.29,1640,30.05,29.99,-117.85,-0.0039,0,MLP_BASE_Brazil_7,MLP_BASE,7
TRD_MLP_BASE_37_Brazil_Brazil_0011,Brazil,VALE3.SA,2024-11-11,2024-08-15,2024-11-12,63,max_horizon,47.62,49.9,653,31.09,32.59,1427.07,0.0458,1,MLP_BASE_Brazil_37,MLP_BASE,37
TRD_MLP_BASE_17_Brazil_Brazil_0013,Brazil,EQTL3.SA,2024-12-03,2024-10-24,2024-12-04,27,atr_chandelier_stop,29.91,28.01,1147,34.31,32.13,-2249.84,-0.0655,0,MLP_BASE_Brazil_17,MLP_BASE,17
TRD_MLP_BASE_37_Brazil_Brazil_0014,Brazil,EQTL3.SA,2024-12-03,2024-10-10,2024-12-04,37,atr_chandelier_stop,30.23,28.01,978,29.57,27.39,-2230.47,-0.0754,0,MLP_BASE_Brazil_37,MLP_BASE,37
TRD_MLP_BASE_7_Brazil_Brazil_0017,Brazil,RADL3.SA,2024-12-16,2024-11-08,2024-12-17,25,atr_chandelier_stop,23.59,22.19,1247,29.42,27.67,-1802.35,-0.0612,0,MLP_BASE_Brazil_7,MLP_BASE,7
TRD_MLP_BASE_17_Brazil_Brazil_0012,Brazil,RAIL3.SA,2024-12-16,2024-09-27,2024-12-17,55,atr_chandelier_stop,19.12,17.8,1867,35.7,33.23,-2538.8,-0.071,0,MLP_BASE_Brazil_17,MLP_BASE,17
TRD_MLP_BASE_37_Brazil_Brazil_0013,Brazil,RAIL3.SA,2024-12-16,2024-10-01,2024-12-17,53,atr_chandelier_stop,19.03,17.8,1611,30.66,28.67,-2052.55,-0.0669,0,MLP_BASE_Brazil_37,MLP_BASE,37
TRD_MLP_BASE_7_Brazil_Brazil_0018,Brazil,ITUB4.SA,2024-12-18,2024-11-11,2024-12-19,26,atr_chandelier_stop,26.34,23.74,1107,29.16,26.28,-2937.81,-0.1006,0,MLP_BASE_Brazil_7,MLP_BASE,7
TRD_MLP_BASE_17_Brazil_Brazil_0014,Brazil,ITUB4.SA,2024-12-18,2024-11-11,2024-12-19,26,atr_chandelier_stop,26.34,23.74,1264,33.3,30.01,-3354.47,-0.1006,0,MLP_BASE_Brazil_17,MLP_BASE,17
TRD_MLP_BASE_37_Brazil_Brazil_0016,Brazil,EQTL3.SA,2024-12-27,2024-12-04,2024-12-30,16,atr_chandelier_stop,28.01,25.97,1040,29.13,27.01,-2172.4,-0.0745,0,MLP_BASE_Brazil_37,MLP_BASE,37
TRD_MLP_BASE_7_Brazil_Brazil_0020,Brazil,ITUB4.SA,2024-12-30,2024-12-19,2024-12-30,5,calendar_end,23.74,23.39,1177,27.94,27.53,-467.58,-0.0167,0,MLP_BASE_Brazil_7,MLP_BASE,7
TRD_MLP_BASE_37_Brazil_Brazil_0017,Brazil,ITUB4.SA,2024-12-30,2024-12-17,2024-12-30,7,calendar_end,24.2,23.39,1201,29.07,28.09,-1035.28,-0.0356,0,MLP_BASE_Brazil_37,MLP_BASE,37
TRD_MLP_BASE_17_Brazil_Brazil_0016,Brazil,KLBN11.SA,2024-12-30,2024-12-17,2024-12-30,7,calendar_end,20.98,20.99,1515,31.78,31.79,-49.87,-0.0016,0,MLP_BASE_Brazil_17,MLP_BASE,17
TRD_MLP_BASE_37_Brazil_Brazil_0015,Brazil,KLBN11.SA,2024-12-30,2024-11-12,2024-12-30,30,calendar_end,18.37,20.99,1584,29.09,33.24,4087.23,0.1404,1,MLP_BASE_Brazil_37,MLP_BASE,37
TRD_MLP_BASE_7_Brazil_Brazil_0016,Brazil,PETR4.SA,2024-12-30,2024-11-08,2024-12-30,32,calendar_end,28.04,30.56,1049,29.41,32.05,2577.67,0.0875,1,MLP_BASE_Brazil_7,MLP_BASE,7
TRD_MLP_BASE_7_Brazil_Brazil_0019,Brazil,RENT3.SA,2024-12-30,2024-12-17,2024-12-30,7,calendar_end,28.36,29.88,1004,28.47,30.0,1471.34,0.0516,1,MLP_BASE_Brazil_7,MLP_BASE,7
TRD_MLP_BASE_17_Brazil_Brazil_0017,Brazil,VALE3.SA,2024-12-30,2024-12-19,2024-12-30,5,calendar_end,47.29,46.88,670,31.68,31.41,-333.73,-0.0105,0,MLP_BASE_Brazil_17,MLP_BASE,17
TRD_MLP_BASE_17_Brazil_Brazil_0015,Brazil,WEGE3.SA,2024-12-30,2024-12-04,2024-12-30,16,calendar_end,51.41,49.8,615,31.62,30.63,-1049.96,-0.0332,0,MLP_BASE_Brazil_17,MLP_BASE,17
TRD_MLP_BASE_17_China_China_0003,China,002475.SZ,2024-01-16,2024-01-03,2024-01-17,10,atr_chandelier_stop,33.07,29.65,957,31.65,28.37,-3338.93,-0.1054,0,MLP_BASE_China_17,MLP_BASE,17
TRD_MLP_BASE_7_China_China_0001,China,600276.SS,2024-01-29,2024-01-03,2024-01-30,19,atr_chandelier_stop,43.66,38.73,725,31.65,28.08,-3632.13,-0.1146,0,MLP_BASE_China_7,MLP_BASE,7
TRD_MLP_BASE_37_China_China_0002,China,600276.SS,2024-01-29,2024-01-03,2024-01-30,19,atr_chandelier_stop,43.66,38.73,725,31.65,28.08,-3632.13,-0.1146,0,MLP_BASE_China_37,MLP_BASE,37
TRD_MLP_BASE_7_China_China_0002,China,000333.SZ,2024-04-10,2024-01-03,2024-04-11,63,max_horizon,47.14,56.09,671,31.63,37.63,5933.61,0.1874,1,MLP_BASE_China_7,MLP_BASE,7
TRD_MLP_BASE_17_China_China_0001,China,000333.SZ,2024-04-10,2024-01-03,2024-04-11,63,max_horizon,47.14,56.09,671,31.63,37.63,5933.61,0.1874,1,MLP_BASE_China_17,MLP_BASE,17
TRD_MLP_BASE_37_China_China_0001,China,000333.SZ,2024-04-10,2024-01-03,2024-04-11,63,max_horizon,47.14,56.09,671,31.63,37.63,5933.61,0.1874,1,MLP_BASE_China_37,MLP_BASE,37
TRD_MLP_BASE_17_China_China_0002,China,600036.SS,2024-04-10,2024-01-03,2024-04-11,63,max_horizon,23.65,27.71,1338,31.65,37.08,5359.22,0.1692,1,MLP_BASE_China_17,MLP_BASE,17
TRD_MLP_BASE_7_China_China_0003,China,600887.SS,2024-04-10,2024-01-03,2024-04-11,63,max_horizon,22.93,23.63,1381,31.67,32.63,900.74,0.0284,1,MLP_BASE_China_7,MLP_BASE,7
TRD_MLP_BASE_37_China_China_0003,China,601318.SS,2024-04-10,2024-01-03,2024-04-11,63,atr_chandelier_stop,34.64,34.26,914,31.66,31.31,-415.95,-0.0131,0,MLP_BASE_China_37,MLP_BASE,37
TRD_MLP_BASE_7_China_China_0004,China,600276.SS,2024-04-18,2024-01-30,2024-04-19,50,atr_chandelier_stop,38.73,41.47,819,31.72,33.97,2182.59,0.0687,1,MLP_BASE_China_7,MLP_BASE,7
TRD_MLP_BASE_17_China_China_0004,China,600309.SS,2024-04-24,2024-01-17,2024-04-25,63,max_horizon,66.26,81.32,477,31.6,38.79,7113.2,0.2248,1,MLP_BASE_China_17,MLP_BASE,17
TRD_MLP_BASE_37_China_China_0004,China,600036.SS,2024-05-10,2024-01-30,2024-05-13,63,max_horizon,26.76,30.4,1182,31.63,35.93,4230.79,0.1336,1,MLP_BASE_China_37,MLP_BASE,37
TRD_MLP_BASE_7_China_China_0006,China,600519.SS,2024-06-11,2024-04-11,2024-06-12,40,atr_chandelier_stop,1490.35,1426.64,23,34.28,32.81,-1532.37,-0.0447,0,MLP_BASE_China_7,MLP_BASE,7
TRD_MLP_BASE_17_China_China_0006,China,600519.SS,2024-06-11,2024-04-11,2024-06-12,40,atr_chandelier_stop,1490.35,1426.64,24,35.77,34.24,-1599.0,-0.0447,0,MLP_BASE_China_17,MLP_BASE,17
TRD_MLP_BASE_7_China_China_0007,China,600036.SS,2024-06-12,2024-04-19,2024-06-13,35,atr_chandelier_stop,28.78,28.47,1178,33.91,33.54,-431.17,-0.0127,0,MLP_BASE_China_7,MLP_BASE,7
TRD_MLP_BASE_17_China_China_0007,China,600036.SS,2024-06-12,2024-04-25,2024-06-13,31,atr_chandelier_stop,28.68,28.47,1297,37.2,36.93,-341.1,-0.0092,0,MLP_BASE_China_17,MLP_BASE,17
TRD_MLP_BASE_37_China_China_0007,China,600519.SS,2024-06-13,2024-05-13,2024-06-14,23,atr_chandelier_stop,1573.86,1413.01,22,34.62,31.09,-3604.54,-0.104,0,MLP_BASE_China_37,MLP_BASE,37
TRD_MLP_BASE_7_China_China_0009,China,600276.SS,2024-07-01,2024-06-13,2024-07-02,13,atr_chandelier_stop,41.57,37.75,793,32.97,29.94,-3093.35,-0.0937,0,MLP_BASE_China_7,MLP_BASE,7
TRD_MLP_BASE_37_China_China_0006,China,002415.SZ,2024-07-02,2024-04-11,2024-07-03,55,atr_chandelier_stop,28.05,27.97,1168,32.77,32.67,-157.46,-0.0048,0,MLP_BASE_China_37,MLP_BASE,37
TRD_MLP_BASE_7_China_China_0008,China,002415.SZ,2024-07-04,2024-06-12,2024-07-05,17,atr_chandelier_stop,31.0,27.52,1069,33.14,29.42,-3782.06,-0.114,0,MLP_BASE_China_7,MLP_BASE,7
TRD_MLP_BASE_17_China_China_0008,China,002415.SZ,2024-07-04,2024-06-12,2024-07-05,17,atr_chandelier_stop,31.0,27.52,1169,36.24,32.17,-4135.85,-0.114,0,MLP_BASE_China_17,MLP_BASE,17
TRD_MLP_BASE_7_China_China_0005,China,600887.SS,2024-07-08,2024-04-11,2024-07-09,59,atr_chandelier_stop,23.63,22.88,1455,34.38,33.3,-1149.91,-0.0334,0,MLP_BASE_China_7,MLP_BASE,7
TRD_MLP_BASE_17_China_China_0005,China,600887.SS,2024-07-08,2024-04-11,2024-07-09,59,atr_chandelier_stop,23.63,22.88,1556,36.76,35.61,-1229.73,-0.0334,0,MLP_BASE_China_17,MLP_BASE,17
TRD_MLP_BASE_37_China_China_0005,China,600887.SS,2024-07-08,2024-04-11,2024-07-09,59,atr_chandelier_stop,23.63,22.88,1387,32.77,31.74,-1096.17,-0.0334,0,MLP_BASE_China_37,MLP_BASE,37
TRD_MLP_BASE_17_China_China_0009,China,600519.SS,2024-07-30,2024-06-13,2024-07-31,34,atr_chandelier_stop,1432.79,1273.56,25,35.82,31.84,-4048.35,-0.1129,0,MLP_BASE_China_17,MLP_BASE,17
TRD_MLP_BASE_37_China_China_0009,China,002415.SZ,2024-08-09,2024-07-03,2024-08-12,28,atr_chandelier_stop,27.97,25.14,1147,32.09,28.84,-3306.86,-0.103,0,MLP_BASE_China_37,MLP_BASE,37
TRD_MLP_BASE_7_China_China_0012,China,601012.SS,2024-08-22,2024-07-09,2024-08-23,33,atr_chandelier_stop,12.9,12.86,2309,29.79,29.69,-159.76,-0.0054,0,MLP_BASE_China_7,MLP_BASE,7
TRD_MLP_BASE_7_China_China_0011,China,000858.SZ,2024-08-26,2024-07-05,2024-08-27,37,atr_chandelier_stop,113.61,106.2,271,30.79,28.78,-2068.57,-0.0671,0,MLP_BASE_China_7,MLP_BASE,7
TRD_MLP_BASE_17_China_China_0012,China,600887.SS,2024-08-28,2024-07-31,2024-08-29,21,atr_chandelier_stop,22.15,20.11,1459,32.32,29.34,-3041.3,-0.094,0,MLP_BASE_China_17,MLP_BASE,17
TRD_MLP_BASE_17_China_China_0010,China,600036.SS,2024-09-09,2024-07-05,2024-09-10,47,atr_chandelier_stop,29.77,27.51,1140,33.94,31.36,-2642.81,-0.0778,0,MLP_BASE_China_17,MLP_BASE,17
TRD_MLP_BASE_37_China_China_0008,China,600519.SS,2024-09-10,2024-06-14,2024-09-11,63,max_horizon,1413.01,1275.88,23,32.5,29.35,-3215.76,-0.0989,0,MLP_BASE_China_37,MLP_BASE,37
TRD_MLP_BASE_7_China_China_0010,China,600519.SS,2024-09-12,2024-07-02,2024-09-13,53,atr_chandelier_stop,1329.12,1234.51,23,30.57,28.39,-2234.9,-0.073,0,MLP_BASE_China_7,MLP_BASE,7
TRD_MLP_BASE_17_China_China_0013,China,600519.SS,2024-09-18,2024-08-29,2024-09-19,13,atr_chandelier_stop,1279.96,1170.52,25,32.0,29.26,-2797.41,-0.0873,0,MLP_BASE_China_17,MLP_BASE,17
TRD_MLP_BASE_7_China_China_0013,China,000725.SZ,2024-10-11,2024-08-23,2024-10-14,29,atr_chandelier_stop,3.76,4.12,7879,29.63,32.48,2792.47,0.0942,1,MLP_BASE_China_7,MLP_BASE,7
TRD_MLP_BASE_17_China_China_0014,China,000725.SZ,2024-10-11,2024-09-10,2024-10-14,17,atr_chandelier_stop,3.71,4.12,8231,30.55,33.93,3320.62,0.1086,1,MLP_BASE_China_17,MLP_BASE,17
TRD_MLP_BASE_37_China_China_0011,China,002415.SZ,2024-10-11,2024-08-12,2024-10-14,38,atr_chandelier_stop,25.14,27.49,1223,30.75,33.62,2806.56,0.0912,1,MLP_BASE_China_37,MLP_BASE,37
TRD_MLP_BASE_17_China_China_0015,China,600196.SS,2024-10-11,2024-09-19,2024-10-14,12,atr_chandelier_stop,21.69,25.0,1383,30.0,34.58,4516.51,0.1504,1,MLP_BASE_China_17,MLP_BASE,17
TRD_MLP_BASE_17_China_China_0011,China,000333.SZ,2024-10-14,2024-07-09,2024-10-15,63,max_horizon,57.54,71.24,573,32.97,40.82,7774.63,0.2356,1,MLP_BASE_China_17,MLP_BASE,17
TRD_MLP_BASE_37_China_China_0010,China,601318.SS,2024-10-14,2024-07-09,2024-10-15,63,max_horizon,35.84,53.29,868,31.11,46.26,15075.1,0.4842,1,MLP_BASE_China_37,MLP_BASE,37
TRD_MLP_BASE_7_China_China_0015,China,000333.SZ,2024-10-31,2024-09-13,2024-11-01,28,atr_chandelier_stop,55.95,64.42,502,28.09,32.34,4190.07,0.149,1,MLP_BASE_China_7,MLP_BASE,7
TRD_MLP_BASE_37_China_China_0012,China,000333.SZ,2024-10-31,2024-09-11,2024-11-01,30,atr_chandelier_stop,54.57,64.42,556,30.34,35.82,5408.63,0.1781,1,MLP_BASE_China_37,MLP_BASE,37
TRD_MLP_BASE_37_China_China_0014,China,002475.SZ,2024-11-07,2024-10-15,2024-11-08,18,atr_chandelier_stop,43.5,41.04,887,38.59,36.4,-2259.16,-0.0585,0,MLP_BASE_China_37,MLP_BASE,37
TRD_MLP_BASE_7_China_China_0017,China,002475.SZ,2024-11-18,2024-11-01,2024-11-19,12,atr_chandelier_stop,41.76,38.17,806,33.66,30.77,-2957.81,-0.0878,0,MLP_BASE_China_7,MLP_BASE,7
TRD_MLP_BASE_7_China_China_0014,China,600887.SS,2024-12-02,2024-08-27,2024-12-03,63,max_horizon,20.81,26.28,1418,29.51,37.26,7677.16,0.2599,1,MLP_BASE_China_7,MLP_BASE,7
TRD_MLP_BASE_7_China_China_0019,China,601012.SS,2024-12-17,2024-12-03,2024-12-18,11,atr_chandelier_stop,18.55,16.79,1857,34.45,31.18,-3333.94,-0.0967,0,MLP_BASE_China_7,MLP_BASE,7
TRD_MLP_BASE_7_China_China_0018,China,002230.SZ,2024-12-31,2024-12-03,2024-12-31,20,calendar_end,50.92,48.11,676,34.42,32.52,-1971.55,-0.0572,0,MLP_BASE_China_7,MLP_BASE,7
TRD_MLP_BASE_7_China_China_0016,China,002241.SZ,2024-12-31,2024-10-14,2024-12-31,56,calendar_end,21.64,25.32,1551,33.56,39.27,5630.45,0.1676,1,MLP_BASE_China_7,MLP_BASE,7
TRD_MLP_BASE_17_China_China_0017,China,002241.SZ,2024-12-31,2024-10-14,2024-12-31,56,calendar_end,21.64,25.32,1603,34.69,40.58,5819.23,0.1676,1,MLP_BASE_China_17,MLP_BASE,17
TRD_MLP_BASE_37_China_China_0013,China,002241.SZ,2024-12-31,2024-10-15,2024-12-31,55,calendar_end,22.17,25.32,1742,38.62,44.1,5403.85,0.1398,1,MLP_BASE_China_37,MLP_BASE,37
TRD_MLP_BASE_17_China_China_0018,China,600036.SS,2024-12-31,2024-10-15,2024-12-31,55,calendar_end,35.62,35.74,992,35.34,35.45,46.49,0.0013,1,MLP_BASE_China_17,MLP_BASE,17
TRD_MLP_BASE_37_China_China_0016,China,600196.SS,2024-12-31,2024-11-08,2024-12-31,37,calendar_end,27.0,24.14,1393,37.62,33.63,-4063.01,-0.1079,0,MLP_BASE_China_37,MLP_BASE,37
TRD_MLP_BASE_37_China_China_0015,China,600519.SS,2024-12-31,2024-11-01,2024-12-31,42,calendar_end,1410.74,1435.63,26,36.68,37.33,573.08,0.0156,1,MLP_BASE_China_37,MLP_BASE,37
TRD_MLP_BASE_17_China_China_0016,China,600887.SS,2024-12-31,2024-10-14,2024-12-31,56,calendar_end,24.91,27.52,1393,34.7,38.33,3559.23,0.1025,1,MLP_BASE_China_17,MLP_BASE,17
TRD_MLP_BASE_7_France_France_0003,France,WLN.PA,2024-01-12,2024-01-03,2024-01-15,8,atr_chandelier_stop,160.16,137.53,197,31.55,27.09,-4516.6,-0.143,0,MLP_BASE_France_7,MLP_BASE,7
TRD_MLP_BASE_17_France_France_0002,France,DSY.PA,2024-02-01,2024-01-03,2024-02-02,22,atr_chandelier_stop,41.9,42.57,755,31.63,32.14,439.59,0.0139,1,MLP_BASE_France_17,MLP_BASE,17
TRD_MLP_BASE_7_France_France_0004,France,TEP.PA,2024-02-13,2024-01-15,2024-02-14,22,atr_chandelier_stop,119.21,116.53,251,29.92,29.25,-730.58,-0.0244,0,MLP_BASE_France_7,MLP_BASE,7
TRD_MLP_BASE_7_France_France_0005,France,WLN.PA,2024-03-06,2024-02-14,2024-03-07,16,atr_chandelier_stop,121.26,103.85,260,31.53,27.0,-4585.4,-0.1453,0,MLP_BASE_France_7,MLP_BASE,7
TRD_MLP_BASE_37_France_France_0002,France,CAP.PA,2024-04-02,2024-01-03,2024-04-03,63,max_horizon,175.53,195.65,180,31.6,35.22,3555.59,0.1124,1,MLP_BASE_France_37,MLP_BASE,37
TRD_MLP_BASE_7_France_France_0001,France,EL.PA,2024-04-02,2024-01-03,2024-04-03,63,max_horizon,166.95,192.35,189,31.55,36.35,4731.6,0.1498,1,MLP_BASE_France_7,MLP_BASE,7
TRD_MLP_BASE_37_France_France_0001,France,EL.PA,2024-04-02,2024-01-03,2024-04-03,63,max_horizon,166.95,192.35,189,31.55,36.35,4731.6,0.1498,1,MLP_BASE_France_37,MLP_BASE,37
TRD_MLP_BASE_7_France_France_0002,France,MC.PA,2024-04-02,2024-01-03,2024-04-03,63,max_horizon,677.1,773.38,46,31.15,35.58,4362.31,0.1399,1,MLP_BASE_France_7,MLP_BASE,7
TRD_MLP_BASE_17_France_France_0003,France,ML.PA,2024-04-02,2024-01-03,2024-04-03,63,max_horizon,28.76,31.07,1101,31.66,34.21,2480.89,0.0783,1,MLP_BASE_France_17,MLP_BASE,17
TRD_MLP_BASE_17_France_France_0001,France,SU.PA,2024-04-02,2024-01-03,2024-04-03,63,max_horizon,169.97,194.93,186,31.61,36.26,4574.41,0.1445,1,MLP_BASE_France_17,MLP_BASE,17
TRD_MLP_BASE_37_France_France_0003,France,SU.PA,2024-04-02,2024-01-03,2024-04-03,63,max_horizon,169.97,194.93,186,31.61,36.26,4574.41,0.1445,1,MLP_BASE_France_37,MLP_BASE,37
TRD_MLP_BASE_17_France_France_0004,France,CAP.PA,2024-04-17,2024-02-02,2024-04-18,52,atr_chandelier_stop,193.51,188.76,162,31.35,30.58,-831.69,-0.0265,0,MLP_BASE_France_17,MLP_BASE,17
TRD_MLP_BASE_7_France_France_0008,France,MC.PA,2024-05-29,2024-04-03,2024-05-30,40,atr_chandelier_stop,773.38,689.34,40,30.94,27.57,-3420.2,-0.1104,0,MLP_BASE_France_7,MLP_BASE,7
TRD_MLP_BASE_17_France_France_0005,France,MC.PA,2024-05-29,2024-04-03,2024-05-30,40,atr_chandelier_stop,773.38,689.34,44,34.03,30.33,-3762.22,-0.1104,0,MLP_BASE_France_17,MLP_BASE,17
TRD_MLP_BASE_7_France_France_0006,France,CAP.PA,2024-05-31,2024-04-03,2024-06-03,42,atr_chandelier_stop,195.65,177.28,160,31.3,28.36,-2999.45,-0.0957,0,MLP_BASE_France_7,MLP_BASE,7
TRD_MLP_BASE_37_France_France_0006,France,CAP.PA,2024-05-31,2024-04-03,2024-06-03,42,atr_chandelier_stop,195.65,177.28,182,35.61,32.27,-3411.87,-0.0957,0,MLP_BASE_France_37,MLP_BASE,37
TRD_MLP_BASE_7_France_France_0007,France,DG.PA,2024-06-10,2024-04-03,2024-06-11,48,atr_chandelier_stop,105.09,96.47,299,31.42,28.85,-2638.15,-0.0839,0,MLP_BASE_France_7,MLP_BASE,7
TRD_MLP_BASE_17_France_France_0006,France,DG.PA,2024-06-10,2024-04-03,2024-06-11,48,atr_chandelier_stop,105.09,96.47,324,34.05,31.26,-2858.73,-0.0839,0,MLP_BASE_France_17,MLP_BASE,17
TRD_MLP_BASE_37_France_France_0007,France,DG.PA,2024-06-11,2024-06-03,2024-06-12,7,atr_chandelier_stop,106.68,93.61,312,33.28,29.21,-4140.13,-0.1243,0,MLP_BASE_France_37,MLP_BASE,37
TRD_MLP_BASE_37_France_France_0004,France,RMS.PA,2024-06-11,2024-04-03,2024-06-12,49,atr_chandelier_stop,2293.96,2079.97,15,34.41,31.2,-3275.5,-0.0951,0,MLP_BASE_France_37,MLP_BASE,37
TRD_MLP_BASE_7_France_France_0010,France,DIM.PA,2024-06-19,2024-06-03,2024-06-20,13,atr_chandelier_stop,184.05,152.8,159,29.26,24.29,-5022.91,-0.1715,0,MLP_BASE_France_7,MLP_BASE,7
TRD_MLP_BASE_37_France_France_0005,France,AI.PA,2024-07-01,2024-04-03,2024-07-02,63,max_horizon,149.55,141.65,239,35.74,33.85,-1957.3,-0.0547,0,MLP_BASE_France_37,MLP_BASE,37
TRD_MLP_BASE_17_France_France_0009,France,OR.PA,2024-07-02,2024-06-11,2024-07-03,16,atr_chandelier_stop,437.71,394.17,71,31.08,27.99,-3150.41,-0.1013,0,MLP_BASE_France_17,MLP_BASE,17
TRD_MLP_BASE_37_France_France_0008,France,OR.PA,2024-07-02,2024-06-12,2024-07-03,15,atr_chandelier_stop,434.82,394.17,73,31.74,28.77,-3027.99,-0.0953,0,MLP_BASE_France_37,MLP_BASE,37
TRD_MLP_BASE_17_France_France_0007,France,RMS.PA,2024-07-08,2024-04-18,2024-07-09,57,atr_chandelier_stop,2277.46,2040.78,14,31.88,28.57,-3374.06,-0.1057,0,MLP_BASE_France_17,MLP_BASE,17
TRD_MLP_BASE_37_France_France_0011,France,WLN.PA,2024-08-01,2024-07-03,2024-08-02,22,atr_chandelier_stop,107.72,90.87,284,30.59,25.81,-4842.67,-0.1581,0,MLP_BASE_France_37,MLP_BASE,37
TRD_MLP_BASE_7_France_France_0009,France,SU.PA,2024-08-02,2024-05-30,2024-08-05,47,atr_chandelier_stop,218.74,187.91,137,29.97,25.74,-4278.78,-0.1426,0,MLP_BASE_France_7,MLP_BASE,7
TRD_MLP_BASE_37_France_France_0009,France,SU.PA,2024-08-02,2024-06-12,2024-08-05,38,atr_chandelier_stop,219.27,187.91,145,31.79,27.25,-4605.85,-0.1447,0,MLP_BASE_France_37,MLP_BASE,37
TRD_MLP_BASE_17_France_France_0008,France,AI.PA,2024-08-26,2024-05-30,2024-08-27,63,max_horizon,142.59,145.32,222,31.65,32.26,543.4,0.0171,1,MLP_BASE_France_17,MLP_BASE,17
TRD_MLP_BASE_7_France_France_0011,France,EL.PA,2024-09-05,2024-06-11,2024-09-06,63,max_horizon,200.09,200.96,143,28.61,28.74,66.4,0.0023,1,MLP_BASE_France_7,MLP_BASE,7
TRD_MLP_BASE_7_France_France_0012,France,OR.PA,2024-09-11,2024-07-01,2024-09-12,53,atr_chandelier_stop,399.18,357.81,66,26.35,23.62,-2780.57,-0.1054,0,MLP_BASE_France_7,MLP_BASE,7
TRD_MLP_BASE_37_France_France_0010,France,RI.PA,2024-09-26,2024-07-02,2024-09-27,63,max_horizon,110.25,122.81,279,30.76,34.26,3437.91,0.1116,1,MLP_BASE_France_37,MLP_BASE,37
TRD_MLP_BASE_17_France_France_0010,France,RI.PA,2024-09-27,2024-07-03,2024-09-30,63,max_horizon,112.49,123.97,263,29.58,32.6,2957.58,0.0999,1,MLP_BASE_France_17,MLP_BASE,17
TRD_MLP_BASE_17_France_France_0011,France,DSY.PA,2024-10-03,2024-07-09,2024-10-04,63,max_horizon,33.14,34.66,895,29.66,31.02,1297.55,0.0437,1,MLP_BASE_France_17,MLP_BASE,17
TRD_MLP_BASE_37_France_France_0012,France,OR.PA,2024-10-21,2024-08-02,2024-10-22,57,atr_chandelier_stop,371.49,350.68,77,28.6,27.0,-1657.73,-0.0579,0,MLP_BASE_France_37,MLP_BASE,37
TRD_MLP_BASE_7_France_France_0014,France,ML.PA,2024-10-24,2024-09-06,2024-10-25,35,atr_chandelier_stop,32.67,28.48,777,25.39,22.13,-3304.01,-0.13,0,MLP_BASE_France_7,MLP_BASE,7
TRD_MLP_BASE_7_France_France_0013,France,CAP.PA,2024-10-25,2024-08-05,2024-10-28,60,atr_chandelier_stop,166.53,166.67,152,25.31,25.33,-29.06,-0.0011,0,MLP_BASE_France_7,MLP_BASE,7
TRD_MLP_BASE_37_France_France_0013,France,AI.PA,2024-10-30,2024-08-05,2024-10-31,63,max_horizon,140.56,144.66,199,27.97,28.79,757.47,0.0271,1,MLP_BASE_France_37,MLP_BASE,37
TRD_MLP_BASE_7_France_France_0017,France,OR.PA,2024-11-19,2024-10-28,2024-11-20,17,atr_chandelier_stop,345.62,312.49,69,23.85,21.56,-2331.85,-0.0977,0,MLP_BASE_France_7,MLP_BASE,7
TRD_MLP_BASE_17_France_France_0012,France,EL.PA,2024-11-21,2024-08-27,2024-11-22,63,max_horizon,206.44,224.32,145,29.93,32.53,2530.76,0.0845,1,MLP_BASE_France_17,MLP_BASE,17
TRD_MLP_BASE_17_France_France_0013,France,AI.PA,2024-11-26,2024-09-30,2024-11-27,42,atr_chandelier_stop,153.35,136.51,205,31.44,27.98,-3511.3,-0.1116,0,MLP_BASE_France_17,MLP_BASE,17
TRD_MLP_BASE_7_France_France_0015,France,SAF.PA,2024-12-09,2024-09-12,2024-12-10,63,max_horizon,193.52,205.25,130,25.16,26.68,1473.62,0.0585,1,MLP_BASE_France_7,MLP_BASE,7
TRD_MLP_BASE_37_France_France_0014,France,EL.PA,2024-12-24,2024-09-27,2024-12-27,63,max_horizon,201.53,221.82,149,30.03,33.05,2959.84,0.0985,1,MLP_BASE_France_37,MLP_BASE,37
TRD_MLP_BASE_7_France_France_0018,France,AI.PA,2024-12-31,2024-12-10,2024-12-31,13,calendar_end,141.14,137.19,179,25.26,24.56,-757.17,-0.0299,0,MLP_BASE_France_7,MLP_BASE,7
TRD_MLP_BASE_37_France_France_0016,France,AI.PA,2024-12-31,2024-10-31,2024-12-31,41,calendar_end,144.66,137.19,197,28.5,27.03,-1526.38,-0.0535,0,MLP_BASE_France_37,MLP_BASE,37
TRD_MLP_BASE_17_France_France_0014,France,AIR.PA,2024-12-31,2024-10-04,2024-12-31,60,calendar_end,121.26,148.63,250,30.32,37.16,6774.46,0.2232,1,MLP_BASE_France_17,MLP_BASE,17
TRD_MLP_BASE_17_France_France_0015,France,DG.PA,2024-12-31,2024-11-22,2024-12-31,25,calendar_end,94.21,93.03,339,31.94,31.54,-461.89,-0.0144,0,MLP_BASE_France_17,MLP_BASE,17
TRD_MLP_BASE_17_France_France_0016,France,ML.PA,2024-12-31,2024-11-27,2024-12-31,22,calendar_end,28.3,29.23,1111,31.44,32.47,967.42,0.0307,1,MLP_BASE_France_17,MLP_BASE,17
TRD_MLP_BASE_37_France_France_0015,France,SAF.PA,2024-12-31,2024-10-22,2024-12-31,48,calendar_end,208.58,207.4,140,29.2,29.04,-222.52,-0.0076,0,MLP_BASE_France_37,MLP_BASE,37
TRD_MLP_BASE_7_France_France_0016,France,WLN.PA,2024-12-31,2024-10-25,2024-12-31,45,calendar_end,64.37,87.6,378,24.33,33.11,8722.93,0.3581,1,MLP_BASE_France_7,MLP_BASE,7
TRD_MLP_BASE_37_India_India_0003,India,ASIANPAINT.NS,2024-01-23,2024-01-02,2024-01-24,15,atr_chandelier_stop,3293.25,2962.57,9,29.64,26.66,-3032.44,-0.1022,0,MLP_BASE_India_37,MLP_BASE,37
TRD_MLP_BASE_7_India_India_0001,India,PIDILITIND.NS,2024-02-01,2024-01-02,2024-02-02,21,atr_chandelier_stop,1322.05,1240.11,23,30.41,28.52,-1943.73,-0.0639,0,MLP_BASE_India_7,MLP_BASE,7
TRD_MLP_BASE_37_India_India_0002,India,PIDILITIND.NS,2024-02-01,2024-01-02,2024-02-02,21,atr_chandelier_stop,1322.05,1240.11,23,30.41,28.52,-1943.73,-0.0639,0,MLP_BASE_India_37,MLP_BASE,37
TRD_MLP_BASE_37_India_India_0004,India,TECHM.NS,2024-03-19,2024-01-24,2024-03-20,38,atr_chandelier_stop,1265.52,1154.04,23,29.11,26.54,-2619.83,-0.0899,0,MLP_BASE_India_37,MLP_BASE,37
TRD_MLP_BASE_17_India_India_0002,India,INFY.NS,2024-03-20,2024-01-02,2024-03-21,54,atr_chandelier_stop,1424.71,1441.29,22,31.34,31.71,301.88,0.0096,1,MLP_BASE_India_17,MLP_BASE,17
TRD_MLP_BASE_17_India_India_0003,India,BHARTIARTL.NS,2024-04-04,2024-01-02,2024-04-05,63,max_horizon,990.9,1174.49,31,30.72,36.41,5624.18,0.1829,1,MLP_BASE_India_17,MLP_BASE,17
TRD_MLP_BASE_7_India_India_0002,India,MARUTI.NS,2024-04-04,2024-01-02,2024-04-05,63,max_horizon,9977.79,12120.88,3,29.93,36.36,6362.95,0.2124,1,MLP_BASE_India_7,MLP_BASE,7
TRD_MLP_BASE_37_India_India_0001,India,MARUTI.NS,2024-04-04,2024-01-02,2024-04-05,63,max_horizon,9977.79,12120.88,3,29.93,36.36,6362.95,0.2124,1,MLP_BASE_India_37,MLP_BASE,37
TRD_MLP_BASE_7_India_India_0003,India,SUNPHARMA.NS,2024-04-04,2024-01-02,2024-04-05,63,max_horizon,1227.12,1576.65,25,30.68,39.42,8668.21,0.2823,1,MLP_BASE_India_7,MLP_BASE,7
TRD_MLP_BASE_17_India_India_0001,India,SUNPHARMA.NS,2024-04-04,2024-01-02,2024-04-05,63,max_horizon,1227.12,1576.65,25,30.68,39.42,8668.21,0.2823,1,MLP_BASE_India_17,MLP_BASE,17
TRD_MLP_BASE_7_India_India_0004,India,ASIANPAINT.NS,2024-05-08,2024-02-02,2024-05-09,63,max_horizon,2860.74,2742.44,11,31.47,30.17,-1363.03,-0.0433,0,MLP_BASE_India_7,MLP_BASE,7
TRD_MLP_BASE_37_India_India_0005,India,EICHERMOT.NS,2024-05-08,2024-02-02,2024-05-09,63,max_horizon,3768.42,4425.48,7,26.38,30.98,4542.05,0.172,1,MLP_BASE_India_37,MLP_BASE,37
TRD_MLP_BASE_7_India_India_0006,India,LT.NS,2024-05-09,2024-04-05,2024-05-10,22,atr_chandelier_stop,3670.28,3194.72,9,33.03,28.75,-4341.88,-0.1313,0,MLP_BASE_India_7,MLP_BASE,7
TRD_MLP_BASE_37_India_India_0006,India,ULTRACEMCO.NS,2024-06-25,2024-03-20,2024-06-26,63,max_horizon,9230.67,10559.56,3,27.69,31.68,3927.29,0.1417,1,MLP_BASE_India_37,MLP_BASE,37
TRD_MLP_BASE_17_India_India_0004,India,INFY.NS,2024-06-26,2024-03-21,2024-06-27,63,max_horizon,1441.29,1446.11,25,36.03,36.15,48.33,0.0013,1,MLP_BASE_India_17,MLP_BASE,17
TRD_MLP_BASE_17_India_India_0005,India,ASIANPAINT.NS,2024-07-09,2024-04-05,2024-07-10,63,max_horizon,2835.53,2839.52,12,34.03,34.07,-20.28,-0.0006,0,MLP_BASE_India_17,MLP_BASE,17
TRD_MLP_BASE_17_India_India_0006,India,ICICIBANK.NS,2024-07-09,2024-04-05,2024-07-10,63,max_horizon,1043.94,1222.24,34,35.49,41.56,5985.14,0.1685,1,MLP_BASE_India_17,MLP_BASE,17
TRD_MLP_BASE_7_India_India_0005,India,INFY.NS,2024-07-09,2024-04-05,2024-07-10,63,max_horizon,1363.93,1557.55,26,35.46,40.5,4958.14,0.1397,1,MLP_BASE_India_7,MLP_BASE,7
TRD_MLP_BASE_37_India_India_0007,India,TECHM.NS,2024-07-09,2024-04-05,2024-07-10,63,max_horizon,1175.24,1356.91,27,31.73,36.64,4836.92,0.1523,1,MLP_BASE_India_37,MLP_BASE,37
TRD_MLP_BASE_7_India_India_0009,India,M&M.NS,2024-08-06,2024-07-10,2024-08-07,19,atr_chandelier_stop,2876.44,2648.19,13,37.39,34.43,-3039.07,-0.0812,0,MLP_BASE_India_7,MLP_BASE,7
TRD_MLP_BASE_17_India_India_0009,India,M&M.NS,2024-08-06,2024-07-10,2024-08-07,19,atr_chandelier_stop,2876.44,2648.19,13,37.39,34.43,-3039.07,-0.0812,0,MLP_BASE_India_17,MLP_BASE,17
TRD_MLP_BASE_7_India_India_0007,India,HCLTECH.NS,2024-08-08,2024-05-09,2024-08-09,63,max_horizon,1204.43,1462.77,28,33.72,40.96,7158.74,0.2121,1,MLP_BASE_India_7,MLP_BASE,7
TRD_MLP_BASE_37_India_India_0008,India,RELIANCE.NS,2024-08-08,2024-05-09,2024-08-09,63,max_horizon,1396.16,1442.6,23,32.11,33.18,1002.83,0.0312,1,MLP_BASE_India_37,MLP_BASE,37
TRD_MLP_BASE_7_India_India_0008,India,RELIANCE.NS,2024-08-09,2024-05-10,2024-08-12,63,max_horizon,1380.11,1452.48,24,33.12,34.86,1669.07,0.0503,1,MLP_BASE_India_7,MLP_BASE,7
TRD_MLP_BASE_37_India_India_0009,India,TCS.NS,2024-09-24,2024-06-26,2024-09-25,63,max_horizon,3563.5,3950.69,9,32.07,35.56,3417.12,0.1064,1,MLP_BASE_India_37,MLP_BASE,37
TRD_MLP_BASE_17_India_India_0007,India,TCS.NS,2024-09-25,2024-06-27,2024-09-26,63,max_horizon,3550.98,3957.8,10,35.51,39.58,3993.06,0.1123,1,MLP_BASE_India_17,MLP_BASE,17
TRD_MLP_BASE_37_India_India_0010,India,HCLTECH.NS,2024-10-09,2024-07-10,2024-10-10,63,max_horizon,1402.36,1679.75,26,36.46,43.67,7132.0,0.1954,1,MLP_BASE_India_37,MLP_BASE,37
TRD_MLP_BASE_17_India_India_0008,India,PIDILITIND.NS,2024-10-09,2024-07-10,2024-10-10,63,max_horizon,1533.98,1567.87,25,38.35,39.2,769.88,0.0201,1,MLP_BASE_India_17,MLP_BASE,17
TRD_MLP_BASE_7_India_India_0010,India,M&M.NS,2024-10-23,2024-08-07,2024-10-24,54,atr_chandelier_stop,2648.19,2712.49,13,34.43,35.26,766.25,0.0222,1,MLP_BASE_India_7,MLP_BASE,7
TRD_MLP_BASE_17_India_India_0010,India,ICICIBANK.NS,2024-11-05,2024-08-07,2024-11-06,63,max_horizon,1150.24,1279.51,32,36.81,40.94,4058.79,0.1102,1,MLP_BASE_India_17,MLP_BASE,17
TRD_MLP_BASE_7_India_India_0011,India,ICICIBANK.NS,2024-11-07,2024-08-09,2024-11-08,63,max_horizon,1147.9,1249.74,32,36.73,39.99,3182.19,0.0865,1,MLP_BASE_India_7,MLP_BASE,7
TRD_MLP_BASE_37_India_India_0011,India,ICICIBANK.NS,2024-11-07,2024-08-09,2024-11-08,63,max_horizon,1147.9,1249.74,32,36.73,39.99,3182.19,0.0865,1,MLP_BASE_India_37,MLP_BASE,37
TRD_MLP_BASE_37_India_India_0013,India,TITAN.NS,2024-11-07,2024-10-10,2024-11-08,21,atr_chandelier_stop,3488.02,3101.46,11,38.37,34.12,-4324.7,-0.1126,0,MLP_BASE_India_37,MLP_BASE,37
TRD_MLP_BASE_17_India_India_0012,India,ASIANPAINT.NS,2024-11-08,2024-10-10,2024-11-11,22,atr_chandelier_stop,3025.55,2511.51,13,39.33,32.65,-6754.52,-0.1716,0,MLP_BASE_India_17,MLP_BASE,17
TRD_MLP_BASE_7_India_India_0012,India,HDFCBANK.NS,2024-11-08,2024-08-12,2024-11-11,63,max_horizon,801.72,851.49,46,36.88,39.17,2213.28,0.06,1,MLP_BASE_India_7,MLP_BASE,7
TRD_MLP_BASE_7_India_India_0014,India,ASIANPAINT.NS,2024-11-11,2024-11-08,2024-11-12,2,atr_chandelier_stop,2783.51,2482.09,13,36.19,32.27,-3986.97,-0.1101,0,MLP_BASE_India_7,MLP_BASE,7
TRD_MLP_BASE_37_India_India_0014,India,ASIANPAINT.NS,2024-11-11,2024-11-08,2024-11-12,2,atr_chandelier_stop,2783.51,2482.09,13,36.19,32.27,-3986.97,-0.1101,0,MLP_BASE_India_37,MLP_BASE,37
TRD_MLP_BASE_17_India_India_0014,India,ASIANPAINT.NS,2024-12-19,2024-11-11,2024-12-20,27,atr_chandelier_stop,2511.51,2252.91,15,37.67,33.79,-3950.46,-0.1048,0,MLP_BASE_India_17,MLP_BASE,17
TRD_MLP_BASE_37_India_India_0012,India,TCS.NS,2024-12-26,2024-09-25,2024-12-27,63,max_horizon,3950.69,3877.11,10,39.51,38.77,-814.04,-0.0206,0,MLP_BASE_India_37,MLP_BASE,37
TRD_MLP_BASE_17_India_India_0011,India,TCS.NS,2024-12-27,2024-09-26,2024-12-30,63,max_horizon,3957.8,3865.94,10,39.58,38.66,-996.83,-0.0252,0,MLP_BASE_India_17,MLP_BASE,17
TRD_MLP_BASE_7_India_India_0015,India,BAJFINANCE.NS,2024-12-31,2024-11-11,2024-12-31,33,calendar_end,677.63,673.97,57,38.62,38.42,-285.37,-0.0074,0,MLP_BASE_India_7,MLP_BASE,7
TRD_MLP_BASE_17_India_India_0013,India,BHARTIARTL.NS,2024-12-31,2024-11-06,2024-12-31,36,calendar_end,1550.36,1555.02,24,37.21,37.32,37.12,0.001,1,MLP_BASE_India_17,MLP_BASE,17
TRD_MLP_BASE_37_India_India_0016,India,PIDILITIND.NS,2024-12-31,2024-11-12,2024-12-31,32,calendar_end,1529.42,1431.92,24,36.71,34.37,-2411.05,-0.0656,0,MLP_BASE_India_37,MLP_BASE,37
TRD_MLP_BASE_7_India_India_0016,India,RELIANCE.NS,2024-12-31,2024-11-12,2024-12-31,32,calendar_end,1264.63,1205.04,29,36.67,34.95,-1799.6,-0.049,0,MLP_BASE_India_7,MLP_BASE,7
TRD_MLP_BASE_17_India_India_0015,India,SUNPHARMA.NS,2024-12-31,2024-12-20,2024-12-31,6,calendar_end,1790.08,1851.98,20,35.8,37.04,1165.18,0.0325,1,MLP_BASE_India_17,MLP_BASE,17
TRD_MLP_BASE_7_India_India_0013,India,TITAN.NS,2024-12-31,2024-10-24,2024-12-31,45,calendar_end,3280.38,3232.78,11,36.08,35.56,-595.25,-0.0165,0,MLP_BASE_India_7,MLP_BASE,7
TRD_MLP_BASE_37_India_India_0015,India,TITAN.NS,2024-12-31,2024-11-08,2024-12-31,34,calendar_end,3101.46,3232.78,12,37.22,38.79,1499.86,0.0403,1,MLP_BASE_India_37,MLP_BASE,37
TRD_MLP_BASE_7_UK_UK_0003,UK,DGE.L,2024-04-02,2024-01-03,2024-04-03,63,max_horizon,2817.12,2931.34,11,30.99,32.24,1193.15,0.0385,1,MLP_BASE_UK_7,MLP_BASE,7
TRD_MLP_BASE_17_UK_UK_0003,UK,DGE.L,2024-04-02,2024-01-03,2024-04-03,63,max_horizon,2817.12,2931.34,11,30.99,32.24,1193.15,0.0385,1,MLP_BASE_UK_17,MLP_BASE,17
TRD_MLP_BASE_17_UK_UK_0002,UK,EXPN.L,2024-04-02,2024-01-03,2024-04-03,63,max_horizon,3111.61,3375.65,10,31.12,33.76,2575.51,0.0827,1,MLP_BASE_UK_17,MLP_BASE,17
TRD_MLP_BASE_37_UK_UK_0002,UK,EXPN.L,2024-04-02,2024-01-03,2024-04-03,63,max_horizon,3111.61,3375.65,10,31.12,33.76,2575.51,0.0827,1,MLP_BASE_UK_37,MLP_BASE,37
TRD_MLP_BASE_37_UK_UK_0003,UK,LSEG.L,2024-04-02,2024-01-03,2024-04-03,63,max_horizon,9128.06,9393.95,3,27.38,28.18,742.09,0.0271,1,MLP_BASE_UK_37,MLP_BASE,37
TRD_MLP_BASE_7_UK_UK_0002,UK,RTO.L,2024-04-02,2024-01-03,2024-04-03,63,max_horizon,429.82,468.29,73,31.38,34.19,2743.09,0.0873,1,MLP_BASE_UK_7,MLP_BASE,7
TRD_MLP_BASE_7_UK_UK_0001,UK,SGE.L,2024-04-02,2024-01-03,2024-04-03,63,max_horizon,1160.84,1245.43,27,31.34,33.63,2218.93,0.0707,1,MLP_BASE_UK_7,MLP_BASE,7
TRD_MLP_BASE_17_UK_UK_0001,UK,SGE.L,2024-04-02,2024-01-03,2024-04-03,63,max_horizon,1160.84,1245.43,27,31.34,33.63,2218.93,0.0707,1,MLP_BASE_UK_17,MLP_BASE,17
TRD_MLP_BASE_37_UK_UK_0001,UK,SGE.L,2024-04-02,2024-01-03,2024-04-03,63,max_horizon,1160.84,1245.43,27,31.34,33.63,2218.93,0.0707,1,MLP_BASE_UK_37,MLP_BASE,37
TRD_MLP_BASE_7_UK_UK_0004,UK,PRU.L,2024-06-07,2024-04-03,2024-06-10,46,atr_chandelier_stop,734.1,721.1,46,33.77,33.17,-664.69,-0.0197,0,MLP_BASE_UK_7,MLP_BASE,7
TRD_MLP_BASE_7_UK_UK_0005,UK,AUTO.L,2024-07-02,2024-04-03,2024-07-03,63,max_horizon,691.51,811.06,48,33.19,38.93,5666.29,0.1705,1,MLP_BASE_UK_7,MLP_BASE,7
TRD_MLP_BASE_37_UK_UK_0004,UK,AZN.L,2024-07-02,2024-04-03,2024-07-03,63,max_horizon,10515.34,12124.63,3,31.55,36.37,4759.94,0.1507,1,MLP_BASE_UK_37,MLP_BASE,37
TRD_MLP_BASE_17_UK_UK_0004,UK,LSEG.L,2024-07-02,2024-04-03,2024-07-03,63,max_horizon,9393.95,9256.81,3,28.18,27.77,-467.36,-0.0166,0,MLP_BASE_UK_17,MLP_BASE,17
TRD_MLP_BASE_37_UK_UK_0005,UK,LSEG.L,2024-07-02,2024-04-03,2024-07-03,63,max_horizon,9393.95,9256.81,3,28.18,27.77,-467.36,-0.0166,0,MLP_BASE_UK_37,MLP_BASE,37
TRD_MLP_BASE_17_UK_UK_0006,UK,REL.L,2024-07-02,2024-04-03,2024-07-03,63,max_horizon,3345.99,3586.3,10,33.46,35.86,2333.78,0.0697,1,MLP_BASE_UK_17,MLP_BASE,17
TRD_MLP_BASE_37_UK_UK_0006,UK,REL.L,2024-07-02,2024-04-03,2024-07-03,63,max_horizon,3345.99,3586.3,10,33.46,35.86,2333.78,0.0697,1,MLP_BASE_UK_37,MLP_BASE,37
TRD_MLP_BASE_7_UK_UK_0006,UK,RMV.L,2024-07-02,2024-04-03,2024-07-03,63,max_horizon,537.76,536.02,62,33.34,33.23,-174.45,-0.0052,0,MLP_BASE_UK_7,MLP_BASE,7
TRD_MLP_BASE_17_UK_UK_0005,UK,RMV.L,2024-07-02,2024-04-03,2024-07-03,63,max_horizon,537.76,536.02,62,33.34,33.23,-174.45,-0.0052,0,MLP_BASE_UK_17,MLP_BASE,17
TRD_MLP_BASE_7_UK_UK_0007,UK,LSEG.L,2024-09-05,2024-06-10,2024-09-06,63,max_horizon,9392.76,10056.94,3,28.18,30.17,1934.2,0.0686,1,MLP_BASE_UK_7,MLP_BASE,7
TRD_MLP_BASE_7_UK_UK_0010,UK,RTO.L,2024-09-11,2024-09-06,2024-09-12,4,atr_chandelier_stop,469.98,380.42,77,36.19,29.29,-6961.49,-0.1922,0,MLP_BASE_UK_7,MLP_BASE,7
TRD_MLP_BASE_17_UK_UK_0008,UK,AZN.L,2024-09-13,2024-07-03,2024-09-16,52,atr_chandelier_stop,12124.63,11995.42,2,24.25,23.99,-306.66,-0.0126,0,MLP_BASE_UK_17,MLP_BASE,17
TRD_MLP_BASE_7_UK_UK_0008,UK,AUTO.L,2024-09-30,2024-07-03,2024-10-01,63,max_horizon,811.06,870.9,42,34.06,36.58,2442.68,0.0716,1,MLP_BASE_UK_7,MLP_BASE,7
TRD_MLP_BASE_17_UK_UK_0007,UK,AUTO.L,2024-09-30,2024-07-03,2024-10-01,63,max_horizon,811.06,870.9,41,33.25,35.71,2384.52,0.0716,1,MLP_BASE_UK_17,MLP_BASE,17
TRD_MLP_BASE_17_UK_UK_0009,UK,CPG.L,2024-09-30,2024-07-03,2024-10-01,63,max_horizon,26.11,30.99,1301,33.96,40.32,6278.64,0.1847,1,MLP_BASE_UK_17,MLP_BASE,17
TRD_MLP_BASE_7_UK_UK_0009,UK,CRDA.L,2024-09-30,2024-07-03,2024-10-01,63,max_horizon,3966.45,4230.72,8,31.73,33.85,2048.57,0.0645,1,MLP_BASE_UK_7,MLP_BASE,7
TRD_MLP_BASE_37_UK_UK_0009,UK,DGE.L,2024-09-30,2024-07-03,2024-10-01,63,max_horizon,2528.13,2615.06,14,35.39,36.61,1144.97,0.0323,1,MLP_BASE_UK_37,MLP_BASE,37
TRD_MLP_BASE_37_UK_UK_0008,UK,EXPN.L,2024-09-30,2024-07-03,2024-10-01,63,max_horizon,3691.84,3927.76,9,33.23,35.35,2054.76,0.0618,1,MLP_BASE_UK_37,MLP_BASE,37
TRD_MLP_BASE_37_UK_UK_0007,UK,LSEG.L,2024-09-30,2024-07-03,2024-10-01,63,max_horizon,9256.81,10186.91,3,27.77,30.56,2731.96,0.0983,1,MLP_BASE_UK_37,MLP_BASE,37
TRD_MLP_BASE_37_UK_UK_0012,UK,JD.L,2024-10-07,2024-10-01,2024-10-08,5,atr_chandelier_stop,154.86,132.62,241,37.32,31.96,-5430.21,-0.1454,0,MLP_BASE_UK_37,MLP_BASE,37
TRD_MLP_BASE_7_UK_UK_0013,UK,OCDO.L,2024-10-21,2024-10-01,2024-10-22,15,atr_chandelier_stop,387.2,356.0,93,36.01,33.11,-2970.72,-0.0824,0,MLP_BASE_UK_7,MLP_BASE,7
TRD_MLP_BASE_7_UK_UK_0011,UK,PRU.L,2024-10-25,2024-09-12,2024-10-28,32,atr_chandelier_stop,624.79,649.38,54,33.74,35.07,1259.15,0.0373,1,MLP_BASE_UK_7,MLP_BASE,7
TRD_MLP_BASE_7_UK_UK_0012,UK,AZN.L,2024-11-05,2024-10-01,2024-11-06,26,atr_chandelier_stop,11655.55,10326.06,3,34.97,30.98,-4054.42,-0.1158,0,MLP_BASE_UK_7,MLP_BASE,7
TRD_MLP_BASE_7_UK_UK_0014,UK,JD.L,2024-11-08,2024-10-22,2024-11-11,14,atr_chandelier_stop,132.97,121.62,261,34.7,31.74,-3027.21,-0.0871,0,MLP_BASE_UK_7,MLP_BASE,7
TRD_MLP_BASE_7_UK_UK_0015,UK,OCDO.L,2024-11-18,2024-10-28,2024-11-19,16,atr_chandelier_stop,359.9,313.8,95,34.19,29.81,-4443.5,-0.1298,0,MLP_BASE_UK_7,MLP_BASE,7
TRD_MLP_BASE_7_UK_UK_0017,UK,JD.L,2024-11-21,2024-11-11,2024-11-22,9,atr_chandelier_stop,121.62,96.02,257,31.26,24.68,-6636.25,-0.2121,0,MLP_BASE_UK_7,MLP_BASE,7
TRD_MLP_BASE_17_UK_UK_0010,UK,HLMA.L,2024-12-11,2024-09-16,2024-12-12,63,max_horizon,2558.63,2793.59,14,35.82,39.11,3214.59,0.0897,1,MLP_BASE_UK_17,MLP_BASE,17
TRD_MLP_BASE_7_UK_UK_0018,UK,OCDO.L,2024-12-19,2024-11-19,2024-12-20,23,atr_chandelier_stop,313.8,293.7,96,30.12,28.2,-1987.92,-0.0659,0,MLP_BASE_UK_7,MLP_BASE,7
TRD_MLP_BASE_17_UK_UK_0011,UK,LSEG.L,2024-12-30,2024-10-01,2024-12-31,63,max_horizon,10186.91,11311.56,3,30.56,33.93,3309.48,0.1082,1,MLP_BASE_UK_17,MLP_BASE,17
TRD_MLP_BASE_37_UK_UK_0010,UK,LSEG.L,2024-12-30,2024-10-01,2024-12-31,63,max_horizon,10186.91,11311.56,3,30.56,33.93,3309.48,0.1082,1,MLP_BASE_UK_37,MLP_BASE,37
TRD_MLP_BASE_17_UK_UK_0012,UK,REL.L,2024-12-30,2024-10-01,2024-12-31,63,max_horizon,3532.51,3599.48,10,35.33,35.99,598.39,0.0169,1,MLP_BASE_UK_17,MLP_BASE,17
TRD_MLP_BASE_37_UK_UK_0011,UK,REL.L,2024-12-30,2024-10-01,2024-12-31,63,max_horizon,3532.51,3599.48,10,35.33,35.99,598.39,0.0169,1,MLP_BASE_UK_37,MLP_BASE,37
TRD_MLP_BASE_7_UK_UK_0016,UK,RMV.L,2024-12-31,2024-11-06,2024-12-31,37,calendar_end,604.43,641.62,52,31.43,33.36,1869.05,0.0594,1,MLP_BASE_UK_7,MLP_BASE,7
TRD_MLP_BASE_17_UK_UK_0013,UK,RMV.L,2024-12-31,2024-12-12,2024-12-31,11,calendar_end,676.01,641.62,58,39.21,37.21,-2071.06,-0.0528,0,MLP_BASE_UK_17,MLP_BASE,17
TRD_MLP_BASE_37_UK_UK_0013,UK,RMV.L,2024-12-31,2024-10-08,2024-12-31,58,calendar_end,619.82,641.62,57,35.33,36.57,1170.34,0.0331,1,MLP_BASE_UK_37,MLP_BASE,37
TRD_MLP_BASE_7_UK_UK_0019,UK,RTO.L,2024-12-31,2024-11-22,2024-12-31,25,calendar_end,402.71,400.61,70,28.19,28.04,-203.16,-0.0072,0,MLP_BASE_UK_7,MLP_BASE,7
TRD_MLP_BASE_7_UK_UK_0020,UK,SGE.L,2024-12-31,2024-12-20,2024-12-31,5,calendar_end,1299.99,1272.5,22,28.6,28.0,-661.36,-0.0231,0,MLP_BASE_UK_7,MLP_BASE,7
TRD_MLP_BASE_17_US_US_0003,US,AMGN,2024-02-09,2024-01-03,2024-02-12,27,atr_chandelier_stop,276.41,267.13,114,31.51,30.45,-1120.55,-0.0355,0,MLP_BASE_US_17,MLP_BASE,17
TRD_MLP_BASE_37_US_US_0003,US,LMT,2024-04-03,2024-01-03,2024-04-04,63,max_horizon,429.2,424.31,73,31.33,30.97,-419.22,-0.0134,0,MLP_BASE_US_37,MLP_BASE,37
TRD_MLP_BASE_7_US_US_0002,US,META,2024-04-03,2024-01-03,2024-04-04,63,max_horizon,341.98,512.47,92,31.46,47.15,15606.53,0.4956,1,MLP_BASE_US_7,MLP_BASE,7
TRD_MLP_BASE_37_US_US_0001,US,META,2024-04-03,2024-01-03,2024-04-04,63,max_horizon,341.98,512.47,92,31.46,47.15,15606.53,0.4956,1,MLP_BASE_US_37,MLP_BASE,37
TRD_MLP_BASE_7_US_US_0003,US,NVDA,2024-04-03,2024-01-03,2024-04-04,63,max_horizon,47.4,90.25,668,31.66,60.29,28531.23,0.9002,1,MLP_BASE_US_7,MLP_BASE,7
TRD_MLP_BASE_17_US_US_0002,US,NVDA,2024-04-03,2024-01-03,2024-04-04,63,max_horizon,47.4,90.25,668,31.66,60.29,28531.23,0.9002,1,MLP_BASE_US_17,MLP_BASE,17
TRD_MLP_BASE_17_US_US_0001,US,REGN,2024-04-03,2024-01-03,2024-04-04,63,max_horizon,898.32,953.2,35,31.44,33.36,1856.07,0.059,1,MLP_BASE_US_17,MLP_BASE,17
TRD_MLP_BASE_37_US_US_0002,US,REGN,2024-04-03,2024-01-03,2024-04-04,63,max_horizon,898.32,953.2,35,31.44,33.36,1856.07,0.059,1,MLP_BASE_US_37,MLP_BASE,37
TRD_MLP_BASE_7_US_US_0001,US,V,2024-04-03,2024-01-03,2024-04-04,63,max_horizon,253.26,273.17,125,31.66,34.15,2423.32,0.0765,1,MLP_BASE_US_7,MLP_BASE,7
TRD_MLP_BASE_7_US_US_0005,US,AMD,2024-04-15,2024-04-04,2024-04-16,8,atr_chandelier_stop,182.92,162.28,250,45.73,40.57,-5246.3,-0.1146,0,MLP_BASE_US_7,MLP_BASE,7
TRD_MLP_BASE_37_US_US_0005,US,AMD,2024-04-15,2024-04-04,2024-04-16,8,atr_chandelier_stop,182.92,162.28,200,36.58,32.46,-4197.04,-0.1146,0,MLP_BASE_US_37,MLP_BASE,37
TRD_MLP_BASE_7_US_US_0006,US,NVDA,2024-04-19,2024-04-04,2024-04-22,12,atr_chandelier_stop,90.25,77.97,507,45.76,39.53,-6311.63,-0.1378,0,MLP_BASE_US_7,MLP_BASE,7
TRD_MLP_BASE_7_US_US_0004,US,META,2024-04-25,2024-04-04,2024-04-26,16,atr_chandelier_stop,512.47,438.08,89,45.61,38.99,-6704.98,-0.1469,0,MLP_BASE_US_7,MLP_BASE,7
TRD_MLP_BASE_17_US_US_0006,US,META,2024-04-25,2024-04-04,2024-04-26,16,atr_chandelier_stop,512.47,438.08,79,40.48,34.61,-5951.61,-0.1469,0,MLP_BASE_US_17,MLP_BASE,17
TRD_MLP_BASE_37_US_US_0006,US,META,2024-04-25,2024-04-04,2024-04-26,16,atr_chandelier_stop,512.47,438.08,71,36.39,31.1,-5348.92,-0.1469,0,MLP_BASE_US_37,MLP_BASE,37
TRD_MLP_BASE_7_US_US_0008,US,ADBE,2024-06-03,2024-04-22,2024-06-04,30,atr_chandelier_stop,470.22,442.82,85,39.97,37.64,-2406.61,-0.0602,0,MLP_BASE_US_7,MLP_BASE,7
TRD_MLP_BASE_37_US_US_0008,US,ADBE,2024-06-03,2024-04-26,2024-06-04,26,atr_chandelier_stop,472.31,442.82,69,32.59,30.55,-2097.95,-0.0643,0,MLP_BASE_US_37,MLP_BASE,37
TRD_MLP_BASE_17_US_US_0004,US,REGN,2024-07-03,2024-04-04,2024-07-05,63,max_horizon,953.2,1017.86,42,40.03,42.75,2632.93,0.0657,1,MLP_BASE_US_17,MLP_BASE,17
TRD_MLP_BASE_37_US_US_0004,US,REGN,2024-07-03,2024-04-04,2024-07-05,63,max_horizon,953.2,1017.86,38,36.22,38.68,2382.17,0.0657,1,MLP_BASE_US_37,MLP_BASE,37
TRD_MLP_BASE_17_US_US_0005,US,V,2024-07-03,2024-04-04,2024-07-05,63,max_horizon,273.17,264.47,148,40.43,39.14,-1366.72,-0.0338,0,MLP_BASE_US_17,MLP_BASE,17
TRD_MLP_BASE_7_US_US_0007,US,AMD,2024-07-16,2024-04-16,2024-07-17,63,max_horizon,162.28,169.8,267,43.33,45.34,1919.18,0.0442,1,MLP_BASE_US_7,MLP_BASE,7
TRD_MLP_BASE_37_US_US_0007,US,AMD,2024-07-16,2024-04-16,2024-07-17,63,max_horizon,162.28,169.8,212,34.4,36.0,1523.84,0.0442,1,MLP_BASE_US_37,MLP_BASE,37
TRD_MLP_BASE_7_US_US_0010,US,META,2024-07-17,2024-06-04,2024-07-18,30,atr_chandelier_stop,473.35,471.83,83,39.29,39.16,-204.34,-0.0052,0,MLP_BASE_US_7,MLP_BASE,7
TRD_MLP_BASE_17_US_US_0007,US,AMZN,2024-07-25,2024-04-26,2024-07-26,62,atr_chandelier_stop,177.8,180.39,213,37.87,38.42,475.37,0.0125,1,MLP_BASE_US_17,MLP_BASE,17
TRD_MLP_BASE_7_US_US_0009,US,V,2024-07-26,2024-04-26,2024-07-29,63,max_horizon,269.88,255.94,148,39.94,37.88,-2141.43,-0.0536,0,MLP_BASE_US_7,MLP_BASE,7
TRD_MLP_BASE_37_US_US_0009,US,V,2024-09-03,2024-06-04,2024-09-04,63,max_horizon,265.09,274.57,127,33.67,34.87,1135.01,0.0337,1,MLP_BASE_US_37,MLP_BASE,37
TRD_MLP_BASE_17_US_US_0008,US,LMT,2024-10-02,2024-07-05,2024-10-03,63,max_horizon,441.13,576.64,92,40.58,53.05,12372.84,0.3046,1,MLP_BASE_US_17,MLP_BASE,17
TRD_MLP_BASE_37_US_US_0010,US,LMT,2024-10-02,2024-07-05,2024-10-03,63,max_horizon,441.13,576.64,77,33.97,44.4,10355.53,0.3046,1,MLP_BASE_US_37,MLP_BASE,37
TRD_MLP_BASE_17_US_US_0009,US,NOC,2024-10-02,2024-07-05,2024-10-03,63,max_horizon,422.92,524.41,96,40.6,50.34,9652.32,0.2375,1,MLP_BASE_US_17,MLP_BASE,17
TRD_MLP_BASE_7_US_US_0011,US,CRM,2024-10-14,2024-07-17,2024-10-15,63,max_horizon,250.4,289.75,164,41.06,47.52,6365.51,0.1549,1,MLP_BASE_US_7,MLP_BASE,7
TRD_MLP_BASE_37_US_US_0011,US,NOC,2024-10-14,2024-07-17,2024-10-15,63,max_horizon,420.61,519.96,83,34.91,43.16,8167.67,0.2337,1,MLP_BASE_US_37,MLP_BASE,37
TRD_MLP_BASE_7_US_US_0012,US,LMT,2024-10-15,2024-07-18,2024-10-16,63,max_horizon,450.17,575.27,88,39.61,50.62,10918.54,0.2753,1,MLP_BASE_US_7,MLP_BASE,7
TRD_MLP_BASE_17_US_US_0010,US,AMGN,2024-10-23,2024-07-26,2024-10-24,63,max_horizon,312.82,296.04,134,41.92,39.67,-2329.42,-0.0555,0,MLP_BASE_US_17,MLP_BASE,17
TRD_MLP_BASE_7_US_US_0013,US,NOC,2024-10-24,2024-07-29,2024-10-25,63,max_horizon,465.45,510.79,89,41.43,45.46,3948.29,0.0952,1,MLP_BASE_US_7,MLP_BASE,7
TRD_MLP_BASE_7_US_US_0016,US,REGN,2024-10-31,2024-10-25,2024-11-01,5,atr_chandelier_stop,921.53,836.71,50,46.08,41.84,-4328.89,-0.0939,0,MLP_BASE_US_7,MLP_BASE,7
TRD_MLP_BASE_7_US_US_0014,US,AVGO,2024-11-15,2024-10-15,2024-11-18,24,atr_chandelier_stop,178.04,163.14,263,46.82,42.9,-4008.31,-0.0855,0,MLP_BASE_US_7,MLP_BASE,7
TRD_MLP_BASE_17_US_US_0013,US,AVGO,2024-11-15,2024-10-24,2024-11-18,17,atr_chandelier_stop,171.61,163.14,279,47.88,45.52,-2456.25,-0.0513,0,MLP_BASE_US_17,MLP_BASE,17
TRD_MLP_BASE_37_US_US_0014,US,AVGO,2024-11-15,2024-10-15,2024-11-18,24,atr_chandelier_stop,178.04,163.14,230,40.95,37.52,-3505.37,-0.0855,0,MLP_BASE_US_37,MLP_BASE,37
TRD_MLP_BASE_37_US_US_0012,US,V,2024-12-02,2024-09-04,2024-12-03,63,max_horizon,274.57,312.98,144,39.54,45.07,5446.97,0.1376,1,MLP_BASE_US_37,MLP_BASE,37
TRD_MLP_BASE_7_US_US_0017,US,ADBE,2024-12-12,2024-11-01,2024-12-13,29,atr_chandelier_stop,475.41,473.98,92,43.74,43.61,-218.9,-0.005,0,MLP_BASE_US_7,MLP_BASE,7
TRD_MLP_BASE_7_US_US_0015,US,NVDA,2024-12-16,2024-10-16,2024-12-17,43,atr_chandelier_stop,133.77,128.9,345,46.15,44.47,-1771.97,-0.0384,0,MLP_BASE_US_7,MLP_BASE,7
TRD_MLP_BASE_17_US_US_0012,US,NVDA,2024-12-16,2024-10-03,2024-12-17,52,atr_chandelier_stop,120.73,128.9,381,46.0,49.11,3016.18,0.0655,1,MLP_BASE_US_17,MLP_BASE,17
TRD_MLP_BASE_17_US_US_0015,US,AAPL,2024-12-31,2024-12-17,2024-12-31,9,calendar_end,248.28,248.62,191,47.42,47.49,-30.43,-0.0006,0,MLP_BASE_US_17,MLP_BASE,17
TRD_MLP_BASE_37_US_US_0015,US,AVGO,2024-12-31,2024-11-18,2024-12-31,29,calendar_end,163.14,228.92,258,42.09,59.06,16871.05,0.4004,1,MLP_BASE_US_37,MLP_BASE,37
TRD_MLP_BASE_7_US_US_0018,US,INTU,2024-12-31,2024-11-18,2024-12-31,29,calendar_end,674.81,618.57,67,45.21,41.44,-3855.19,-0.0852,0,MLP_BASE_US_7,MLP_BASE,7
TRD_MLP_BASE_17_US_US_0014,US,INTU,2024-12-31,2024-11-18,2024-12-31,29,calendar_end,674.81,618.57,69,46.56,42.68,-3970.27,-0.0852,0,MLP_BASE_US_17,MLP_BASE,17
TRD_MLP_BASE_37_US_US_0013,US,ISRG,2024-12-31,2024-10-03,2024-12-31,61,calendar_end,484.42,521.96,84,40.69,43.84,3068.82,0.0753,1,MLP_BASE_US_37,MLP_BASE,37
TRD_MLP_BASE_17_US_US_0011,US,META,2024-12-31,2024-10-03,2024-12-31,61,calendar_end,566.89,582.63,81,45.92,47.19,1181.97,0.0257,1,MLP_BASE_US_17,MLP_BASE,17
TRD_MLP_BASE_7_US_US_0020,US,NOC,2024-12-31,2024-12-17,2024-12-31,9,calendar_end,469.17,457.79,91,42.69,41.66,-1119.42,-0.0262,0,MLP_BASE_US_7,MLP_BASE,7
TRD_MLP_BASE_37_US_US_0016,US,NOC,2024-12-31,2024-12-03,2024-12-31,19,calendar_end,473.78,457.79,90,42.64,41.2,-1522.8,-0.0357,0,MLP_BASE_US_37,MLP_BASE,37
TRD_MLP_BASE_7_US_US_0019,US,REGN,2024-12-31,2024-12-13,2024-12-31,11,calendar_end,731.55,705.67,59,43.16,41.63,-1611.47,-0.0373,0,MLP_BASE_US_7,MLP_BASE,7
TRD_MLP_GATE_7_Brazil_Brazil_0002,Brazil,VALE3.SA,2024-01-18,2024-01-03,2024-01-19,12,atr_chandelier_stop,60.34,54.67,524,31.62,28.65,-3032.18,-0.0958,0,MLP_GATE_Brazil_7,MLP_GATE,7
TRD_MLP_GATE_17_Brazil_Brazil_0003,Brazil,VALE3.SA,2024-01-18,2024-01-03,2024-01-19,12,atr_chandelier_stop,60.34,54.67,524,31.62,28.65,-3032.18,-0.0958,0,MLP_GATE_Brazil_17,MLP_GATE,17
TRD_MLP_GATE_37_Brazil_Brazil_0003,Brazil,VALE3.SA,2024-01-18,2024-01-03,2024-01-19,12,atr_chandelier_stop,60.34,54.67,524,31.62,28.65,-3032.18,-0.0958,0,MLP_GATE_Brazil_37,MLP_GATE,37
TRD_MLP_GATE_7_Brazil_Brazil_0004,Brazil,VALE3.SA,2024-03-15,2024-01-19,2024-03-18,39,atr_chandelier_stop,54.67,49.71,545,29.8,27.09,-2759.56,-0.0925,0,MLP_GATE_Brazil_7,MLP_GATE,7
TRD_MLP_GATE_17_Brazil_Brazil_0004,Brazil,VALE3.SA,2024-03-15,2024-01-19,2024-03-18,39,atr_chandelier_stop,54.67,49.71,545,29.8,27.09,-2759.56,-0.0925,0,MLP_GATE_Brazil_17,MLP_GATE,17
TRD_MLP_GATE_37_Brazil_Brazil_0004,Brazil,VALE3.SA,2024-03-15,2024-01-19,2024-03-18,39,atr_chandelier_stop,54.67,49.71,545,29.8,27.09,-2759.56,-0.0925,0,MLP_GATE_Brazil_37,MLP_GATE,37
TRD_MLP_GATE_7_Brazil_Brazil_0003,Brazil,RAIL3.SA,2024-04-03,2024-01-03,2024-04-04,63,max_horizon,21.11,21.17,1500,31.66,31.76,36.06,0.0011,1,MLP_GATE_Brazil_7,MLP_GATE,7
TRD_MLP_GATE_17_Brazil_Brazil_0002,Brazil,RAIL3.SA,2024-04-03,2024-01-03,2024-04-04,63,max_horizon,21.11,21.17,1500,31.66,31.76,36.06,0.0011,1,MLP_GATE_Brazil_17,MLP_GATE,17
TRD_MLP_GATE_37_Brazil_Brazil_0002,Brazil,RAIL3.SA,2024-04-03,2024-01-03,2024-04-04,63,max_horizon,21.11,21.17,1500,31.66,31.76,36.06,0.0011,1,MLP_GATE_Brazil_37,MLP_GATE,37
TRD_MLP_GATE_7_Brazil_Brazil_0001,Brazil,SUZB3.SA,2024-04-03,2024-01-03,2024-04-04,63,max_horizon,51.94,61.18,609,31.63,37.26,5558.8,0.1756,1,MLP_GATE_Brazil_7,MLP_GATE,7
TRD_MLP_GATE_17_Brazil_Brazil_0001,Brazil,SUZB3.SA,2024-04-03,2024-01-03,2024-04-04,63,max_horizon,51.94,61.18,609,31.63,37.26,5558.8,0.1756,1,MLP_GATE_Brazil_17,MLP_GATE,17
TRD_MLP_GATE_37_Brazil_Brazil_0001,Brazil,SUZB3.SA,2024-04-03,2024-01-03,2024-04-04,63,max_horizon,51.94,61.18,609,31.63,37.26,5558.8,0.1756,1,MLP_GATE_Brazil_37,MLP_GATE,37
TRD_MLP_GATE_7_Brazil_Brazil_0006,Brazil,RAIL3.SA,2024-04-24,2024-04-04,2024-04-25,15,atr_chandelier_stop,21.17,19.51,1518,32.14,29.61,-2592.83,-0.0806,0,MLP_GATE_Brazil_7,MLP_GATE,7
TRD_MLP_GATE_17_Brazil_Brazil_0006,Brazil,RAIL3.SA,2024-04-24,2024-04-04,2024-04-25,15,atr_chandelier_stop,21.17,19.51,1518,32.14,29.61,-2592.83,-0.0806,0,MLP_GATE_Brazil_17,MLP_GATE,17
TRD_MLP_GATE_37_Brazil_Brazil_0007,Brazil,RAIL3.SA,2024-04-24,2024-04-04,2024-04-25,15,atr_chandelier_stop,21.17,19.51,1518,32.14,29.61,-2592.83,-0.0806,0,MLP_GATE_Brazil_37,MLP_GATE,37
TRD_MLP_GATE_7_Brazil_Brazil_0005,Brazil,KLBN11.SA,2024-05-31,2024-03-18,2024-06-03,52,atr_chandelier_stop,18.21,17.71,1686,30.7,29.86,-896.43,-0.0292,0,MLP_GATE_Brazil_7,MLP_GATE,7
TRD_MLP_GATE_17_Brazil_Brazil_0005,Brazil,KLBN11.SA,2024-05-31,2024-03-18,2024-06-03,52,atr_chandelier_stop,18.21,17.71,1686,30.7,29.86,-896.43,-0.0292,0,MLP_GATE_Brazil_17,MLP_GATE,17
TRD_MLP_GATE_37_Brazil_Brazil_0005,Brazil,KLBN11.SA,2024-05-31,2024-03-18,2024-06-03,52,atr_chandelier_stop,18.21,17.71,1686,30.7,29.86,-896.43,-0.0292,0,MLP_GATE_Brazil_37,MLP_GATE,37
TRD_MLP_GATE_7_Brazil_Brazil_0007,Brazil,WEGE3.SA,2024-07-03,2024-04-04,2024-07-04,63,max_horizon,35.48,39.67,906,32.14,35.94,3726.46,0.1158,1,MLP_GATE_Brazil_7,MLP_GATE,7
TRD_MLP_GATE_17_Brazil_Brazil_0007,Brazil,WEGE3.SA,2024-07-03,2024-04-04,2024-07-04,63,max_horizon,35.48,39.67,906,32.14,35.94,3726.46,0.1158,1,MLP_GATE_Brazil_17,MLP_GATE,17
TRD_MLP_GATE_37_Brazil_Brazil_0006,Brazil,WEGE3.SA,2024-07-03,2024-04-04,2024-07-04,63,max_horizon,35.48,39.67,906,32.14,35.94,3726.46,0.1158,1,MLP_GATE_Brazil_37,MLP_GATE,37
TRD_MLP_GATE_7_Brazil_Brazil_0008,Brazil,TOTS3.SA,2024-07-24,2024-04-25,2024-07-25,63,max_horizon,26.76,26.38,1157,30.97,30.52,-504.95,-0.0163,0,MLP_GATE_Brazil_7,MLP_GATE,7
TRD_MLP_GATE_17_Brazil_Brazil_0008,Brazil,TOTS3.SA,2024-07-24,2024-04-25,2024-07-25,63,max_horizon,26.76,26.38,1157,30.97,30.52,-504.95,-0.0163,0,MLP_GATE_Brazil_17,MLP_GATE,17
TRD_MLP_GATE_37_Brazil_Brazil_0008,Brazil,TOTS3.SA,2024-07-24,2024-04-25,2024-07-25,63,max_horizon,26.76,26.38,1157,30.97,30.52,-504.95,-0.0163,0,MLP_GATE_Brazil_37,MLP_GATE,37
TRD_MLP_GATE_7_Brazil_Brazil_0009,Brazil,LREN3.SA,2024-08-28,2024-06-03,2024-08-29,63,max_horizon,10.6,14.26,2890,30.63,41.21,10513.05,0.3429,1,MLP_GATE_Brazil_7,MLP_GATE,7
TRD_MLP_GATE_17_Brazil_Brazil_0009,Brazil,RADL3.SA,2024-08-28,2024-06-03,2024-08-29,63,max_horizon,23.45,26.09,1306,30.62,34.08,3390.91,0.1106,1,MLP_GATE_Brazil_17,MLP_GATE,17
TRD_MLP_GATE_37_Brazil_Brazil_0009,Brazil,RADL3.SA,2024-08-28,2024-06-03,2024-08-29,63,max_horizon,23.45,26.09,1306,30.62,34.08,3390.91,0.1106,1,MLP_GATE_Brazil_37,MLP_GATE,37
TRD_MLP_GATE_7_Brazil_Brazil_0011,Brazil,TOTS3.SA,2024-09-26,2024-07-25,2024-09-27,46,atr_chandelier_stop,26.38,27.09,1234,32.55,33.43,807.38,0.0248,1,MLP_GATE_Brazil_7,MLP_GATE,7
TRD_MLP_GATE_17_Brazil_Brazil_0011,Brazil,TOTS3.SA,2024-09-26,2024-07-25,2024-09-27,46,atr_chandelier_stop,26.38,27.09,1256,33.13,34.02,821.77,0.0248,1,MLP_GATE_Brazil_17,MLP_GATE,17
TRD_MLP_GATE_37_Brazil_Brazil_0011,Brazil,TOTS3.SA,2024-09-26,2024-07-25,2024-09-27,46,atr_chandelier_stop,26.38,27.09,1256,33.13,34.02,821.77,0.0248,1,MLP_GATE_Brazil_37,MLP_GATE,37
TRD_MLP_GATE_7_Brazil_Brazil_0010,Brazil,WEGE3.SA,2024-09-30,2024-07-04,2024-10-01,63,max_horizon,39.67,51.83,801,31.77,41.52,9673.94,0.3042,1,MLP_GATE_Brazil_7,MLP_GATE,7
TRD_MLP_GATE_17_Brazil_Brazil_0010,Brazil,WEGE3.SA,2024-09-30,2024-07-04,2024-10-01,63,max_horizon,39.67,51.83,818,32.45,42.4,9879.25,0.3042,1,MLP_GATE_Brazil_17,MLP_GATE,17
TRD_MLP_GATE_37_Brazil_Brazil_0010,Brazil,WEGE3.SA,2024-09-30,2024-07-04,2024-10-01,63,max_horizon,39.67,51.83,818,32.45,42.4,9879.25,0.3042,1,MLP_GATE_Brazil_37,MLP_GATE,37
TRD_MLP_GATE_17_Brazil_Brazil_0012,Brazil,RADL3.SA,2024-10-08,2024-08-29,2024-10-09,29,atr_chandelier_stop,26.09,23.39,1414,36.9,33.07,-3893.52,-0.1054,0,MLP_GATE_Brazil_17,MLP_GATE,17
TRD_MLP_GATE_17_Brazil_Brazil_0015,Brazil,FLRY3.SA,2024-11-08,2024-10-09,2024-11-11,23,atr_chandelier_stop,12.85,11.61,2674,34.37,31.04,-3397.22,-0.0987,0,MLP_GATE_Brazil_17,MLP_GATE,17
TRD_MLP_GATE_17_Brazil_Brazil_0014,Brazil,TOTS3.SA,2024-11-11,2024-10-01,2024-11-12,30,atr_chandelier_stop,28.0,28.83,1245,34.86,35.89,963.97,0.0276,1,MLP_GATE_Brazil_17,MLP_GATE,17
TRD_MLP_GATE_7_Brazil_Brazil_0012,Brazil,SUZB3.SA,2024-11-27,2024-08-29,2024-11-28,63,max_horizon,53.15,56.48,735,39.07,41.51,2364.55,0.0605,1,MLP_GATE_Brazil_7,MLP_GATE,7
TRD_MLP_GATE_37_Brazil_Brazil_0012,Brazil,SUZB3.SA,2024-11-27,2024-08-29,2024-11-28,63,max_horizon,53.15,56.48,694,36.89,39.2,2232.65,0.0605,1,MLP_GATE_Brazil_37,MLP_GATE,37
TRD_MLP_GATE_7_Brazil_Brazil_0013,Brazil,RADL3.SA,2024-12-16,2024-09-27,2024-12-17,55,atr_chandelier_stop,24.64,22.19,1543,38.02,34.24,-3848.95,-0.1011,0,MLP_GATE_Brazil_7,MLP_GATE,7
TRD_MLP_GATE_17_Brazil_Brazil_0017,Brazil,RADL3.SA,2024-12-16,2024-11-12,2024-12-17,23,atr_chandelier_stop,23.83,22.19,1433,34.14,31.8,-2410.1,-0.0705,0,MLP_GATE_Brazil_17,MLP_GATE,17
TRD_MLP_GATE_37_Brazil_Brazil_0014,Brazil,RADL3.SA,2024-12-16,2024-10-01,2024-12-17,53,atr_chandelier_stop,24.31,22.19,1460,35.49,32.4,-3160.91,-0.089,0,MLP_GATE_Brazil_37,MLP_GATE,37
TRD_MLP_GATE_7_Brazil_Brazil_0014,Brazil,RAIL3.SA,2024-12-16,2024-10-01,2024-12-17,53,atr_chandelier_stop,19.03,17.8,1960,37.31,34.88,-2497.21,-0.0669,0,MLP_GATE_Brazil_7,MLP_GATE,7
TRD_MLP_GATE_17_Brazil_Brazil_0013,Brazil,RAIL3.SA,2024-12-16,2024-10-01,2024-12-17,53,atr_chandelier_stop,19.03,17.8,1832,34.87,32.6,-2334.12,-0.0669,0,MLP_GATE_Brazil_17,MLP_GATE,17
TRD_MLP_GATE_37_Brazil_Brazil_0013,Brazil,RAIL3.SA,2024-12-16,2024-10-01,2024-12-17,53,atr_chandelier_stop,19.03,17.8,1864,35.48,33.17,-2374.89,-0.0669,0,MLP_GATE_Brazil_37,MLP_GATE,37
TRD_MLP_GATE_7_Brazil_Brazil_0015,Brazil,FLRY3.SA,2024-12-18,2024-11-28,2024-12-19,15,atr_chandelier_stop,11.65,10.59,3308,38.54,35.04,-3568.0,-0.0925,0,MLP_GATE_Brazil_7,MLP_GATE,7
TRD_MLP_GATE_17_Brazil_Brazil_0016,Brazil,FLRY3.SA,2024-12-18,2024-11-11,2024-12-19,26,atr_chandelier_stop,11.61,10.59,2936,34.08,31.1,-3041.35,-0.0892,0,MLP_GATE_Brazil_17,MLP_GATE,17
TRD_MLP_GATE_37_Brazil_Brazil_0015,Brazil,FLRY3.SA,2024-12-18,2024-11-28,2024-12-19,15,atr_chandelier_stop,11.65,10.59,3132,36.49,33.18,-3378.17,-0.0925,0,MLP_GATE_Brazil_37,MLP_GATE,37
TRD_MLP_GATE_7_Brazil_Brazil_0018,Brazil,FLRY3.SA,2024-12-30,2024-12-19,2024-12-30,5,calendar_end,10.59,10.47,3327,35.24,34.84,-474.18,-0.0134,0,MLP_GATE_Brazil_7,MLP_GATE,7
TRD_MLP_GATE_17_Brazil_Brazil_0020,Brazil,FLRY3.SA,2024-12-30,2024-12-19,2024-12-30,5,calendar_end,10.59,10.47,2931,31.05,30.69,-417.74,-0.0134,0,MLP_GATE_Brazil_17,MLP_GATE,17
TRD_MLP_GATE_37_Brazil_Brazil_0018,Brazil,FLRY3.SA,2024-12-30,2024-12-19,2024-12-30,5,calendar_end,10.59,10.47,3150,33.37,32.99,-448.95,-0.0134,0,MLP_GATE_Brazil_37,MLP_GATE,37
TRD_MLP_GATE_7_Brazil_Brazil_0016,Brazil,KLBN11.SA,2024-12-30,2024-12-17,2024-12-30,7,calendar_end,20.98,20.99,1724,36.16,36.18,-56.74,-0.0016,0,MLP_GATE_Brazil_7,MLP_GATE,7
TRD_MLP_GATE_17_Brazil_Brazil_0018,Brazil,KLBN11.SA,2024-12-30,2024-12-17,2024-12-30,7,calendar_end,20.98,20.99,1518,31.84,31.86,-49.96,-0.0016,0,MLP_GATE_Brazil_17,MLP_GATE,17
TRD_MLP_GATE_37_Brazil_Brazil_0016,Brazil,KLBN11.SA,2024-12-30,2024-12-17,2024-12-30,7,calendar_end,20.98,20.99,1632,34.23,34.25,-53.72,-0.0016,0,MLP_GATE_Brazil_37,MLP_GATE,37
TRD_MLP_GATE_7_Brazil_Brazil_0017,Brazil,RADL3.SA,2024-12-30,2024-12-17,2024-12-30,7,calendar_end,22.19,20.85,1630,36.17,33.99,-2248.64,-0.0621,0,MLP_GATE_Brazil_7,MLP_GATE,7
TRD_MLP_GATE_17_Brazil_Brazil_0019,Brazil,RADL3.SA,2024-12-30,2024-12-17,2024-12-30,7,calendar_end,22.19,20.85,1435,31.84,29.92,-1979.63,-0.0621,0,MLP_GATE_Brazil_17,MLP_GATE,17
TRD_MLP_GATE_37_Brazil_Brazil_0017,Brazil,RADL3.SA,2024-12-30,2024-12-17,2024-12-30,7,calendar_end,22.19,20.85,1543,34.24,32.18,-2128.62,-0.0621,0,MLP_GATE_Brazil_37,MLP_GATE,37
TRD_MLP_GATE_7_China_China_0003,China,600309.SS,2024-01-17,2024-01-03,2024-01-18,11,atr_chandelier_stop,71.42,63.69,443,31.64,28.22,-3482.69,-0.11,0,MLP_GATE_China_7,MLP_GATE,7
TRD_MLP_GATE_17_China_China_0002,China,600309.SS,2024-01-17,2024-01-03,2024-01-18,11,atr_chandelier_stop,71.42,63.69,443,31.64,28.22,-3482.69,-0.11,0,MLP_GATE_China_17,MLP_GATE,17
TRD_MLP_GATE_37_China_China_0002,China,600309.SS,2024-01-17,2024-01-03,2024-01-18,11,atr_chandelier_stop,71.42,63.69,443,31.64,28.22,-3482.69,-0.11,0,MLP_GATE_China_37,MLP_GATE,37
TRD_MLP_GATE_17_China_China_0003,China,300059.SZ,2024-01-22,2024-01-03,2024-01-23,14,atr_chandelier_stop,13.66,12.28,2318,31.66,28.47,-3246.42,-0.1024,0,MLP_GATE_China_17,MLP_GATE,17
TRD_MLP_GATE_37_China_China_0003,China,300059.SZ,2024-01-22,2024-01-03,2024-01-23,14,atr_chandelier_stop,13.66,12.28,2318,31.66,28.47,-3246.42,-0.1024,0,MLP_GATE_China_37,MLP_GATE,37
TRD_MLP_GATE_7_China_China_0002,China,600276.SS,2024-01-29,2024-01-03,2024-01-30,19,atr_chandelier_stop,43.66,38.73,725,31.65,28.08,-3632.13,-0.1146,0,MLP_GATE_China_7,MLP_GATE,7
TRD_MLP_GATE_7_China_China_0004,China,300059.SZ,2024-04-08,2024-01-18,2024-04-09,50,atr_chandelier_stop,12.18,12.4,2462,30.0,30.53,475.11,0.0158,1,MLP_GATE_China_7,MLP_GATE,7
TRD_MLP_GATE_7_China_China_0001,China,000333.SZ,2024-04-10,2024-01-03,2024-04-11,63,max_horizon,47.14,56.09,671,31.63,37.63,5933.61,0.1874,1,MLP_GATE_China_7,MLP_GATE,7
TRD_MLP_GATE_17_China_China_0001,China,000333.SZ,2024-04-10,2024-01-03,2024-04-11,63,max_horizon,47.14,56.09,671,31.63,37.63,5933.61,0.1874,1,MLP_GATE_China_17,MLP_GATE,17
TRD_MLP_GATE_37_China_China_0001,China,000333.SZ,2024-04-10,2024-01-03,2024-04-11,63,max_horizon,47.14,56.09,671,31.63,37.63,5933.61,0.1874,1,MLP_GATE_China_37,MLP_GATE,37
TRD_MLP_GATE_17_China_China_0004,China,000858.SZ,2024-04-12,2024-01-18,2024-04-15,54,atr_chandelier_stop,108.58,122.32,275,29.86,33.64,3716.66,0.1244,1,MLP_GATE_China_17,MLP_GATE,17
TRD_MLP_GATE_37_China_China_0004,China,000858.SZ,2024-04-12,2024-01-18,2024-04-15,54,atr_chandelier_stop,108.58,122.32,275,29.86,33.64,3716.66,0.1244,1,MLP_GATE_China_37,MLP_GATE,37
TRD_MLP_GATE_7_China_China_0005,China,600276.SS,2024-04-18,2024-01-30,2024-04-19,50,atr_chandelier_stop,38.73,41.47,788,30.52,32.68,2099.98,0.0687,1,MLP_GATE_China_7,MLP_GATE,7
TRD_MLP_GATE_17_China_China_0005,China,600309.SS,2024-04-30,2024-01-23,2024-05-06,63,max_horizon,65.42,87.71,455,29.76,39.91,10073.05,0.3381,1,MLP_GATE_China_17,MLP_GATE,17
TRD_MLP_GATE_37_China_China_0005,China,600309.SS,2024-04-30,2024-01-23,2024-05-06,63,max_horizon,65.42,87.71,455,29.76,39.91,10073.05,0.3381,1,MLP_GATE_China_37,MLP_GATE,37
TRD_MLP_GATE_7_China_China_0008,China,600276.SS,2024-05-24,2024-04-19,2024-05-27,23,atr_chandelier_stop,41.47,41.8,787,32.64,32.9,190.92,0.0058,1,MLP_GATE_China_7,MLP_GATE,7
TRD_MLP_GATE_7_China_China_0006,China,002415.SZ,2024-07-02,2024-04-11,2024-07-03,55,atr_chandelier_stop,28.05,27.97,1177,33.02,32.93,-158.67,-0.0048,0,MLP_GATE_China_7,MLP_GATE,7
TRD_MLP_GATE_17_China_China_0006,China,002415.SZ,2024-07-02,2024-04-11,2024-07-03,55,atr_chandelier_stop,28.05,27.97,1259,35.32,35.22,-169.72,-0.0048,0,MLP_GATE_China_17,MLP_GATE,17
TRD_MLP_GATE_37_China_China_0006,China,002415.SZ,2024-07-02,2024-04-11,2024-07-03,55,atr_chandelier_stop,28.05,27.97,1259,35.32,35.22,-169.72,-0.0048,0,MLP_GATE_China_37,MLP_GATE,37
TRD_MLP_GATE_7_China_China_0007,China,601318.SS,2024-07-08,2024-04-11,2024-07-09,59,atr_chandelier_stop,34.26,35.84,963,32.99,34.51,1453.89,0.044,1,MLP_GATE_China_7,MLP_GATE,7
TRD_MLP_GATE_17_China_China_0008,China,601318.SS,2024-07-08,2024-05-06,2024-07-09,45,atr_chandelier_stop,37.87,35.84,968,36.66,34.69,-2042.41,-0.0557,0,MLP_GATE_China_17,MLP_GATE,17
TRD_MLP_GATE_37_China_China_0008,China,601318.SS,2024-07-08,2024-05-06,2024-07-09,45,atr_chandelier_stop,37.87,35.84,968,36.66,34.69,-2042.41,-0.0557,0,MLP_GATE_China_37,MLP_GATE,37
TRD_MLP_GATE_17_China_China_0007,China,002241.SZ,2024-07-16,2024-04-15,2024-07-17,63,max_horizon,14.71,22.6,2368,34.83,53.52,18601.13,0.5335,1,MLP_GATE_China_17,MLP_GATE,17
TRD_MLP_GATE_37_China_China_0007,China,002241.SZ,2024-07-16,2024-04-15,2024-07-17,63,max_horizon,14.71,22.6,2368,34.83,53.52,18601.13,0.5335,1,MLP_GATE_China_37,MLP_GATE,37
TRD_MLP_GATE_7_China_China_0009,China,002475.SZ,2024-07-23,2024-05-27,2024-07-24,41,atr_chandelier_stop,31.23,37.97,1097,34.26,41.66,7324.4,0.2136,1,MLP_GATE_China_7,MLP_GATE,7
TRD_MLP_GATE_17_China_China_0011,China,002475.SZ,2024-07-23,2024-07-17,2024-07-24,5,atr_chandelier_stop,42.52,37.97,980,41.67,37.22,-4536.97,-0.1088,0,MLP_GATE_China_17,MLP_GATE,17
TRD_MLP_GATE_37_China_China_0011,China,002475.SZ,2024-07-23,2024-07-17,2024-07-24,5,atr_chandelier_stop,42.52,37.97,980,41.67,37.22,-4536.97,-0.1088,0,MLP_GATE_China_37,MLP_GATE,37
TRD_MLP_GATE_7_China_China_0012,China,600887.SS,2024-08-26,2024-07-24,2024-08-27,24,atr_chandelier_stop,23.15,20.81,1538,35.6,32.01,-3657.29,-0.1026,0,MLP_GATE_China_7,MLP_GATE,7
TRD_MLP_GATE_7_China_China_0011,China,000858.SZ,2024-08-28,2024-07-24,2024-08-29,26,atr_chandelier_stop,114.21,104.22,311,35.52,32.41,-3177.13,-0.0894,0,MLP_GATE_China_7,MLP_GATE,7
TRD_MLP_GATE_17_China_China_0012,China,000858.SZ,2024-08-28,2024-07-24,2024-08-29,26,atr_chandelier_stop,114.21,104.22,349,39.86,36.37,-3565.33,-0.0894,0,MLP_GATE_China_17,MLP_GATE,17
TRD_MLP_GATE_37_China_China_0012,China,000858.SZ,2024-08-28,2024-07-24,2024-08-29,26,atr_chandelier_stop,114.21,104.22,349,39.86,36.37,-3565.33,-0.0894,0,MLP_GATE_China_37,MLP_GATE,37
TRD_MLP_GATE_7_China_China_0014,China,002241.SZ,2024-09-09,2024-08-29,2024-09-10,8,atr_chandelier_stop,18.85,18.47,1796,33.85,33.16,-751.35,-0.0222,0,MLP_GATE_China_7,MLP_GATE,7
TRD_MLP_GATE_17_China_China_0009,China,600519.SS,2024-09-12,2024-07-03,2024-09-13,52,atr_chandelier_stop,1390.34,1234.51,27,37.54,33.33,-4278.05,-0.1138,0,MLP_GATE_China_17,MLP_GATE,17
TRD_MLP_GATE_37_China_China_0009,China,600519.SS,2024-09-12,2024-07-03,2024-09-13,52,atr_chandelier_stop,1390.34,1234.51,27,37.54,33.33,-4278.05,-0.1138,0,MLP_GATE_China_37,MLP_GATE,37
TRD_MLP_GATE_7_China_China_0010,China,600276.SS,2024-10-14,2024-07-09,2024-10-15,63,max_horizon,38.63,51.0,910,35.15,46.41,11172.77,0.3175,1,MLP_GATE_China_7,MLP_GATE,7
TRD_MLP_GATE_17_China_China_0010,China,600276.SS,2024-10-14,2024-07-09,2024-10-15,63,max_horizon,38.63,51.0,979,37.82,49.93,12019.94,0.3175,1,MLP_GATE_China_17,MLP_GATE,17
TRD_MLP_GATE_37_China_China_0010,China,600276.SS,2024-10-14,2024-07-09,2024-10-15,63,max_horizon,38.63,51.0,979,37.82,49.93,12019.94,0.3175,1,MLP_GATE_China_37,MLP_GATE,37
TRD_MLP_GATE_7_China_China_0013,China,002594.SZ,2024-10-31,2024-08-27,2024-11-01,41,atr_chandelier_stop,77.95,96.22,439,34.22,42.24,7946.78,0.232,1,MLP_GATE_China_7,MLP_GATE,7
TRD_MLP_GATE_17_China_China_0013,China,002594.SZ,2024-10-31,2024-08-29,2024-11-01,39,atr_chandelier_stop,76.57,96.22,506,38.75,48.69,9854.43,0.2541,1,MLP_GATE_China_17,MLP_GATE,17
TRD_MLP_GATE_37_China_China_0013,China,002594.SZ,2024-10-31,2024-08-29,2024-11-01,39,atr_chandelier_stop,76.57,96.22,506,38.75,48.69,9854.43,0.2541,1,MLP_GATE_China_37,MLP_GATE,37
TRD_MLP_GATE_17_China_China_0014,China,002475.SZ,2024-11-06,2024-09-13,2024-11-07,32,atr_chandelier_stop,36.08,40.1,1113,40.15,44.63,4394.96,0.1093,1,MLP_GATE_China_17,MLP_GATE,17
TRD_MLP_GATE_37_China_China_0014,China,002475.SZ,2024-11-06,2024-09-13,2024-11-07,32,atr_chandelier_stop,36.08,40.1,1113,40.15,44.63,4394.96,0.1093,1,MLP_GATE_China_37,MLP_GATE,37
TRD_MLP_GATE_7_China_China_0017,China,002475.SZ,2024-11-18,2024-11-01,2024-11-19,12,atr_chandelier_stop,41.76,38.17,888,37.08,33.9,-3258.73,-0.0878,0,MLP_GATE_China_7,MLP_GATE,7
TRD_MLP_GATE_7_China_China_0016,China,000858.SZ,2024-11-22,2024-10-15,2024-11-25,29,atr_chandelier_stop,135.34,131.64,289,39.11,38.04,-1148.89,-0.0293,0,MLP_GATE_China_7,MLP_GATE,7
TRD_MLP_GATE_17_China_China_0017,China,002475.SZ,2024-11-25,2024-11-07,2024-11-26,13,atr_chandelier_stop,40.1,36.4,1123,45.03,40.88,-4239.42,-0.094,0,MLP_GATE_China_17,MLP_GATE,17
TRD_MLP_GATE_7_China_China_0015,China,600276.SS,2024-12-16,2024-10-15,2024-12-17,45,atr_chandelier_stop,51.0,45.7,768,39.17,35.1,-4144.02,-0.1057,0,MLP_GATE_China_7,MLP_GATE,7
TRD_MLP_GATE_17_China_China_0015,China,600276.SS,2024-12-16,2024-10-15,2024-12-17,45,atr_chandelier_stop,51.0,45.7,928,47.33,42.41,-5007.36,-0.1057,0,MLP_GATE_China_17,MLP_GATE,17
TRD_MLP_GATE_37_China_China_0015,China,600276.SS,2024-12-16,2024-10-15,2024-12-17,45,atr_chandelier_stop,51.0,45.7,928,47.33,42.41,-5007.36,-0.1057,0,MLP_GATE_China_37,MLP_GATE,37
TRD_MLP_GATE_37_China_China_0017,China,002230.SZ,2024-12-31,2024-11-07,2024-12-31,38,calendar_end,46.79,48.11,962,45.01,46.28,1172.92,0.026,1,MLP_GATE_China_37,MLP_GATE,37
TRD_MLP_GATE_7_China_China_0018,China,002241.SZ,2024-12-31,2024-11-19,2024-12-31,30,calendar_end,23.65,25.32,1539,36.4,38.96,2486.34,0.0682,1,MLP_GATE_China_7,MLP_GATE,7
TRD_MLP_GATE_17_China_China_0016,China,002241.SZ,2024-12-31,2024-11-01,2024-12-31,42,calendar_end,22.58,25.32,1973,44.55,49.95,5310.01,0.1191,1,MLP_GATE_China_17,MLP_GATE,17
TRD_MLP_GATE_37_China_China_0016,China,002241.SZ,2024-12-31,2024-11-01,2024-12-31,42,calendar_end,22.58,25.32,1973,44.55,49.95,5310.01,0.1191,1,MLP_GATE_China_37,MLP_GATE,37
TRD_MLP_GATE_7_China_China_0019,China,002475.SZ,2024-12-31,2024-11-25,2024-12-31,26,calendar_end,37.24,40.31,980,36.5,39.5,2928.36,0.0802,1,MLP_GATE_China_7,MLP_GATE,7
TRD_MLP_GATE_17_China_China_0018,China,600036.SS,2024-12-31,2024-11-26,2024-12-31,25,calendar_end,32.76,35.74,1315,43.09,47.0,3820.29,0.0886,1,MLP_GATE_China_17,MLP_GATE,17
TRD_MLP_GATE_7_China_China_0020,China,600519.SS,2024-12-31,2024-12-17,2024-12-31,10,calendar_end,1415.37,1435.63,26,36.8,37.33,452.62,0.0123,1,MLP_GATE_China_7,MLP_GATE,7
TRD_MLP_GATE_17_China_China_0019,China,600519.SS,2024-12-31,2024-12-17,2024-12-31,10,calendar_end,1415.37,1435.63,31,43.88,44.5,539.67,0.0123,1,MLP_GATE_China_17,MLP_GATE,17
TRD_MLP_GATE_37_China_China_0018,China,600519.SS,2024-12-31,2024-12-17,2024-12-31,10,calendar_end,1415.37,1435.63,32,45.29,45.94,557.08,0.0123,1,MLP_GATE_China_37,MLP_GATE,37
TRD_MLP_GATE_7_France_France_0001,France,EL.PA,2024-04-02,2024-01-03,2024-04-03,63,max_horizon,166.95,192.35,189,31.55,36.35,4731.6,0.1498,1,MLP_GATE_France_7,MLP_GATE,7
TRD_MLP_GATE_17_France_France_0001,France,EL.PA,2024-04-02,2024-01-03,2024-04-03,63,max_horizon,166.95,192.35,189,31.55,36.35,4731.6,0.1498,1,MLP_GATE_France_17,MLP_GATE,17
TRD_MLP_GATE_37_France_France_0001,France,EL.PA,2024-04-02,2024-01-03,2024-04-03,63,max_horizon,166.95,192.35,189,31.55,36.35,4731.6,0.1498,1,MLP_GATE_France_37,MLP_GATE,37
TRD_MLP_GATE_17_France_France_0003,France,ML.PA,2024-04-02,2024-01-03,2024-04-03,63,max_horizon,28.76,31.07,1101,31.66,34.21,2480.89,0.0783,1,MLP_GATE_France_17,MLP_GATE,17
TRD_MLP_GATE_37_France_France_0003,France,ML.PA,2024-04-02,2024-01-03,2024-04-03,63,max_horizon,28.76,31.07,1101,31.66,34.21,2480.89,0.0783,1,MLP_GATE_France_37,MLP_GATE,37
TRD_MLP_GATE_7_France_France_0002,France,OR.PA,2024-04-02,2024-01-03,2024-04-03,63,max_horizon,421.12,409.26,75,31.58,30.69,-951.67,-0.0301,0,MLP_GATE_France_7,MLP_GATE,7
TRD_MLP_GATE_17_France_France_0002,France,OR.PA,2024-04-02,2024-01-03,2024-04-03,63,max_horizon,421.12,409.26,75,31.58,30.69,-951.67,-0.0301,0,MLP_GATE_France_17,MLP_GATE,17
TRD_MLP_GATE_37_France_France_0002,France,OR.PA,2024-04-02,2024-01-03,2024-04-03,63,max_horizon,421.12,409.26,75,31.58,30.69,-951.67,-0.0301,0,MLP_GATE_France_37,MLP_GATE,37
TRD_MLP_GATE_7_France_France_0003,France,SU.PA,2024-04-02,2024-01-03,2024-04-03,63,max_horizon,169.97,194.93,186,31.61,36.26,4574.41,0.1445,1,MLP_GATE_France_7,MLP_GATE,7
TRD_MLP_GATE_7_France_France_0005,France,CAP.PA,2024-05-31,2024-04-03,2024-06-03,42,atr_chandelier_stop,195.65,177.28,175,34.24,31.02,-3280.64,-0.0957,0,MLP_GATE_France_7,MLP_GATE,7
TRD_MLP_GATE_17_France_France_0006,France,CAP.PA,2024-05-31,2024-04-03,2024-06-03,42,atr_chandelier_stop,195.65,177.28,172,33.65,30.49,-3224.4,-0.0957,0,MLP_GATE_France_17,MLP_GATE,17
TRD_MLP_GATE_37_France_France_0006,France,CAP.PA,2024-05-31,2024-04-03,2024-06-03,42,atr_chandelier_stop,195.65,177.28,172,33.65,30.49,-3224.4,-0.0957,0,MLP_GATE_France_37,MLP_GATE,37
TRD_MLP_GATE_7_France_France_0006,France,DG.PA,2024-06-10,2024-04-03,2024-06-11,48,atr_chandelier_stop,105.09,96.47,326,34.26,31.45,-2876.37,-0.0839,0,MLP_GATE_France_7,MLP_GATE,7
TRD_MLP_GATE_17_France_France_0007,France,DG.PA,2024-06-11,2024-06-03,2024-06-12,7,atr_chandelier_stop,106.68,93.61,303,32.32,28.36,-4020.71,-0.1243,0,MLP_GATE_France_17,MLP_GATE,17
TRD_MLP_GATE_37_France_France_0007,France,DG.PA,2024-06-11,2024-06-03,2024-06-12,7,atr_chandelier_stop,106.68,93.61,303,32.32,28.36,-4020.71,-0.1243,0,MLP_GATE_France_37,MLP_GATE,37
TRD_MLP_GATE_17_France_France_0005,France,AI.PA,2024-07-01,2024-04-03,2024-07-02,63,max_horizon,149.55,141.65,225,33.65,31.87,-1842.65,-0.0547,0,MLP_GATE_France_17,MLP_GATE,17
TRD_MLP_GATE_37_France_France_0005,France,AI.PA,2024-07-01,2024-04-03,2024-07-02,63,max_horizon,149.55,141.65,225,33.65,31.87,-1842.65,-0.0547,0,MLP_GATE_France_37,MLP_GATE,37
TRD_MLP_GATE_7_France_France_0004,France,EL.PA,2024-07-01,2024-04-03,2024-07-02,63,max_horizon,192.35,192.3,178,34.24,34.23,-76.09,-0.0022,0,MLP_GATE_France_7,MLP_GATE,7
TRD_MLP_GATE_17_France_France_0004,France,EL.PA,2024-07-01,2024-04-03,2024-07-02,63,max_horizon,192.35,192.3,175,33.66,33.65,-74.81,-0.0022,0,MLP_GATE_France_17,MLP_GATE,17
TRD_MLP_GATE_37_France_France_0004,France,EL.PA,2024-07-01,2024-04-03,2024-07-02,63,max_horizon,192.35,192.3,175,33.66,33.65,-74.81,-0.0022,0,MLP_GATE_France_37,MLP_GATE,37
TRD_MLP_GATE_17_France_France_0008,France,MC.PA,2024-07-24,2024-06-12,2024-07-25,31,atr_chandelier_stop,702.0,625.46,44,30.89,27.52,-3426.17,-0.1108,0,MLP_GATE_France_17,MLP_GATE,17
TRD_MLP_GATE_37_France_France_0009,France,MC.PA,2024-08-01,2024-07-02,2024-08-02,23,atr_chandelier_stop,677.72,606.89,45,30.5,27.31,-3245.08,-0.1063,0,MLP_GATE_France_37,MLP_GATE,37
TRD_MLP_GATE_37_France_France_0008,France,SU.PA,2024-08-02,2024-06-12,2024-08-05,38,atr_chandelier_stop,219.27,187.91,142,31.14,26.68,-4510.56,-0.1447,0,MLP_GATE_France_37,MLP_GATE,37
TRD_MLP_GATE_7_France_France_0008,France,DSY.PA,2024-08-05,2024-06-11,2024-08-06,40,atr_chandelier_stop,36.14,32.54,910,32.89,29.62,-3332.34,-0.1012,0,MLP_GATE_France_7,MLP_GATE,7
TRD_MLP_GATE_7_France_France_0007,France,AI.PA,2024-08-28,2024-06-03,2024-08-29,63,max_horizon,145.48,146.42,230,33.46,33.68,150.04,0.0045,1,MLP_GATE_France_7,MLP_GATE,7
TRD_MLP_GATE_17_France_France_0010,France,OR.PA,2024-09-11,2024-07-02,2024-09-12,52,atr_chandelier_stop,393.98,357.81,77,30.34,27.55,-2843.06,-0.0936,0,MLP_GATE_France_17,MLP_GATE,17
TRD_MLP_GATE_17_France_France_0009,France,DSY.PA,2024-09-26,2024-07-02,2024-09-27,63,max_horizon,33.73,35.84,905,30.53,32.44,1850.95,0.0606,1,MLP_GATE_France_17,MLP_GATE,17
TRD_MLP_GATE_37_France_France_0010,France,DSY.PA,2024-09-26,2024-07-02,2024-09-27,63,max_horizon,33.73,35.84,914,30.83,32.76,1869.35,0.0606,1,MLP_GATE_France_37,MLP_GATE,37
TRD_MLP_GATE_7_France_France_0009,France,EL.PA,2024-09-26,2024-07-02,2024-09-27,63,max_horizon,192.3,201.53,163,31.35,32.85,1440.39,0.0459,1,MLP_GATE_France_7,MLP_GATE,7
TRD_MLP_GATE_17_France_France_0011,France,AIR.PA,2024-10-03,2024-07-25,2024-10-04,51,atr_chandelier_stop,124.41,121.26,235,29.24,28.5,-797.91,-0.0273,0,MLP_GATE_France_17,MLP_GATE,17
TRD_MLP_GATE_7_France_France_0011,France,OR.PA,2024-10-21,2024-08-29,2024-10-22,38,atr_chandelier_stop,377.75,350.68,86,32.49,30.16,-2390.5,-0.0735,0,MLP_GATE_France_7,MLP_GATE,7
TRD_MLP_GATE_37_France_France_0012,France,OR.PA,2024-10-21,2024-08-05,2024-10-22,56,atr_chandelier_stop,367.78,350.68,77,28.32,27.0,-1371.88,-0.0484,0,MLP_GATE_France_37,MLP_GATE,37
TRD_MLP_GATE_7_France_France_0010,France,CAP.PA,2024-10-25,2024-08-06,2024-10-28,59,atr_chandelier_stop,167.53,166.67,187,31.33,31.17,-221.88,-0.0071,0,MLP_GATE_France_7,MLP_GATE,7
TRD_MLP_GATE_37_France_France_0011,France,CAP.PA,2024-10-25,2024-08-02,2024-10-28,61,atr_chandelier_stop,170.75,166.67,171,29.2,28.5,-754.04,-0.0258,0,MLP_GATE_France_37,MLP_GATE,37
TRD_MLP_GATE_17_France_France_0013,France,LR.PA,2024-11-20,2024-09-27,2024-11-21,39,atr_chandelier_stop,101.62,91.65,290,29.47,26.58,-2947.24,-0.0999,0,MLP_GATE_France_17,MLP_GATE,17
TRD_MLP_GATE_37_France_France_0014,France,LR.PA,2024-11-20,2024-10-22,2024-11-21,22,atr_chandelier_stop,101.96,91.65,282,28.75,25.85,-2961.19,-0.1029,0,MLP_GATE_France_37,MLP_GATE,37
TRD_MLP_GATE_7_France_France_0012,France,DG.PA,2024-11-27,2024-09-27,2024-11-28,44,atr_chandelier_stop,100.72,90.89,329,33.14,29.9,-3298.41,-0.0994,0,MLP_GATE_France_7,MLP_GATE,7
TRD_MLP_GATE_17_France_France_0012,France,EL.PA,2024-12-09,2024-09-12,2024-12-10,63,max_horizon,203.94,221.25,142,28.96,31.42,2397.27,0.0827,1,MLP_GATE_France_17,MLP_GATE,17
TRD_MLP_GATE_37_France_France_0013,France,EL.PA,2024-12-24,2024-09-27,2024-12-27,63,max_horizon,201.53,221.82,150,30.23,33.27,2979.71,0.0985,1,MLP_GATE_France_37,MLP_GATE,37
TRD_MLP_GATE_7_France_France_0014,France,AI.PA,2024-12-31,2024-10-28,2024-12-31,44,calendar_end,147.75,137.19,205,30.29,28.12,-2223.45,-0.0733,0,MLP_GATE_France_7,MLP_GATE,7
TRD_MLP_GATE_17_France_France_0015,France,AI.PA,2024-12-31,2024-11-21,2024-12-31,26,calendar_end,138.5,137.19,205,28.39,28.12,-325.36,-0.0114,0,MLP_GATE_France_17,MLP_GATE,17
TRD_MLP_GATE_37_France_France_0015,France,AI.PA,2024-12-31,2024-10-28,2024-12-31,44,calendar_end,147.75,137.19,192,28.37,26.34,-2082.45,-0.0733,0,MLP_GATE_France_37,MLP_GATE,37
TRD_MLP_GATE_7_France_France_0013,France,AIR.PA,2024-12-31,2024-10-22,2024-12-31,48,calendar_end,132.71,148.63,233,30.92,34.63,3644.11,0.1177,1,MLP_GATE_France_7,MLP_GATE,7
TRD_MLP_GATE_17_France_France_0016,France,DG.PA,2024-12-31,2024-12-10,2024-12-31,13,calendar_end,93.84,93.03,316,29.65,29.4,-312.54,-0.0105,0,MLP_GATE_France_17,MLP_GATE,17
TRD_MLP_GATE_7_France_France_0015,France,ML.PA,2024-12-31,2024-11-28,2024-12-31,21,calendar_end,28.28,29.23,1034,29.24,30.22,919.4,0.0314,1,MLP_GATE_France_7,MLP_GATE,7
TRD_MLP_GATE_37_France_France_0016,France,ML.PA,2024-12-31,2024-11-29,2024-12-31,20,calendar_end,28.17,29.23,974,27.44,28.47,973.58,0.0354,1,MLP_GATE_France_37,MLP_GATE,37
TRD_MLP_GATE_17_France_France_0014,France,RMS.PA,2024-12-31,2024-10-04,2024-12-31,60,calendar_end,2083.89,2274.93,13,27.09,29.57,2426.95,0.0895,1,MLP_GATE_France_17,MLP_GATE,17
TRD_MLP_GATE_7_India_India_0002,India,BAJFINANCE.NS,2024-01-30,2024-01-02,2024-01-31,19,atr_chandelier_stop,719.85,670.31,43,30.95,28.82,-2189.83,-0.0707,0,MLP_GATE_India_7,MLP_GATE,7
TRD_MLP_GATE_17_India_India_0003,India,BAJFINANCE.NS,2024-01-30,2024-01-02,2024-01-31,19,atr_chandelier_stop,719.85,670.31,43,30.95,28.82,-2189.83,-0.0707,0,MLP_GATE_India_17,MLP_GATE,17
TRD_MLP_GATE_37_India_India_0003,India,BAJFINANCE.NS,2024-01-30,2024-01-02,2024-01-31,19,atr_chandelier_stop,719.85,670.31,43,30.95,28.82,-2189.83,-0.0707,0,MLP_GATE_India_37,MLP_GATE,37
TRD_MLP_GATE_7_India_India_0003,India,TECHM.NS,2024-03-19,2024-01-02,2024-03-20,53,atr_chandelier_stop,1196.44,1154.04,26,31.11,30.0,-1163.53,-0.0374,0,MLP_GATE_India_7,MLP_GATE,7
TRD_MLP_GATE_17_India_India_0001,India,TECHM.NS,2024-03-19,2024-01-02,2024-03-20,53,atr_chandelier_stop,1196.44,1154.04,26,31.11,30.0,-1163.53,-0.0374,0,MLP_GATE_India_17,MLP_GATE,17
TRD_MLP_GATE_37_India_India_0002,India,TECHM.NS,2024-03-19,2024-01-02,2024-03-20,53,atr_chandelier_stop,1196.44,1154.04,26,31.11,30.0,-1163.53,-0.0374,0,MLP_GATE_India_37,MLP_GATE,37
TRD_MLP_GATE_7_India_India_0004,India,INFY.NS,2024-03-20,2024-01-31,2024-03-21,35,atr_chandelier_stop,1518.93,1441.29,20,30.38,28.83,-1612.0,-0.053,0,MLP_GATE_India_7,MLP_GATE,7
TRD_MLP_GATE_17_India_India_0004,India,INFY.NS,2024-03-20,2024-01-31,2024-03-21,35,atr_chandelier_stop,1518.93,1441.29,20,30.38,28.83,-1612.0,-0.053,0,MLP_GATE_India_17,MLP_GATE,17
TRD_MLP_GATE_7_India_India_0001,India,TITAN.NS,2024-04-04,2024-01-02,2024-04-05,63,max_horizon,3653.95,3742.5,8,29.23,29.94,649.23,0.0222,1,MLP_GATE_India_7,MLP_GATE,7
TRD_MLP_GATE_17_India_India_0002,India,TITAN.NS,2024-04-04,2024-01-02,2024-04-05,63,max_horizon,3653.95,3742.5,8,29.23,29.94,649.23,0.0222,1,MLP_GATE_India_17,MLP_GATE,17
TRD_MLP_GATE_37_India_India_0001,India,TITAN.NS,2024-04-04,2024-01-02,2024-04-05,63,max_horizon,3653.95,3742.5,8,29.23,29.94,649.23,0.0222,1,MLP_GATE_India_37,MLP_GATE,37
TRD_MLP_GATE_37_India_India_0004,India,MARUTI.NS,2024-05-06,2024-01-31,2024-05-07,63,max_horizon,9663.42,12101.86,3,28.99,36.31,7250.03,0.2498,1,MLP_GATE_India_37,MLP_GATE,37
TRD_MLP_GATE_7_India_India_0005,India,MARUTI.NS,2024-06-25,2024-03-20,2024-06-26,63,max_horizon,11305.01,11757.02,2,22.61,23.51,857.9,0.0379,1,MLP_GATE_India_7,MLP_GATE,7
TRD_MLP_GATE_17_India_India_0005,India,TECHM.NS,2024-06-25,2024-03-20,2024-06-26,63,max_horizon,1154.04,1320.69,25,28.85,33.02,4104.46,0.1421,1,MLP_GATE_India_17,MLP_GATE,17
TRD_MLP_GATE_37_India_India_0005,India,ULTRACEMCO.NS,2024-06-25,2024-03-20,2024-06-26,63,max_horizon,9230.67,10559.56,3,27.69,31.68,3927.29,0.1417,1,MLP_GATE_India_37,MLP_GATE,37
TRD_MLP_GATE_7_India_India_0006,India,ULTRACEMCO.NS,2024-06-26,2024-03-21,2024-06-27,63,max_horizon,9220.99,10910.29,3,27.66,32.73,5007.52,0.1808,1,MLP_GATE_India_7,MLP_GATE,7
TRD_MLP_GATE_17_India_India_0006,India,ULTRACEMCO.NS,2024-06-26,2024-03-21,2024-06-27,63,max_horizon,9220.99,10910.29,3,27.66,32.73,5007.52,0.1808,1,MLP_GATE_India_17,MLP_GATE,17
TRD_MLP_GATE_7_India_India_0007,India,INFY.NS,2024-07-09,2024-04-05,2024-07-10,63,max_horizon,1363.93,1557.55,22,30.01,34.27,4195.35,0.1397,1,MLP_GATE_India_7,MLP_GATE,7
TRD_MLP_GATE_17_India_India_0007,India,MARUTI.NS,2024-07-09,2024-04-05,2024-07-10,63,max_horizon,12120.88,12565.32,2,24.24,25.13,839.51,0.0346,1,MLP_GATE_India_17,MLP_GATE,17
TRD_MLP_GATE_37_India_India_0006,India,TECHM.NS,2024-07-09,2024-04-05,2024-07-10,63,max_horizon,1175.24,1356.91,28,32.91,37.99,5016.07,0.1523,1,MLP_GATE_India_37,MLP_GATE,37
TRD_MLP_GATE_37_India_India_0007,India,ASIANPAINT.NS,2024-08-06,2024-05-07,2024-08-07,63,max_horizon,2857.83,3037.01,11,31.44,33.41,1906.04,0.0606,1,MLP_GATE_India_37,MLP_GATE,37
TRD_MLP_GATE_17_India_India_0008,India,ASIANPAINT.NS,2024-09-24,2024-06-26,2024-09-25,63,max_horizon,2800.5,3184.12,11,30.81,35.03,4154.01,0.1347,1,MLP_GATE_India_17,MLP_GATE,17
TRD_MLP_GATE_7_India_India_0008,India,MARUTI.NS,2024-09-24,2024-06-26,2024-09-25,63,max_horizon,11757.02,12465.78,2,23.51,24.93,1369.08,0.0582,1,MLP_GATE_India_7,MLP_GATE,7
TRD_MLP_GATE_37_India_India_0008,India,PIDILITIND.NS,2024-09-24,2024-06-26,2024-09-25,63,max_horizon,1541.65,1609.81,22,33.92,35.42,1430.04,0.0421,1,MLP_GATE_India_37,MLP_GATE,37
TRD_MLP_GATE_7_India_India_0009,India,TCS.NS,2024-09-25,2024-06-27,2024-09-26,63,max_horizon,3550.98,3957.8,9,31.96,35.62,3593.75,0.1123,1,MLP_GATE_India_7,MLP_GATE,7
TRD_MLP_GATE_17_India_India_0009,India,TCS.NS,2024-09-25,2024-06-27,2024-09-26,63,max_horizon,3550.98,3957.8,9,31.96,35.62,3593.75,0.1123,1,MLP_GATE_India_17,MLP_GATE,17
TRD_MLP_GATE_7_India_India_0010,India,SUNPHARMA.NS,2024-10-09,2024-07-10,2024-10-10,63,max_horizon,1558.84,1894.44,22,34.29,41.68,7307.38,0.2129,1,MLP_GATE_India_7,MLP_GATE,7
TRD_MLP_GATE_17_India_India_0010,India,SUNPHARMA.NS,2024-10-09,2024-07-10,2024-10-10,63,max_horizon,1558.84,1894.44,21,32.74,39.78,6975.23,0.2129,1,MLP_GATE_India_17,MLP_GATE,17
TRD_MLP_GATE_37_India_India_0009,India,SUNPHARMA.NS,2024-10-09,2024-07-10,2024-10-10,63,max_horizon,1558.84,1894.44,22,34.29,41.68,7307.38,0.2129,1,MLP_GATE_India_37,MLP_GATE,37
TRD_MLP_GATE_37_India_India_0010,India,ASIANPAINT.NS,2024-10-11,2024-08-07,2024-10-14,46,atr_chandelier_stop,3037.01,2973.61,12,36.44,35.68,-832.91,-0.0228,0,MLP_GATE_India_37,MLP_GATE,37
TRD_MLP_GATE_17_India_India_0012,India,MARUTI.NS,2024-10-17,2024-09-26,2024-10-18,15,atr_chandelier_stop,12571.32,11822.03,3,37.71,35.47,-2321.03,-0.0615,0,MLP_GATE_India_17,MLP_GATE,17
TRD_MLP_GATE_7_India_India_0012,India,TITAN.NS,2024-10-17,2024-09-26,2024-10-18,15,atr_chandelier_stop,3714.6,3373.74,9,33.43,30.36,-3131.47,-0.0936,0,MLP_GATE_India_7,MLP_GATE,7
TRD_MLP_GATE_7_India_India_0011,India,ULTRACEMCO.NS,2024-10-22,2024-09-25,2024-10-23,19,atr_chandelier_stop,11501.83,10538.67,3,34.51,31.62,-2955.6,-0.0856,0,MLP_GATE_India_7,MLP_GATE,7
TRD_MLP_GATE_17_India_India_0011,India,ULTRACEMCO.NS,2024-10-22,2024-09-25,2024-10-23,19,atr_chandelier_stop,11501.83,10538.67,3,34.51,31.62,-2955.6,-0.0856,0,MLP_GATE_India_17,MLP_GATE,17
TRD_MLP_GATE_37_India_India_0011,India,ULTRACEMCO.NS,2024-10-22,2024-09-25,2024-10-23,19,atr_chandelier_stop,11501.83,10538.67,3,34.51,31.62,-2955.6,-0.0856,0,MLP_GATE_India_37,MLP_GATE,37
TRD_MLP_GATE_7_India_India_0013,India,M&M.NS,2024-10-23,2024-10-10,2024-10-24,10,atr_chandelier_stop,3098.31,2712.49,11,34.08,29.84,-4307.9,-0.1263,0,MLP_GATE_India_7,MLP_GATE,7
TRD_MLP_GATE_37_India_India_0012,India,TITAN.NS,2024-11-07,2024-10-10,2024-11-08,21,atr_chandelier_stop,3488.02,3101.46,11,38.37,34.12,-4324.7,-0.1126,0,MLP_GATE_India_37,MLP_GATE,37
TRD_MLP_GATE_17_India_India_0013,India,ASIANPAINT.NS,2024-11-08,2024-10-10,2024-11-11,22,atr_chandelier_stop,3025.55,2511.51,12,36.31,30.14,-6234.94,-0.1716,0,MLP_GATE_India_17,MLP_GATE,17
TRD_MLP_GATE_37_India_India_0013,India,ASIANPAINT.NS,2024-11-08,2024-10-14,2024-11-11,20,atr_chandelier_stop,2973.61,2511.51,12,35.68,30.14,-5611.01,-0.1571,0,MLP_GATE_India_37,MLP_GATE,37
TRD_MLP_GATE_17_India_India_0016,India,ASIANPAINT.NS,2024-12-19,2024-11-11,2024-12-20,27,atr_chandelier_stop,2511.51,2252.91,14,35.16,31.54,-3687.1,-0.1048,0,MLP_GATE_India_17,MLP_GATE,17
TRD_MLP_GATE_37_India_India_0016,India,ASIANPAINT.NS,2024-12-19,2024-11-11,2024-12-20,27,atr_chandelier_stop,2511.51,2252.91,14,35.16,31.54,-3687.1,-0.1048,0,MLP_GATE_India_37,MLP_GATE,37
TRD_MLP_GATE_17_India_India_0017,India,ASIANPAINT.NS,2024-12-31,2024-12-20,2024-12-31,6,calendar_end,2252.91,2237.56,14,31.54,31.33,-277.76,-0.0088,0,MLP_GATE_India_17,MLP_GATE,17
TRD_MLP_GATE_37_India_India_0017,India,ASIANPAINT.NS,2024-12-31,2024-12-20,2024-12-31,6,calendar_end,2252.91,2237.56,15,33.79,33.56,-297.6,-0.0088,0,MLP_GATE_India_37,MLP_GATE,37
TRD_MLP_GATE_7_India_India_0015,India,PIDILITIND.NS,2024-12-31,2024-10-23,2024-12-31,46,calendar_end,1540.26,1431.92,22,33.89,31.5,-2449.0,-0.0722,0,MLP_GATE_India_7,MLP_GATE,7
TRD_MLP_GATE_17_India_India_0014,India,PIDILITIND.NS,2024-12-31,2024-10-18,2024-12-31,49,calendar_end,1555.28,1431.92,23,35.77,32.93,-2905.96,-0.0812,0,MLP_GATE_India_17,MLP_GATE,17
TRD_MLP_GATE_7_India_India_0016,India,TCS.NS,2024-12-31,2024-10-24,2024-12-31,45,calendar_end,3729.03,3813.6,9,33.56,34.32,693.2,0.0206,1,MLP_GATE_India_7,MLP_GATE,7
TRD_MLP_GATE_17_India_India_0015,India,TCS.NS,2024-12-31,2024-10-23,2024-12-31,46,calendar_end,3724.94,3813.6,9,33.52,34.32,730.11,0.0218,1,MLP_GATE_India_17,MLP_GATE,17
TRD_MLP_GATE_37_India_India_0014,India,TCS.NS,2024-12-31,2024-10-23,2024-12-31,46,calendar_end,3724.94,3813.6,10,37.25,38.14,811.24,0.0218,1,MLP_GATE_India_37,MLP_GATE,37
TRD_MLP_GATE_7_India_India_0014,India,TITAN.NS,2024-12-31,2024-10-18,2024-12-31,49,calendar_end,3373.74,3232.78,10,33.74,32.33,-1475.68,-0.0437,0,MLP_GATE_India_7,MLP_GATE,7
TRD_MLP_GATE_37_India_India_0015,India,ULTRACEMCO.NS,2024-12-31,2024-11-08,2024-12-31,34,calendar_end,10740.4,11127.25,3,32.22,33.38,1094.95,0.0339,1,MLP_GATE_India_37,MLP_GATE,37
TRD_MLP_GATE_7_UK_UK_0002,UK,AZN.L,2024-02-09,2024-01-03,2024-02-12,28,atr_chandelier_stop,10679.62,9694.21,2,21.36,19.39,-2011.57,-0.0941,0,MLP_GATE_UK_7,MLP_GATE,7
TRD_MLP_GATE_37_UK_UK_0002,UK,AZN.L,2024-02-09,2024-01-03,2024-02-12,28,atr_chandelier_stop,10679.62,9694.21,2,21.36,19.39,-2011.57,-0.0941,0,MLP_GATE_UK_37,MLP_GATE,37
TRD_MLP_GATE_7_UK_UK_0003,UK,EXPN.L,2024-04-02,2024-01-03,2024-04-03,63,max_horizon,3111.61,3375.65,10,31.12,33.76,2575.51,0.0827,1,MLP_GATE_UK_7,MLP_GATE,7
TRD_MLP_GATE_17_UK_UK_0002,UK,EXPN.L,2024-04-02,2024-01-03,2024-04-03,63,max_horizon,3111.61,3375.65,10,31.12,33.76,2575.51,0.0827,1,MLP_GATE_UK_17,MLP_GATE,17
TRD_MLP_GATE_17_UK_UK_0003,UK,LSEG.L,2024-04-02,2024-01-03,2024-04-03,63,max_horizon,9128.06,9393.95,3,27.38,28.18,742.09,0.0271,1,MLP_GATE_UK_17,MLP_GATE,17
TRD_MLP_GATE_37_UK_UK_0001,UK,LSEG.L,2024-04-02,2024-01-03,2024-04-03,63,max_horizon,9128.06,9393.95,3,27.38,28.18,742.09,0.0271,1,MLP_GATE_UK_37,MLP_GATE,37
TRD_MLP_GATE_7_UK_UK_0001,UK,RTO.L,2024-04-02,2024-01-03,2024-04-03,63,max_horizon,429.82,468.29,73,31.38,34.19,2743.09,0.0873,1,MLP_GATE_UK_7,MLP_GATE,7
TRD_MLP_GATE_17_UK_UK_0001,UK,RTO.L,2024-04-02,2024-01-03,2024-04-03,63,max_horizon,429.82,468.29,73,31.38,34.19,2743.09,0.0873,1,MLP_GATE_UK_17,MLP_GATE,17
TRD_MLP_GATE_37_UK_UK_0003,UK,RTO.L,2024-04-02,2024-01-03,2024-04-03,63,max_horizon,429.82,468.29,73,31.38,34.19,2743.09,0.0873,1,MLP_GATE_UK_37,MLP_GATE,37
TRD_MLP_GATE_37_UK_UK_0004,UK,SPX.L,2024-04-08,2024-02-12,2024-04-09,39,atr_chandelier_stop,10248.57,9593.98,2,20.5,19.19,-1348.86,-0.0657,0,MLP_GATE_UK_37,MLP_GATE,37
TRD_MLP_GATE_7_UK_UK_0004,UK,RMV.L,2024-04-16,2024-02-12,2024-04-17,45,atr_chandelier_stop,553.55,509.97,56,31.0,28.56,-2500.06,-0.0806,0,MLP_GATE_UK_7,MLP_GATE,7
TRD_MLP_GATE_7_UK_UK_0007,UK,RTO.L,2024-05-01,2024-04-17,2024-05-02,11,atr_chandelier_stop,444.16,404.78,71,31.54,28.74,-2856.19,-0.0905,0,MLP_GATE_UK_7,MLP_GATE,7
TRD_MLP_GATE_37_UK_UK_0007,UK,SPX.L,2024-05-02,2024-04-09,2024-05-03,18,atr_chandelier_stop,9593.98,8800.58,3,28.78,26.4,-2435.4,-0.0845,0,MLP_GATE_UK_37,MLP_GATE,37
TRD_MLP_GATE_7_UK_UK_0006,UK,AUTO.L,2024-07-02,2024-04-03,2024-07-03,63,max_horizon,691.51,811.06,46,31.81,37.31,5430.19,0.1705,1,MLP_GATE_UK_7,MLP_GATE,7
TRD_MLP_GATE_17_UK_UK_0006,UK,AUTO.L,2024-07-02,2024-04-03,2024-07-03,63,max_horizon,691.51,811.06,48,33.19,38.93,5666.29,0.1705,1,MLP_GATE_UK_17,MLP_GATE,17
TRD_MLP_GATE_37_UK_UK_0005,UK,AZN.L,2024-07-02,2024-04-03,2024-07-03,63,max_horizon,10515.34,12124.63,3,31.55,36.37,4759.94,0.1507,1,MLP_GATE_UK_37,MLP_GATE,37
TRD_MLP_GATE_7_UK_UK_0005,UK,REL.L,2024-07-02,2024-04-03,2024-07-03,63,max_horizon,3345.99,3586.3,9,30.11,32.28,2100.4,0.0697,1,MLP_GATE_UK_7,MLP_GATE,7
TRD_MLP_GATE_17_UK_UK_0004,UK,REL.L,2024-07-02,2024-04-03,2024-07-03,63,max_horizon,3345.99,3586.3,10,33.46,35.86,2333.78,0.0697,1,MLP_GATE_UK_17,MLP_GATE,17
TRD_MLP_GATE_37_UK_UK_0006,UK,REL.L,2024-07-02,2024-04-03,2024-07-03,63,max_horizon,3345.99,3586.3,9,30.11,32.28,2100.4,0.0697,1,MLP_GATE_UK_37,MLP_GATE,37
TRD_MLP_GATE_17_UK_UK_0005,UK,RMV.L,2024-07-02,2024-04-03,2024-07-03,63,max_horizon,537.76,536.02,62,33.34,33.23,-174.45,-0.0052,0,MLP_GATE_UK_17,MLP_GATE,17
TRD_MLP_GATE_7_UK_UK_0008,UK,RMV.L,2024-07-31,2024-05-02,2024-08-01,63,max_horizon,520.02,576.2,59,30.68,34.0,3250.0,0.1058,1,MLP_GATE_UK_7,MLP_GATE,7
TRD_MLP_GATE_37_UK_UK_0008,UK,AUTO.L,2024-08-01,2024-05-03,2024-08-02,63,max_horizon,719.1,800.27,44,31.64,35.21,3504.46,0.1106,1,MLP_GATE_UK_37,MLP_GATE,37
TRD_MLP_GATE_7_UK_UK_0011,UK,RMV.L,2024-08-07,2024-08-01,2024-08-08,5,atr_chandelier_stop,576.2,515.23,60,34.57,30.91,-3724.24,-0.1076,0,MLP_GATE_UK_7,MLP_GATE,7
TRD_MLP_GATE_7_UK_UK_0012,UK,AZN.L,2024-09-13,2024-08-08,2024-09-16,26,atr_chandelier_stop,12621.18,11995.42,2,25.24,23.99,-1300.76,-0.0515,0,MLP_GATE_UK_7,MLP_GATE,7
TRD_MLP_GATE_17_UK_UK_0008,UK,AZN.L,2024-09-13,2024-07-03,2024-09-16,52,atr_chandelier_stop,12124.63,11995.42,2,24.25,23.99,-306.66,-0.0126,0,MLP_GATE_UK_17,MLP_GATE,17
TRD_MLP_GATE_37_UK_UK_0010,UK,AZN.L,2024-09-13,2024-07-03,2024-09-16,52,atr_chandelier_stop,12124.63,11995.42,2,24.25,23.99,-306.66,-0.0126,0,MLP_GATE_UK_37,MLP_GATE,37
TRD_MLP_GATE_7_UK_UK_0009,UK,AUTO.L,2024-09-30,2024-07-03,2024-10-01,63,max_horizon,811.06,870.9,41,33.25,35.71,2384.52,0.0716,1,MLP_GATE_UK_7,MLP_GATE,7
TRD_MLP_GATE_17_UK_UK_0007,UK,AUTO.L,2024-09-30,2024-07-03,2024-10-01,63,max_horizon,811.06,870.9,44,35.69,38.32,2559.0,0.0716,1,MLP_GATE_UK_17,MLP_GATE,17
TRD_MLP_GATE_7_UK_UK_0010,UK,LSEG.L,2024-09-30,2024-07-03,2024-10-01,63,max_horizon,9256.81,10186.91,3,27.77,30.56,2731.96,0.0983,1,MLP_GATE_UK_7,MLP_GATE,7
TRD_MLP_GATE_17_UK_UK_0009,UK,LSEG.L,2024-09-30,2024-07-03,2024-10-01,63,max_horizon,9256.81,10186.91,3,27.77,30.56,2731.96,0.0983,1,MLP_GATE_UK_17,MLP_GATE,17
TRD_MLP_GATE_37_UK_UK_0009,UK,LSEG.L,2024-09-30,2024-07-03,2024-10-01,63,max_horizon,9256.81,10186.91,3,27.77,30.56,2731.96,0.0983,1,MLP_GATE_UK_37,MLP_GATE,37
TRD_MLP_GATE_37_UK_UK_0011,UK,RMV.L,2024-09-30,2024-08-02,2024-10-01,41,atr_chandelier_stop,565.01,619.62,62,35.03,38.42,3312.72,0.0945,1,MLP_GATE_UK_37,MLP_GATE,37
TRD_MLP_GATE_7_UK_UK_0015,UK,AZN.L,2024-11-05,2024-10-01,2024-11-06,26,atr_chandelier_stop,11655.55,10326.06,2,23.31,20.65,-2702.95,-0.1158,0,MLP_GATE_UK_7,MLP_GATE,7
TRD_MLP_GATE_17_UK_UK_0012,UK,AZN.L,2024-11-05,2024-10-01,2024-11-06,26,atr_chandelier_stop,11655.55,10326.06,3,34.97,30.98,-4054.42,-0.1158,0,MLP_GATE_UK_17,MLP_GATE,17
TRD_MLP_GATE_37_UK_UK_0014,UK,AZN.L,2024-11-05,2024-10-01,2024-11-06,26,atr_chandelier_stop,11655.55,10326.06,3,34.97,30.98,-4054.42,-0.1158,0,MLP_GATE_UK_37,MLP_GATE,37
TRD_MLP_GATE_7_UK_UK_0013,UK,HLMA.L,2024-12-11,2024-09-16,2024-12-12,63,max_horizon,2558.63,2793.59,13,33.26,36.32,2984.98,0.0897,1,MLP_GATE_UK_7,MLP_GATE,7
TRD_MLP_GATE_17_UK_UK_0010,UK,HLMA.L,2024-12-11,2024-09-16,2024-12-12,63,max_horizon,2558.63,2793.59,14,35.82,39.11,3214.59,0.0897,1,MLP_GATE_UK_17,MLP_GATE,17
TRD_MLP_GATE_37_UK_UK_0012,UK,HLMA.L,2024-12-11,2024-09-16,2024-12-12,63,max_horizon,2558.63,2793.59,14,35.82,39.11,3214.59,0.0897,1,MLP_GATE_UK_37,MLP_GATE,37
TRD_MLP_GATE_7_UK_UK_0014,UK,LSEG.L,2024-12-30,2024-10-01,2024-12-31,63,max_horizon,10186.91,11311.56,3,30.56,33.93,3309.48,0.1082,1,MLP_GATE_UK_7,MLP_GATE,7
TRD_MLP_GATE_17_UK_UK_0011,UK,LSEG.L,2024-12-30,2024-10-01,2024-12-31,63,max_horizon,10186.91,11311.56,3,30.56,33.93,3309.48,0.1082,1,MLP_GATE_UK_17,MLP_GATE,17
TRD_MLP_GATE_37_UK_UK_0013,UK,LSEG.L,2024-12-30,2024-10-01,2024-12-31,63,max_horizon,10186.91,11311.56,3,30.56,33.93,3309.48,0.1082,1,MLP_GATE_UK_37,MLP_GATE,37
TRD_MLP_GATE_7_UK_UK_0017,UK,AUTO.L,2024-12-31,2024-12-12,2024-12-31,11,calendar_end,823.32,792.73,44,36.23,34.88,-1417.05,-0.0391,0,MLP_GATE_UK_7,MLP_GATE,7
TRD_MLP_GATE_17_UK_UK_0013,UK,AUTO.L,2024-12-31,2024-11-06,2024-12-31,37,calendar_end,848.91,792.73,43,36.5,34.09,-2486.37,-0.068,0,MLP_GATE_UK_17,MLP_GATE,17
TRD_MLP_GATE_37_UK_UK_0015,UK,AUTO.L,2024-12-31,2024-11-06,2024-12-31,37,calendar_end,848.91,792.73,41,34.81,32.5,-2370.72,-0.068,0,MLP_GATE_UK_37,MLP_GATE,37
TRD_MLP_GATE_37_UK_UK_0016,UK,AZN.L,2024-12-31,2024-12-12,2024-12-31,11,calendar_end,10539.98,10464.01,3,31.62,31.39,-290.92,-0.0092,0,MLP_GATE_UK_37,MLP_GATE,37
TRD_MLP_GATE_7_UK_UK_0016,UK,RMV.L,2024-12-31,2024-11-06,2024-12-31,37,calendar_end,604.43,641.62,56,33.85,35.93,2012.82,0.0594,1,MLP_GATE_UK_7,MLP_GATE,7
TRD_MLP_GATE_17_UK_UK_0014,UK,RMV.L,2024-12-31,2024-12-12,2024-12-31,11,calendar_end,676.01,641.62,56,37.86,35.93,-1999.64,-0.0528,0,MLP_GATE_UK_17,MLP_GATE,17
TRD_MLP_GATE_7_US_US_0003,US,INTU,2024-04-03,2024-01-03,2024-04-04,63,max_horizon,584.62,620.99,54,31.57,33.53,1898.86,0.0601,1,MLP_GATE_US_7,MLP_GATE,7
TRD_MLP_GATE_17_US_US_0003,US,INTU,2024-04-03,2024-01-03,2024-04-04,63,max_horizon,584.62,620.99,54,31.57,33.53,1898.86,0.0601,1,MLP_GATE_US_17,MLP_GATE,17
TRD_MLP_GATE_37_US_US_0003,US,INTU,2024-04-03,2024-01-03,2024-04-04,63,max_horizon,584.62,620.99,54,31.57,33.53,1898.86,0.0601,1,MLP_GATE_US_37,MLP_GATE,37
TRD_MLP_GATE_37_US_US_0001,US,LMT,2024-04-03,2024-01-03,2024-04-04,63,max_horizon,429.2,424.31,73,31.33,30.97,-419.22,-0.0134,0,MLP_GATE_US_37,MLP_GATE,37
TRD_MLP_GATE_7_US_US_0002,US,REGN,2024-04-03,2024-01-03,2024-04-04,63,max_horizon,898.32,953.2,35,31.44,33.36,1856.07,0.059,1,MLP_GATE_US_7,MLP_GATE,7
TRD_MLP_GATE_17_US_US_0002,US,REGN,2024-04-03,2024-01-03,2024-04-04,63,max_horizon,898.32,953.2,35,31.44,33.36,1856.07,0.059,1,MLP_GATE_US_17,MLP_GATE,17
TRD_MLP_GATE_7_US_US_0001,US,V,2024-04-03,2024-01-03,2024-04-04,63,max_horizon,253.26,273.17,125,31.66,34.15,2423.32,0.0765,1,MLP_GATE_US_7,MLP_GATE,7
TRD_MLP_GATE_17_US_US_0001,US,V,2024-04-03,2024-01-03,2024-04-04,63,max_horizon,253.26,273.17,125,31.66,34.15,2423.32,0.0765,1,MLP_GATE_US_17,MLP_GATE,17
TRD_MLP_GATE_37_US_US_0002,US,V,2024-04-03,2024-01-03,2024-04-04,63,max_horizon,253.26,273.17,125,31.66,34.15,2423.32,0.0765,1,MLP_GATE_US_37,MLP_GATE,37
TRD_MLP_GATE_7_US_US_0005,US,AMD,2024-04-15,2024-04-04,2024-04-16,8,atr_chandelier_stop,182.92,162.28,182,33.29,29.53,-3819.31,-0.1146,0,MLP_GATE_US_7,MLP_GATE,7
TRD_MLP_GATE_17_US_US_0006,US,AMD,2024-04-15,2024-04-04,2024-04-16,8,atr_chandelier_stop,182.92,162.28,182,33.29,29.53,-3819.31,-0.1146,0,MLP_GATE_US_17,MLP_GATE,17
TRD_MLP_GATE_37_US_US_0005,US,AMD,2024-04-15,2024-04-04,2024-04-16,8,atr_chandelier_stop,182.92,162.28,178,32.56,28.89,-3735.37,-0.1146,0,MLP_GATE_US_37,MLP_GATE,37
TRD_MLP_GATE_7_US_US_0006,US,AMGN,2024-07-03,2024-04-04,2024-07-05,63,max_horizon,256.29,290.82,129,33.06,37.52,4383.43,0.1325,1,MLP_GATE_US_7,MLP_GATE,7
TRD_MLP_GATE_17_US_US_0005,US,GOOGL,2024-07-03,2024-04-04,2024-07-05,63,max_horizon,152.15,184.44,218,33.17,40.21,6965.2,0.2098,1,MLP_GATE_US_17,MLP_GATE,17
TRD_MLP_GATE_37_US_US_0006,US,GOOGL,2024-07-03,2024-04-04,2024-07-05,63,max_horizon,152.15,184.44,214,32.56,39.47,6837.4,0.2098,1,MLP_GATE_US_37,MLP_GATE,37
TRD_MLP_GATE_7_US_US_0004,US,REGN,2024-07-03,2024-04-04,2024-07-05,63,max_horizon,953.2,1017.86,34,32.41,34.61,2131.42,0.0657,1,MLP_GATE_US_7,MLP_GATE,7
TRD_MLP_GATE_17_US_US_0004,US,REGN,2024-07-03,2024-04-04,2024-07-05,63,max_horizon,953.2,1017.86,34,32.41,34.61,2131.42,0.0657,1,MLP_GATE_US_17,MLP_GATE,17
TRD_MLP_GATE_37_US_US_0004,US,REGN,2024-07-03,2024-04-04,2024-07-05,63,max_horizon,953.2,1017.86,34,32.41,34.61,2131.42,0.0657,1,MLP_GATE_US_37,MLP_GATE,37
TRD_MLP_GATE_37_US_US_0007,US,AMGN,2024-07-16,2024-04-16,2024-07-17,63,max_horizon,247.73,308.56,125,30.97,38.57,7533.53,0.243,1,MLP_GATE_US_37,MLP_GATE,37
TRD_MLP_GATE_7_US_US_0007,US,ORCL,2024-07-16,2024-04-16,2024-07-17,63,max_horizon,117.18,137.46,266,31.17,36.56,5327.35,0.1707,1,MLP_GATE_US_7,MLP_GATE,7
TRD_MLP_GATE_17_US_US_0007,US,ORCL,2024-07-16,2024-04-16,2024-07-17,63,max_horizon,117.18,137.46,270,31.64,37.11,5407.46,0.1707,1,MLP_GATE_US_17,MLP_GATE,17
TRD_MLP_GATE_7_US_US_0010,US,ORCL,2024-08-05,2024-07-17,2024-08-06,14,atr_chandelier_stop,137.46,127.73,261,35.88,33.34,-2607.75,-0.0726,0,MLP_GATE_US_7,MLP_GATE,7
TRD_MLP_GATE_17_US_US_0010,US,ORCL,2024-08-05,2024-07-17,2024-08-06,14,atr_chandelier_stop,137.46,127.73,275,37.8,35.13,-2747.63,-0.0726,0,MLP_GATE_US_17,MLP_GATE,17
TRD_MLP_GATE_17_US_US_0009,US,REGN,2024-09-24,2024-07-05,2024-09-25,57,atr_chandelier_stop,1017.86,1038.72,36,36.64,37.39,676.68,0.0184,1,MLP_GATE_US_17,MLP_GATE,17
TRD_MLP_GATE_37_US_US_0009,US,REGN,2024-09-24,2024-07-05,2024-09-25,57,atr_chandelier_stop,1017.86,1038.72,35,35.63,36.36,657.88,0.0184,1,MLP_GATE_US_37,MLP_GATE,37
TRD_MLP_GATE_7_US_US_0009,US,CRM,2024-10-02,2024-07-05,2024-10-03,63,max_horizon,258.59,275.46,140,36.2,38.56,2287.51,0.0631,1,MLP_GATE_US_7,MLP_GATE,7
TRD_MLP_GATE_7_US_US_0008,US,NOC,2024-10-02,2024-07-05,2024-10-03,63,max_horizon,422.92,524.41,86,36.37,45.1,8646.87,0.2375,1,MLP_GATE_US_7,MLP_GATE,7
TRD_MLP_GATE_17_US_US_0008,US,NOC,2024-10-02,2024-07-05,2024-10-03,63,max_horizon,422.92,524.41,88,37.22,46.15,8847.96,0.2375,1,MLP_GATE_US_17,MLP_GATE,17
TRD_MLP_GATE_37_US_US_0008,US,NOC,2024-10-02,2024-07-05,2024-10-03,63,max_horizon,422.92,524.41,85,35.95,44.57,8546.33,0.2375,1,MLP_GATE_US_37,MLP_GATE,37
TRD_MLP_GATE_37_US_US_0010,US,CRM,2024-10-14,2024-07-17,2024-10-15,63,max_horizon,250.4,289.75,150,37.56,43.46,5822.11,0.1549,1,MLP_GATE_US_37,MLP_GATE,37
TRD_MLP_GATE_7_US_US_0011,US,ORCL,2024-11-01,2024-08-06,2024-11-04,63,max_horizon,127.73,167.02,278,35.51,46.43,10840.5,0.305,1,MLP_GATE_US_7,MLP_GATE,7
TRD_MLP_GATE_17_US_US_0011,US,ORCL,2024-11-01,2024-08-06,2024-11-04,63,max_horizon,127.73,167.02,296,37.81,49.44,11542.4,0.305,1,MLP_GATE_US_17,MLP_GATE,17
TRD_MLP_GATE_7_US_US_0014,US,AMGN,2024-11-15,2024-11-04,2024-11-18,10,atr_chandelier_stop,301.83,265.15,138,41.65,36.59,-5141.11,-0.1233,0,MLP_GATE_US_7,MLP_GATE,7
TRD_MLP_GATE_17_US_US_0014,US,AMGN,2024-11-15,2024-11-04,2024-11-18,10,atr_chandelier_stop,301.83,265.15,140,42.26,37.12,-5215.61,-0.1233,0,MLP_GATE_US_17,MLP_GATE,17
TRD_MLP_GATE_7_US_US_0013,US,INTU,2024-11-25,2024-10-03,2024-11-26,38,atr_chandelier_stop,590.82,623.0,71,41.95,44.23,2198.55,0.0524,1,MLP_GATE_US_7,MLP_GATE,7
TRD_MLP_GATE_17_US_US_0013,US,INTU,2024-11-25,2024-10-03,2024-11-26,38,atr_chandelier_stop,590.82,623.0,71,41.95,44.23,2198.55,0.0524,1,MLP_GATE_US_17,MLP_GATE,17
TRD_MLP_GATE_37_US_US_0012,US,INTU,2024-11-25,2024-10-03,2024-11-26,38,atr_chandelier_stop,590.82,623.0,69,40.77,42.99,2136.62,0.0524,1,MLP_GATE_US_37,MLP_GATE,37
TRD_MLP_GATE_7_US_US_0012,US,NOC,2024-11-25,2024-10-03,2024-11-26,38,atr_chandelier_stop,524.41,472.64,80,41.95,37.81,-4221.02,-0.1005,0,MLP_GATE_US_7,MLP_GATE,7
TRD_MLP_GATE_17_US_US_0012,US,NOC,2024-11-25,2024-10-03,2024-11-26,38,atr_chandelier_stop,524.41,472.64,81,42.48,38.28,-4273.78,-0.1005,0,MLP_GATE_US_17,MLP_GATE,17
TRD_MLP_GATE_7_US_US_0015,US,ADBE,2024-12-12,2024-11-18,2024-12-13,18,atr_chandelier_stop,505.0,473.98,82,41.41,38.87,-2623.92,-0.0633,0,MLP_GATE_US_7,MLP_GATE,7
TRD_MLP_GATE_7_US_US_0016,US,REGN,2024-12-19,2024-11-26,2024-12-20,17,atr_chandelier_stop,736.24,703.56,54,39.76,37.99,-1842.56,-0.0463,0,MLP_GATE_US_7,MLP_GATE,7
TRD_MLP_GATE_37_US_US_0011,US,AAPL,2024-12-23,2024-09-25,2024-12-24,63,max_horizon,223.06,253.65,180,40.15,45.66,5419.54,0.1348,1,MLP_GATE_US_37,MLP_GATE,37
TRD_MLP_GATE_7_US_US_0018,US,AAPL,2024-12-31,2024-12-13,2024-12-31,11,calendar_end,246.03,248.62,162,39.86,40.28,338.03,0.0085,1,MLP_GATE_US_7,MLP_GATE,7
TRD_MLP_GATE_17_US_US_0015,US,CRM,2024-12-31,2024-11-18,2024-12-31,29,calendar_end,322.87,330.48,130,41.97,42.96,904.89,0.0215,1,MLP_GATE_US_17,MLP_GATE,17
TRD_MLP_GATE_37_US_US_0014,US,CRM,2024-12-31,2024-11-26,2024-12-31,23,calendar_end,337.66,330.48,127,42.88,41.97,-996.29,-0.0232,0,MLP_GATE_US_37,MLP_GATE,37
TRD_MLP_GATE_37_US_US_0013,US,GOOGL,2024-12-31,2024-10-15,2024-12-31,53,calendar_end,164.74,188.32,256,42.17,48.21,5945.24,0.1408,1,MLP_GATE_US_37,MLP_GATE,37
TRD_MLP_GATE_7_US_US_0019,US,LMT,2024-12-31,2024-12-20,2024-12-31,6,calendar_end,460.27,466.5,85,39.12,39.65,450.8,0.0115,1,MLP_GATE_US_7,MLP_GATE,7
TRD_MLP_GATE_7_US_US_0017,US,MSFT,2024-12-31,2024-11-26,2024-12-31,23,calendar_end,413.89,415.78,97,40.15,40.33,102.28,0.0025,1,MLP_GATE_US_7,MLP_GATE,7
TRD_MLP_GATE_17_US_US_0016,US,MSFT,2024-12-31,2024-11-26,2024-12-31,23,calendar_end,413.89,415.78,99,40.98,41.16,104.39,0.0025,1,MLP_GATE_US_17,MLP_GATE,17
TRD_MLP_GATE_17_US_US_0017,US,NOC,2024-12-31,2024-11-26,2024-12-31,23,calendar_end,472.64,457.79,86,40.65,39.37,-1357.12,-0.0334,0,MLP_GATE_US_17,MLP_GATE,17
TRD_MLP_GATE_37_US_US_0015,US,NOC,2024-12-31,2024-12-24,2024-12-31,4,calendar_end,455.26,457.79,102,46.44,46.69,165.58,0.0036,1,MLP_GATE_US_37,MLP_GATE,37
TRD_MLP_MIX_SELECTED_7_Brazil_Brazil_0002,Brazil,RADL3.SA,2024-01-22,2024-01-03,2024-01-23,14,atr_chandelier_stop,27.32,24.8,1159,31.66,28.75,-2976.45,-0.0939,0,MLP_MIX_SELECTED_Brazil_7,MLP_MIX_SELECTED,7
TRD_MLP_MIX_SELECTED_37_Brazil_Brazil_0001,Brazil,RADL3.SA,2024-01-22,2024-01-03,2024-01-23,14,atr_chandelier_stop,27.32,24.8,1159,31.66,28.75,-2976.45,-0.0939,0,MLP_MIX_SELECTED_Brazil_37,MLP_MIX_SELECTED,37
TRD_MLP_MIX_SELECTED_7_Brazil_Brazil_0001,Brazil,TOTS3.SA,2024-02-08,2024-01-03,2024-02-09,27,atr_chandelier_stop,31.6,28.33,1002,31.67,28.39,-3334.15,-0.1052,0,MLP_MIX_SELECTED_Brazil_7,MLP_MIX_SELECTED,7
TRD_MLP_MIX_SELECTED_7_Brazil_Brazil_0003,Brazil,FLRY3.SA,2024-02-14,2024-01-03,2024-02-15,29,atr_chandelier_stop,14.7,13.1,2154,31.66,28.22,-3498.37,-0.1104,0,MLP_MIX_SELECTED_Brazil_7,MLP_MIX_SELECTED,7
TRD_MLP_MIX_SELECTED_17_Brazil_Brazil_0003,Brazil,FLRY3.SA,2024-02-14,2024-01-03,2024-02-15,29,atr_chandelier_stop,14.7,13.1,2154,31.66,28.22,-3498.37,-0.1104,0,MLP_MIX_SELECTED_Brazil_17,MLP_MIX_SELECTED,17
TRD_MLP_MIX_SELECTED_7_Brazil_Brazil_0004,Brazil,PETR4.SA,2024-03-08,2024-01-23,2024-03-11,32,atr_chandelier_stop,26.07,24.58,1115,29.07,27.4,-1723.55,-0.0592,0,MLP_MIX_SELECTED_Brazil_7,MLP_MIX_SELECTED,7
TRD_MLP_MIX_SELECTED_17_Brazil_Brazil_0002,Brazil,EQTL3.SA,2024-04-01,2024-01-03,2024-04-02,61,atr_chandelier_stop,32.37,29.54,978,31.66,28.89,-2824.34,-0.0891,0,MLP_MIX_SELECTED_Brazil_17,MLP_MIX_SELECTED,17
TRD_MLP_MIX_SELECTED_37_Brazil_Brazil_0002,Brazil,EQTL3.SA,2024-04-01,2024-01-03,2024-04-02,61,atr_chandelier_stop,32.37,29.54,978,31.66,28.89,-2824.34,-0.0891,0,MLP_MIX_SELECTED_Brazil_37,MLP_MIX_SELECTED,37
TRD_MLP_MIX_SELECTED_37_Brazil_Brazil_0003,Brazil,RAIL3.SA,2024-04-03,2024-01-03,2024-04-04,63,max_horizon,21.11,21.17,1500,31.66,31.76,36.06,0.0011,1,MLP_MIX_SELECTED_Brazil_37,MLP_MIX_SELECTED,37
TRD_MLP_MIX_SELECTED_17_Brazil_Brazil_0001,Brazil,SUZB3.SA,2024-04-03,2024-01-03,2024-04-04,63,max_horizon,51.94,61.18,609,31.63,37.26,5558.8,0.1756,1,MLP_MIX_SELECTED_Brazil_17,MLP_MIX_SELECTED,17
TRD_MLP_MIX_SELECTED_37_Brazil_Brazil_0004,Brazil,RADL3.SA,2024-04-16,2024-01-23,2024-04-17,58,atr_chandelier_stop,24.8,23.62,1225,30.39,28.93,-1512.9,-0.0497,0,MLP_MIX_SELECTED_Brazil_37,MLP_MIX_SELECTED,37
TRD_MLP_MIX_SELECTED_7_Brazil_Brazil_0007,Brazil,EQTL3.SA,2024-04-25,2024-03-11,2024-04-26,33,atr_chandelier_stop,30.85,27.65,946,29.19,26.16,-3086.08,-0.1056,0,MLP_MIX_SELECTED_Brazil_7,MLP_MIX_SELECTED,7
TRD_MLP_MIX_SELECTED_7_Brazil_Brazil_0005,Brazil,VALE3.SA,2024-05-13,2024-02-09,2024-05-14,63,max_horizon,52.0,52.98,571,29.69,30.25,503.25,0.0169,1,MLP_MIX_SELECTED_Brazil_7,MLP_MIX_SELECTED,7
TRD_MLP_MIX_SELECTED_17_Brazil_Brazil_0004,Brazil,VALE3.SA,2024-05-15,2024-02-15,2024-05-16,63,max_horizon,51.52,53.4,576,29.68,30.76,1020.96,0.0344,1,MLP_MIX_SELECTED_Brazil_17,MLP_MIX_SELECTED,17
TRD_MLP_MIX_SELECTED_7_Brazil_Brazil_0006,Brazil,WEGE3.SA,2024-05-15,2024-02-15,2024-05-16,63,max_horizon,31.25,37.19,937,29.28,34.85,5504.93,0.1878,1,MLP_MIX_SELECTED_Brazil_7,MLP_MIX_SELECTED,7
TRD_MLP_MIX_SELECTED_7_Brazil_Brazil_0010,Brazil,RADL3.SA,2024-06-05,2024-05-16,2024-06-06,14,atr_chandelier_stop,25.81,23.29,1119,28.89,26.06,-2880.54,-0.0996,0,MLP_MIX_SELECTED_Brazil_7,MLP_MIX_SELECTED,7
TRD_MLP_MIX_SELECTED_7_Brazil_Brazil_0011,Brazil,RENT3.SA,2024-06-18,2024-06-06,2024-06-19,9,atr_chandelier_stop,38.5,35.13,698,26.87,24.52,-2405.37,-0.0894,0,MLP_MIX_SELECTED_Brazil_7,MLP_MIX_SELECTED,7
TRD_MLP_MIX_SELECTED_17_Brazil_Brazil_0006,Brazil,EQTL3.SA,2024-06-19,2024-04-04,2024-06-20,53,atr_chandelier_stop,29.83,27.2,1043,31.11,28.37,-2798.64,-0.0899,0,MLP_MIX_SELECTED_Brazil_17,MLP_MIX_SELECTED,17
TRD_MLP_MIX_SELECTED_37_Brazil_Brazil_0005,Brazil,EQTL3.SA,2024-06-19,2024-04-02,2024-06-20,55,atr_chandelier_stop,29.54,27.2,1009,29.81,27.45,-2418.25,-0.081,0,MLP_MIX_SELECTED_Brazil_37,MLP_MIX_SELECTED,37
TRD_MLP_MIX_SELECTED_17_Brazil_Brazil_0005,Brazil,FLRY3.SA,2024-07-01,2024-04-02,2024-07-02,63,max_horizon,12.43,12.84,2515,31.26,32.29,965.82,0.0309,1,MLP_MIX_SELECTED_Brazil_17,MLP_MIX_SELECTED,17
TRD_MLP_MIX_SELECTED_37_Brazil_Brazil_0006,Brazil,ITUB4.SA,2024-07-03,2024-04-04,2024-07-04,63,max_horizon,24.67,24.76,1211,29.88,29.98,46.76,0.0016,1,MLP_MIX_SELECTED_Brazil_37,MLP_MIX_SELECTED,37
TRD_MLP_MIX_SELECTED_37_Brazil_Brazil_0007,Brazil,FLRY3.SA,2024-07-16,2024-04-17,2024-07-17,63,max_horizon,11.75,13.06,2440,28.68,31.86,3118.94,0.1087,1,MLP_MIX_SELECTED_Brazil_37,MLP_MIX_SELECTED,37
TRD_MLP_MIX_SELECTED_17_Brazil_Brazil_0008,Brazil,SUZB3.SA,2024-07-26,2024-06-20,2024-07-29,27,atr_chandelier_stop,46.42,49.02,641,29.76,31.42,1603.45,0.0538,1,MLP_MIX_SELECTED_Brazil_17,MLP_MIX_SELECTED,17
TRD_MLP_MIX_SELECTED_7_Brazil_Brazil_0008,Brazil,KLBN11.SA,2024-08-09,2024-05-14,2024-08-12,63,max_horizon,18.79,18.5,1533,28.8,28.36,-501.89,-0.0174,0,MLP_MIX_SELECTED_Brazil_7,MLP_MIX_SELECTED,7
TRD_MLP_MIX_SELECTED_17_Brazil_Brazil_0007,Brazil,KLBN11.SA,2024-08-13,2024-05-16,2024-08-14,63,max_horizon,18.82,18.32,1658,31.21,30.38,-892.34,-0.0286,0,MLP_MIX_SELECTED_Brazil_17,MLP_MIX_SELECTED,17
TRD_MLP_MIX_SELECTED_7_Brazil_Brazil_0009,Brazil,RAIL3.SA,2024-08-13,2024-05-16,2024-08-14,63,max_horizon,19.7,21.78,1466,28.88,31.92,2980.82,0.1031,1,MLP_MIX_SELECTED_Brazil_7,MLP_MIX_SELECTED,7
TRD_MLP_MIX_SELECTED_7_Brazil_Brazil_0012,Brazil,RENT3.SA,2024-08-14,2024-06-19,2024-08-15,41,atr_chandelier_stop,35.13,36.82,746,26.21,27.47,1205.29,0.0459,1,MLP_MIX_SELECTED_Brazil_7,MLP_MIX_SELECTED,7
TRD_MLP_MIX_SELECTED_37_Brazil_Brazil_0008,Brazil,RENT3.SA,2024-08-14,2024-06-20,2024-08-15,40,atr_chandelier_stop,35.92,36.82,787,28.27,28.98,649.8,0.023,1,MLP_MIX_SELECTED_Brazil_37,MLP_MIX_SELECTED,37
TRD_MLP_MIX_SELECTED_37_Brazil_Brazil_0010,Brazil,RADL3.SA,2024-09-11,2024-07-17,2024-09-12,41,atr_chandelier_stop,24.21,25.24,1278,30.95,32.26,1246.72,0.0402,1,MLP_MIX_SELECTED_Brazil_37,MLP_MIX_SELECTED,37
TRD_MLP_MIX_SELECTED_17_Brazil_Brazil_0009,Brazil,WEGE3.SA,2024-09-26,2024-07-02,2024-09-27,63,max_horizon,39.4,52.66,834,32.86,43.92,10982.71,0.3339,1,MLP_MIX_SELECTED_Brazil_17,MLP_MIX_SELECTED,17
TRD_MLP_MIX_SELECTED_37_Brazil_Brazil_0009,Brazil,KLBN11.SA,2024-09-30,2024-07-04,2024-10-01,63,max_horizon,18.74,18.46,1585,29.7,29.26,-492.16,-0.0166,0,MLP_MIX_SELECTED_Brazil_37,MLP_MIX_SELECTED,37
TRD_MLP_MIX_SELECTED_37_Brazil_Brazil_0012,Brazil,FLRY3.SA,2024-10-09,2024-09-12,2024-10-10,20,atr_chandelier_stop,14.13,12.69,2182,30.84,27.69,-3205.61,-0.1038,0,MLP_MIX_SELECTED_Brazil_37,MLP_MIX_SELECTED,37
TRD_MLP_MIX_SELECTED_17_Brazil_Brazil_0010,Brazil,ITUB4.SA,2024-10-23,2024-07-29,2024-10-24,63,max_horizon,25.59,26.65,1276,32.65,34.0,1284.93,0.0393,1,MLP_MIX_SELECTED_Brazil_17,MLP_MIX_SELECTED,17
TRD_MLP_MIX_SELECTED_7_Brazil_Brazil_0015,Brazil,PETR4.SA,2024-11-01,2024-08-15,2024-11-04,57,atr_chandelier_stop,28.94,28.08,973,28.16,27.32,-890.37,-0.0316,0,MLP_MIX_SELECTED_Brazil_7,MLP_MIX_SELECTED,7
TRD_MLP_MIX_SELECTED_7_Brazil_Brazil_0013,Brazil,VALE3.SA,2024-11-07,2024-08-13,2024-11-08,63,max_horizon,48.55,52.81,624,30.29,32.95,2594.48,0.0856,1,MLP_MIX_SELECTED_Brazil_7,MLP_MIX_SELECTED,7
TRD_MLP_MIX_SELECTED_17_Brazil_Brazil_0011,Brazil,FLRY3.SA,2024-11-08,2024-09-27,2024-11-11,31,atr_chandelier_stop,13.27,11.61,2690,35.7,31.22,-4543.57,-0.1271,0,MLP_MIX_SELECTED_Brazil_17,MLP_MIX_SELECTED,17
TRD_MLP_MIX_SELECTED_7_Brazil_Brazil_0014,Brazil,KLBN11.SA,2024-11-08,2024-08-14,2024-11-11,63,max_horizon,18.32,18.29,1640,30.05,29.99,-117.85,-0.0039,0,MLP_MIX_SELECTED_Brazil_7,MLP_MIX_SELECTED,7
TRD_MLP_MIX_SELECTED_37_Brazil_Brazil_0011,Brazil,VALE3.SA,2024-11-11,2024-08-15,2024-11-12,63,max_horizon,47.62,49.9,653,31.09,32.59,1427.07,0.0458,1,MLP_MIX_SELECTED_Brazil_37,MLP_MIX_SELECTED,37
TRD_MLP_MIX_SELECTED_17_Brazil_Brazil_0013,Brazil,EQTL3.SA,2024-12-03,2024-10-24,2024-12-04,27,atr_chandelier_stop,29.91,28.01,1147,34.31,32.13,-2249.84,-0.0655,0,MLP_MIX_SELECTED_Brazil_17,MLP_MIX_SELECTED,17
TRD_MLP_MIX_SELECTED_37_Brazil_Brazil_0014,Brazil,EQTL3.SA,2024-12-03,2024-10-10,2024-12-04,37,atr_chandelier_stop,30.23,28.01,978,29.57,27.39,-2230.47,-0.0754,0,MLP_MIX_SELECTED_Brazil_37,MLP_MIX_SELECTED,37
TRD_MLP_MIX_SELECTED_7_Brazil_Brazil_0017,Brazil,RADL3.SA,2024-12-16,2024-11-08,2024-12-17,25,atr_chandelier_stop,23.59,22.19,1247,29.42,27.67,-1802.35,-0.0612,0,MLP_MIX_SELECTED_Brazil_7,MLP_MIX_SELECTED,7
TRD_MLP_MIX_SELECTED_17_Brazil_Brazil_0012,Brazil,RAIL3.SA,2024-12-16,2024-09-27,2024-12-17,55,atr_chandelier_stop,19.12,17.8,1867,35.7,33.23,-2538.8,-0.071,0,MLP_MIX_SELECTED_Brazil_17,MLP_MIX_SELECTED,17
TRD_MLP_MIX_SELECTED_37_Brazil_Brazil_0013,Brazil,RAIL3.SA,2024-12-16,2024-10-01,2024-12-17,53,atr_chandelier_stop,19.03,17.8,1611,30.66,28.67,-2052.55,-0.0669,0,MLP_MIX_SELECTED_Brazil_37,MLP_MIX_SELECTED,37
TRD_MLP_MIX_SELECTED_7_Brazil_Brazil_0018,Brazil,ITUB4.SA,2024-12-18,2024-11-11,2024-12-19,26,atr_chandelier_stop,26.34,23.74,1107,29.16,26.28,-2937.81,-0.1006,0,MLP_MIX_SELECTED_Brazil_7,MLP_MIX_SELECTED,7
TRD_MLP_MIX_SELECTED_17_Brazil_Brazil_0014,Brazil,ITUB4.SA,2024-12-18,2024-11-11,2024-12-19,26,atr_chandelier_stop,26.34,23.74,1264,33.3,30.01,-3354.47,-0.1006,0,MLP_MIX_SELECTED_Brazil_17,MLP_MIX_SELECTED,17
TRD_MLP_MIX_SELECTED_37_Brazil_Brazil_0016,Brazil,EQTL3.SA,2024-12-27,2024-12-04,2024-12-30,16,atr_chandelier_stop,28.01,25.97,1040,29.13,27.01,-2172.4,-0.0745,0,MLP_MIX_SELECTED_Brazil_37,MLP_MIX_SELECTED,37
TRD_MLP_MIX_SELECTED_7_Brazil_Brazil_0020,Brazil,ITUB4.SA,2024-12-30,2024-12-19,2024-12-30,5,calendar_end,23.74,23.39,1177,27.94,27.53,-467.58,-0.0167,0,MLP_MIX_SELECTED_Brazil_7,MLP_MIX_SELECTED,7
TRD_MLP_MIX_SELECTED_37_Brazil_Brazil_0017,Brazil,ITUB4.SA,2024-12-30,2024-12-17,2024-12-30,7,calendar_end,24.2,23.39,1201,29.07,28.09,-1035.28,-0.0356,0,MLP_MIX_SELECTED_Brazil_37,MLP_MIX_SELECTED,37
TRD_MLP_MIX_SELECTED_17_Brazil_Brazil_0016,Brazil,KLBN11.SA,2024-12-30,2024-12-17,2024-12-30,7,calendar_end,20.98,20.99,1515,31.78,31.79,-49.87,-0.0016,0,MLP_MIX_SELECTED_Brazil_17,MLP_MIX_SELECTED,17
TRD_MLP_MIX_SELECTED_37_Brazil_Brazil_0015,Brazil,KLBN11.SA,2024-12-30,2024-11-12,2024-12-30,30,calendar_end,18.37,20.99,1584,29.09,33.24,4087.23,0.1404,1,MLP_MIX_SELECTED_Brazil_37,MLP_MIX_SELECTED,37
TRD_MLP_MIX_SELECTED_7_Brazil_Brazil_0016,Brazil,PETR4.SA,2024-12-30,2024-11-08,2024-12-30,32,calendar_end,28.04,30.56,1049,29.41,32.05,2577.67,0.0875,1,MLP_MIX_SELECTED_Brazil_7,MLP_MIX_SELECTED,7
TRD_MLP_MIX_SELECTED_7_Brazil_Brazil_0019,Brazil,RENT3.SA,2024-12-30,2024-12-17,2024-12-30,7,calendar_end,28.36,29.88,1004,28.47,30.0,1471.34,0.0516,1,MLP_MIX_SELECTED_Brazil_7,MLP_MIX_SELECTED,7
TRD_MLP_MIX_SELECTED_17_Brazil_Brazil_0017,Brazil,VALE3.SA,2024-12-30,2024-12-19,2024-12-30,5,calendar_end,47.29,46.88,670,31.68,31.41,-333.73,-0.0105,0,MLP_MIX_SELECTED_Brazil_17,MLP_MIX_SELECTED,17
TRD_MLP_MIX_SELECTED_17_Brazil_Brazil_0015,Brazil,WEGE3.SA,2024-12-30,2024-12-04,2024-12-30,16,calendar_end,51.41,49.8,615,31.62,30.63,-1049.96,-0.0332,0,MLP_MIX_SELECTED_Brazil_17,MLP_MIX_SELECTED,17
TRD_MLP_MIX_SELECTED_17_China_China_0003,China,002475.SZ,2024-01-16,2024-01-03,2024-01-17,10,atr_chandelier_stop,33.07,29.65,957,31.65,28.37,-3338.93,-0.1054,0,MLP_MIX_SELECTED_China_17,MLP_MIX_SELECTED,17
TRD_MLP_MIX_SELECTED_7_China_China_0001,China,600276.SS,2024-01-29,2024-01-03,2024-01-30,19,atr_chandelier_stop,43.66,38.73,725,31.65,28.08,-3632.13,-0.1146,0,MLP_MIX_SELECTED_China_7,MLP_MIX_SELECTED,7
TRD_MLP_MIX_SELECTED_37_China_China_0002,China,600276.SS,2024-01-29,2024-01-03,2024-01-30,19,atr_chandelier_stop,43.66,38.73,725,31.65,28.08,-3632.13,-0.1146,0,MLP_MIX_SELECTED_China_37,MLP_MIX_SELECTED,37
TRD_MLP_MIX_SELECTED_7_China_China_0002,China,000333.SZ,2024-04-10,2024-01-03,2024-04-11,63,max_horizon,47.14,56.09,671,31.63,37.63,5933.61,0.1874,1,MLP_MIX_SELECTED_China_7,MLP_MIX_SELECTED,7
TRD_MLP_MIX_SELECTED_17_China_China_0001,China,000333.SZ,2024-04-10,2024-01-03,2024-04-11,63,max_horizon,47.14,56.09,671,31.63,37.63,5933.61,0.1874,1,MLP_MIX_SELECTED_China_17,MLP_MIX_SELECTED,17
TRD_MLP_MIX_SELECTED_37_China_China_0001,China,000333.SZ,2024-04-10,2024-01-03,2024-04-11,63,max_horizon,47.14,56.09,671,31.63,37.63,5933.61,0.1874,1,MLP_MIX_SELECTED_China_37,MLP_MIX_SELECTED,37
TRD_MLP_MIX_SELECTED_17_China_China_0002,China,600036.SS,2024-04-10,2024-01-03,2024-04-11,63,max_horizon,23.65,27.71,1338,31.65,37.08,5359.22,0.1692,1,MLP_MIX_SELECTED_China_17,MLP_MIX_SELECTED,17
TRD_MLP_MIX_SELECTED_7_China_China_0003,China,600887.SS,2024-04-10,2024-01-03,2024-04-11,63,max_horizon,22.93,23.63,1381,31.67,32.63,900.74,0.0284,1,MLP_MIX_SELECTED_China_7,MLP_MIX_SELECTED,7
TRD_MLP_MIX_SELECTED_37_China_China_0003,China,601318.SS,2024-04-10,2024-01-03,2024-04-11,63,atr_chandelier_stop,34.64,34.26,914,31.66,31.31,-415.95,-0.0131,0,MLP_MIX_SELECTED_China_37,MLP_MIX_SELECTED,37
TRD_MLP_MIX_SELECTED_7_China_China_0004,China,600276.SS,2024-04-18,2024-01-30,2024-04-19,50,atr_chandelier_stop,38.73,41.47,819,31.72,33.97,2182.59,0.0687,1,MLP_MIX_SELECTED_China_7,MLP_MIX_SELECTED,7
TRD_MLP_MIX_SELECTED_17_China_China_0004,China,600309.SS,2024-04-24,2024-01-17,2024-04-25,63,max_horizon,66.26,81.32,477,31.6,38.79,7113.2,0.2248,1,MLP_MIX_SELECTED_China_17,MLP_MIX_SELECTED,17
TRD_MLP_MIX_SELECTED_37_China_China_0004,China,600036.SS,2024-05-10,2024-01-30,2024-05-13,63,max_horizon,26.76,30.4,1182,31.63,35.93,4230.79,0.1336,1,MLP_MIX_SELECTED_China_37,MLP_MIX_SELECTED,37
TRD_MLP_MIX_SELECTED_7_China_China_0006,China,600519.SS,2024-06-11,2024-04-11,2024-06-12,40,atr_chandelier_stop,1490.35,1426.64,23,34.28,32.81,-1532.37,-0.0447,0,MLP_MIX_SELECTED_China_7,MLP_MIX_SELECTED,7
TRD_MLP_MIX_SELECTED_17_China_China_0006,China,600519.SS,2024-06-11,2024-04-11,2024-06-12,40,atr_chandelier_stop,1490.35,1426.64,24,35.77,34.24,-1599.0,-0.0447,0,MLP_MIX_SELECTED_China_17,MLP_MIX_SELECTED,17
TRD_MLP_MIX_SELECTED_7_China_China_0007,China,600036.SS,2024-06-12,2024-04-19,2024-06-13,35,atr_chandelier_stop,28.78,28.47,1178,33.91,33.54,-431.17,-0.0127,0,MLP_MIX_SELECTED_China_7,MLP_MIX_SELECTED,7
TRD_MLP_MIX_SELECTED_17_China_China_0007,China,600036.SS,2024-06-12,2024-04-25,2024-06-13,31,atr_chandelier_stop,28.68,28.47,1297,37.2,36.93,-341.1,-0.0092,0,MLP_MIX_SELECTED_China_17,MLP_MIX_SELECTED,17
TRD_MLP_MIX_SELECTED_37_China_China_0007,China,600519.SS,2024-06-13,2024-05-13,2024-06-14,23,atr_chandelier_stop,1573.86,1413.01,22,34.62,31.09,-3604.54,-0.104,0,MLP_MIX_SELECTED_China_37,MLP_MIX_SELECTED,37
TRD_MLP_MIX_SELECTED_7_China_China_0009,China,600276.SS,2024-07-01,2024-06-13,2024-07-02,13,atr_chandelier_stop,41.57,37.75,793,32.97,29.94,-3093.35,-0.0937,0,MLP_MIX_SELECTED_China_7,MLP_MIX_SELECTED,7
TRD_MLP_MIX_SELECTED_37_China_China_0006,China,002415.SZ,2024-07-02,2024-04-11,2024-07-03,55,atr_chandelier_stop,28.05,27.97,1168,32.77,32.67,-157.46,-0.0048,0,MLP_MIX_SELECTED_China_37,MLP_MIX_SELECTED,37
TRD_MLP_MIX_SELECTED_7_China_China_0008,China,002415.SZ,2024-07-04,2024-06-12,2024-07-05,17,atr_chandelier_stop,31.0,27.52,1069,33.14,29.42,-3782.06,-0.114,0,MLP_MIX_SELECTED_China_7,MLP_MIX_SELECTED,7
TRD_MLP_MIX_SELECTED_17_China_China_0008,China,002415.SZ,2024-07-04,2024-06-12,2024-07-05,17,atr_chandelier_stop,31.0,27.52,1169,36.24,32.17,-4135.85,-0.114,0,MLP_MIX_SELECTED_China_17,MLP_MIX_SELECTED,17
TRD_MLP_MIX_SELECTED_7_China_China_0005,China,600887.SS,2024-07-08,2024-04-11,2024-07-09,59,atr_chandelier_stop,23.63,22.88,1455,34.38,33.3,-1149.91,-0.0334,0,MLP_MIX_SELECTED_China_7,MLP_MIX_SELECTED,7
TRD_MLP_MIX_SELECTED_17_China_China_0005,China,600887.SS,2024-07-08,2024-04-11,2024-07-09,59,atr_chandelier_stop,23.63,22.88,1556,36.76,35.61,-1229.73,-0.0334,0,MLP_MIX_SELECTED_China_17,MLP_MIX_SELECTED,17
TRD_MLP_MIX_SELECTED_37_China_China_0005,China,600887.SS,2024-07-08,2024-04-11,2024-07-09,59,atr_chandelier_stop,23.63,22.88,1387,32.77,31.74,-1096.17,-0.0334,0,MLP_MIX_SELECTED_China_37,MLP_MIX_SELECTED,37
TRD_MLP_MIX_SELECTED_17_China_China_0009,China,600519.SS,2024-07-30,2024-06-13,2024-07-31,34,atr_chandelier_stop,1432.79,1273.56,25,35.82,31.84,-4048.35,-0.1129,0,MLP_MIX_SELECTED_China_17,MLP_MIX_SELECTED,17
TRD_MLP_MIX_SELECTED_37_China_China_0009,China,002415.SZ,2024-08-09,2024-07-03,2024-08-12,28,atr_chandelier_stop,27.97,25.14,1147,32.09,28.84,-3306.86,-0.103,0,MLP_MIX_SELECTED_China_37,MLP_MIX_SELECTED,37
TRD_MLP_MIX_SELECTED_7_China_China_0012,China,601012.SS,2024-08-22,2024-07-09,2024-08-23,33,atr_chandelier_stop,12.9,12.86,2309,29.79,29.69,-159.76,-0.0054,0,MLP_MIX_SELECTED_China_7,MLP_MIX_SELECTED,7
TRD_MLP_MIX_SELECTED_7_China_China_0011,China,000858.SZ,2024-08-26,2024-07-05,2024-08-27,37,atr_chandelier_stop,113.61,106.2,271,30.79,28.78,-2068.57,-0.0671,0,MLP_MIX_SELECTED_China_7,MLP_MIX_SELECTED,7
TRD_MLP_MIX_SELECTED_17_China_China_0012,China,600887.SS,2024-08-28,2024-07-31,2024-08-29,21,atr_chandelier_stop,22.15,20.11,1459,32.32,29.34,-3041.3,-0.094,0,MLP_MIX_SELECTED_China_17,MLP_MIX_SELECTED,17
TRD_MLP_MIX_SELECTED_17_China_China_0010,China,600036.SS,2024-09-09,2024-07-05,2024-09-10,47,atr_chandelier_stop,29.77,27.51,1140,33.94,31.36,-2642.81,-0.0778,0,MLP_MIX_SELECTED_China_17,MLP_MIX_SELECTED,17
TRD_MLP_MIX_SELECTED_37_China_China_0008,China,600519.SS,2024-09-10,2024-06-14,2024-09-11,63,max_horizon,1413.01,1275.88,23,32.5,29.35,-3215.76,-0.0989,0,MLP_MIX_SELECTED_China_37,MLP_MIX_SELECTED,37
TRD_MLP_MIX_SELECTED_7_China_China_0010,China,600519.SS,2024-09-12,2024-07-02,2024-09-13,53,atr_chandelier_stop,1329.12,1234.51,23,30.57,28.39,-2234.9,-0.073,0,MLP_MIX_SELECTED_China_7,MLP_MIX_SELECTED,7
TRD_MLP_MIX_SELECTED_17_China_China_0013,China,600519.SS,2024-09-18,2024-08-29,2024-09-19,13,atr_chandelier_stop,1279.96,1170.52,25,32.0,29.26,-2797.41,-0.0873,0,MLP_MIX_SELECTED_China_17,MLP_MIX_SELECTED,17
TRD_MLP_MIX_SELECTED_7_China_China_0013,China,000725.SZ,2024-10-11,2024-08-23,2024-10-14,29,atr_chandelier_stop,3.76,4.12,7879,29.63,32.48,2792.47,0.0942,1,MLP_MIX_SELECTED_China_7,MLP_MIX_SELECTED,7
TRD_MLP_MIX_SELECTED_17_China_China_0014,China,000725.SZ,2024-10-11,2024-09-10,2024-10-14,17,atr_chandelier_stop,3.71,4.12,8231,30.55,33.93,3320.62,0.1086,1,MLP_MIX_SELECTED_China_17,MLP_MIX_SELECTED,17
TRD_MLP_MIX_SELECTED_37_China_China_0011,China,002415.SZ,2024-10-11,2024-08-12,2024-10-14,38,atr_chandelier_stop,25.14,27.49,1223,30.75,33.62,2806.56,0.0912,1,MLP_MIX_SELECTED_China_37,MLP_MIX_SELECTED,37
TRD_MLP_MIX_SELECTED_17_China_China_0015,China,600196.SS,2024-10-11,2024-09-19,2024-10-14,12,atr_chandelier_stop,21.69,25.0,1383,30.0,34.58,4516.51,0.1504,1,MLP_MIX_SELECTED_China_17,MLP_MIX_SELECTED,17
TRD_MLP_MIX_SELECTED_17_China_China_0011,China,000333.SZ,2024-10-14,2024-07-09,2024-10-15,63,max_horizon,57.54,71.24,573,32.97,40.82,7774.63,0.2356,1,MLP_MIX_SELECTED_China_17,MLP_MIX_SELECTED,17
TRD_MLP_MIX_SELECTED_37_China_China_0010,China,601318.SS,2024-10-14,2024-07-09,2024-10-15,63,max_horizon,35.84,53.29,868,31.11,46.26,15075.1,0.4842,1,MLP_MIX_SELECTED_China_37,MLP_MIX_SELECTED,37
TRD_MLP_MIX_SELECTED_7_China_China_0015,China,000333.SZ,2024-10-31,2024-09-13,2024-11-01,28,atr_chandelier_stop,55.95,64.42,502,28.09,32.34,4190.07,0.149,1,MLP_MIX_SELECTED_China_7,MLP_MIX_SELECTED,7
TRD_MLP_MIX_SELECTED_37_China_China_0012,China,000333.SZ,2024-10-31,2024-09-11,2024-11-01,30,atr_chandelier_stop,54.57,64.42,556,30.34,35.82,5408.63,0.1781,1,MLP_MIX_SELECTED_China_37,MLP_MIX_SELECTED,37
TRD_MLP_MIX_SELECTED_37_China_China_0014,China,002475.SZ,2024-11-07,2024-10-15,2024-11-08,18,atr_chandelier_stop,43.5,41.04,887,38.59,36.4,-2259.16,-0.0585,0,MLP_MIX_SELECTED_China_37,MLP_MIX_SELECTED,37
TRD_MLP_MIX_SELECTED_7_China_China_0017,China,002475.SZ,2024-11-18,2024-11-01,2024-11-19,12,atr_chandelier_stop,41.76,38.17,806,33.66,30.77,-2957.81,-0.0878,0,MLP_MIX_SELECTED_China_7,MLP_MIX_SELECTED,7
TRD_MLP_MIX_SELECTED_7_China_China_0014,China,600887.SS,2024-12-02,2024-08-27,2024-12-03,63,max_horizon,20.81,26.28,1418,29.51,37.26,7677.16,0.2599,1,MLP_MIX_SELECTED_China_7,MLP_MIX_SELECTED,7
TRD_MLP_MIX_SELECTED_7_China_China_0019,China,601012.SS,2024-12-17,2024-12-03,2024-12-18,11,atr_chandelier_stop,18.55,16.79,1857,34.45,31.18,-3333.94,-0.0967,0,MLP_MIX_SELECTED_China_7,MLP_MIX_SELECTED,7
TRD_MLP_MIX_SELECTED_7_China_China_0018,China,002230.SZ,2024-12-31,2024-12-03,2024-12-31,20,calendar_end,50.92,48.11,676,34.42,32.52,-1971.55,-0.0572,0,MLP_MIX_SELECTED_China_7,MLP_MIX_SELECTED,7
TRD_MLP_MIX_SELECTED_7_China_China_0016,China,002241.SZ,2024-12-31,2024-10-14,2024-12-31,56,calendar_end,21.64,25.32,1551,33.56,39.27,5630.45,0.1676,1,MLP_MIX_SELECTED_China_7,MLP_MIX_SELECTED,7
TRD_MLP_MIX_SELECTED_17_China_China_0017,China,002241.SZ,2024-12-31,2024-10-14,2024-12-31,56,calendar_end,21.64,25.32,1603,34.69,40.58,5819.23,0.1676,1,MLP_MIX_SELECTED_China_17,MLP_MIX_SELECTED,17
TRD_MLP_MIX_SELECTED_37_China_China_0013,China,002241.SZ,2024-12-31,2024-10-15,2024-12-31,55,calendar_end,22.17,25.32,1742,38.62,44.1,5403.85,0.1398,1,MLP_MIX_SELECTED_China_37,MLP_MIX_SELECTED,37
TRD_MLP_MIX_SELECTED_17_China_China_0018,China,600036.SS,2024-12-31,2024-10-15,2024-12-31,55,calendar_end,35.62,35.74,992,35.34,35.45,46.49,0.0013,1,MLP_MIX_SELECTED_China_17,MLP_MIX_SELECTED,17
TRD_MLP_MIX_SELECTED_37_China_China_0016,China,600196.SS,2024-12-31,2024-11-08,2024-12-31,37,calendar_end,27.0,24.14,1393,37.62,33.63,-4063.01,-0.1079,0,MLP_MIX_SELECTED_China_37,MLP_MIX_SELECTED,37
TRD_MLP_MIX_SELECTED_37_China_China_0015,China,600519.SS,2024-12-31,2024-11-01,2024-12-31,42,calendar_end,1410.74,1435.63,26,36.68,37.33,573.08,0.0156,1,MLP_MIX_SELECTED_China_37,MLP_MIX_SELECTED,37
TRD_MLP_MIX_SELECTED_17_China_China_0016,China,600887.SS,2024-12-31,2024-10-14,2024-12-31,56,calendar_end,24.91,27.52,1393,34.7,38.33,3559.23,0.1025,1,MLP_MIX_SELECTED_China_17,MLP_MIX_SELECTED,17
TRD_MLP_MIX_SELECTED_7_France_France_0003,France,WLN.PA,2024-01-12,2024-01-03,2024-01-15,8,atr_chandelier_stop,160.16,137.53,197,31.55,27.09,-4516.6,-0.143,0,MLP_MIX_SELECTED_France_7,MLP_MIX_SELECTED,7
TRD_MLP_MIX_SELECTED_17_France_France_0002,France,DSY.PA,2024-02-01,2024-01-03,2024-02-02,22,atr_chandelier_stop,41.9,42.57,755,31.63,32.14,439.59,0.0139,1,MLP_MIX_SELECTED_France_17,MLP_MIX_SELECTED,17
TRD_MLP_MIX_SELECTED_7_France_France_0004,France,TEP.PA,2024-02-13,2024-01-15,2024-02-14,22,atr_chandelier_stop,119.21,116.53,251,29.92,29.25,-730.58,-0.0244,0,MLP_MIX_SELECTED_France_7,MLP_MIX_SELECTED,7
TRD_MLP_MIX_SELECTED_7_France_France_0005,France,WLN.PA,2024-03-06,2024-02-14,2024-03-07,16,atr_chandelier_stop,121.26,103.85,260,31.53,27.0,-4585.4,-0.1453,0,MLP_MIX_SELECTED_France_7,MLP_MIX_SELECTED,7
TRD_MLP_MIX_SELECTED_37_France_France_0002,France,CAP.PA,2024-04-02,2024-01-03,2024-04-03,63,max_horizon,175.53,195.65,180,31.6,35.22,3555.59,0.1124,1,MLP_MIX_SELECTED_France_37,MLP_MIX_SELECTED,37
TRD_MLP_MIX_SELECTED_7_France_France_0001,France,EL.PA,2024-04-02,2024-01-03,2024-04-03,63,max_horizon,166.95,192.35,189,31.55,36.35,4731.6,0.1498,1,MLP_MIX_SELECTED_France_7,MLP_MIX_SELECTED,7
TRD_MLP_MIX_SELECTED_37_France_France_0001,France,EL.PA,2024-04-02,2024-01-03,2024-04-03,63,max_horizon,166.95,192.35,189,31.55,36.35,4731.6,0.1498,1,MLP_MIX_SELECTED_France_37,MLP_MIX_SELECTED,37
TRD_MLP_MIX_SELECTED_7_France_France_0002,France,MC.PA,2024-04-02,2024-01-03,2024-04-03,63,max_horizon,677.1,773.38,46,31.15,35.58,4362.31,0.1399,1,MLP_MIX_SELECTED_France_7,MLP_MIX_SELECTED,7
TRD_MLP_MIX_SELECTED_17_France_France_0003,France,ML.PA,2024-04-02,2024-01-03,2024-04-03,63,max_horizon,28.76,31.07,1101,31.66,34.21,2480.89,0.0783,1,MLP_MIX_SELECTED_France_17,MLP_MIX_SELECTED,17
TRD_MLP_MIX_SELECTED_17_France_France_0001,France,SU.PA,2024-04-02,2024-01-03,2024-04-03,63,max_horizon,169.97,194.93,186,31.61,36.26,4574.41,0.1445,1,MLP_MIX_SELECTED_France_17,MLP_MIX_SELECTED,17
TRD_MLP_MIX_SELECTED_37_France_France_0003,France,SU.PA,2024-04-02,2024-01-03,2024-04-03,63,max_horizon,169.97,194.93,186,31.61,36.26,4574.41,0.1445,1,MLP_MIX_SELECTED_France_37,MLP_MIX_SELECTED,37
TRD_MLP_MIX_SELECTED_17_France_France_0004,France,CAP.PA,2024-04-17,2024-02-02,2024-04-18,52,atr_chandelier_stop,193.51,188.76,162,31.35,30.58,-831.69,-0.0265,0,MLP_MIX_SELECTED_France_17,MLP_MIX_SELECTED,17
TRD_MLP_MIX_SELECTED_7_France_France_0008,France,MC.PA,2024-05-29,2024-04-03,2024-05-30,40,atr_chandelier_stop,773.38,689.34,40,30.94,27.57,-3420.2,-0.1104,0,MLP_MIX_SELECTED_France_7,MLP_MIX_SELECTED,7
TRD_MLP_MIX_SELECTED_17_France_France_0005,France,MC.PA,2024-05-29,2024-04-03,2024-05-30,40,atr_chandelier_stop,773.38,689.34,44,34.03,30.33,-3762.22,-0.1104,0,MLP_MIX_SELECTED_France_17,MLP_MIX_SELECTED,17
TRD_MLP_MIX_SELECTED_7_France_France_0006,France,CAP.PA,2024-05-31,2024-04-03,2024-06-03,42,atr_chandelier_stop,195.65,177.28,160,31.3,28.36,-2999.45,-0.0957,0,MLP_MIX_SELECTED_France_7,MLP_MIX_SELECTED,7
TRD_MLP_MIX_SELECTED_37_France_France_0006,France,CAP.PA,2024-05-31,2024-04-03,2024-06-03,42,atr_chandelier_stop,195.65,177.28,182,35.61,32.27,-3411.87,-0.0957,0,MLP_MIX_SELECTED_France_37,MLP_MIX_SELECTED,37
TRD_MLP_MIX_SELECTED_7_France_France_0007,France,DG.PA,2024-06-10,2024-04-03,2024-06-11,48,atr_chandelier_stop,105.09,96.47,299,31.42,28.85,-2638.15,-0.0839,0,MLP_MIX_SELECTED_France_7,MLP_MIX_SELECTED,7
TRD_MLP_MIX_SELECTED_17_France_France_0006,France,DG.PA,2024-06-10,2024-04-03,2024-06-11,48,atr_chandelier_stop,105.09,96.47,324,34.05,31.26,-2858.73,-0.0839,0,MLP_MIX_SELECTED_France_17,MLP_MIX_SELECTED,17
TRD_MLP_MIX_SELECTED_37_France_France_0007,France,DG.PA,2024-06-11,2024-06-03,2024-06-12,7,atr_chandelier_stop,106.68,93.61,312,33.28,29.21,-4140.13,-0.1243,0,MLP_MIX_SELECTED_France_37,MLP_MIX_SELECTED,37
TRD_MLP_MIX_SELECTED_37_France_France_0004,France,RMS.PA,2024-06-11,2024-04-03,2024-06-12,49,atr_chandelier_stop,2293.96,2079.97,15,34.41,31.2,-3275.5,-0.0951,0,MLP_MIX_SELECTED_France_37,MLP_MIX_SELECTED,37
TRD_MLP_MIX_SELECTED_7_France_France_0010,France,DIM.PA,2024-06-19,2024-06-03,2024-06-20,13,atr_chandelier_stop,184.05,152.8,159,29.26,24.29,-5022.91,-0.1715,0,MLP_MIX_SELECTED_France_7,MLP_MIX_SELECTED,7
TRD_MLP_MIX_SELECTED_37_France_France_0005,France,AI.PA,2024-07-01,2024-04-03,2024-07-02,63,max_horizon,149.55,141.65,239,35.74,33.85,-1957.3,-0.0547,0,MLP_MIX_SELECTED_France_37,MLP_MIX_SELECTED,37
TRD_MLP_MIX_SELECTED_17_France_France_0009,France,OR.PA,2024-07-02,2024-06-11,2024-07-03,16,atr_chandelier_stop,437.71,394.17,71,31.08,27.99,-3150.41,-0.1013,0,MLP_MIX_SELECTED_France_17,MLP_MIX_SELECTED,17
TRD_MLP_MIX_SELECTED_37_France_France_0008,France,OR.PA,2024-07-02,2024-06-12,2024-07-03,15,atr_chandelier_stop,434.82,394.17,73,31.74,28.77,-3027.99,-0.0953,0,MLP_MIX_SELECTED_France_37,MLP_MIX_SELECTED,37
TRD_MLP_MIX_SELECTED_17_France_France_0007,France,RMS.PA,2024-07-08,2024-04-18,2024-07-09,57,atr_chandelier_stop,2277.46,2040.78,14,31.88,28.57,-3374.06,-0.1057,0,MLP_MIX_SELECTED_France_17,MLP_MIX_SELECTED,17
TRD_MLP_MIX_SELECTED_37_France_France_0011,France,WLN.PA,2024-08-01,2024-07-03,2024-08-02,22,atr_chandelier_stop,107.72,90.87,284,30.59,25.81,-4842.67,-0.1581,0,MLP_MIX_SELECTED_France_37,MLP_MIX_SELECTED,37
TRD_MLP_MIX_SELECTED_7_France_France_0009,France,SU.PA,2024-08-02,2024-05-30,2024-08-05,47,atr_chandelier_stop,218.74,187.91,137,29.97,25.74,-4278.78,-0.1426,0,MLP_MIX_SELECTED_France_7,MLP_MIX_SELECTED,7
TRD_MLP_MIX_SELECTED_37_France_France_0009,France,SU.PA,2024-08-02,2024-06-12,2024-08-05,38,atr_chandelier_stop,219.27,187.91,145,31.79,27.25,-4605.85,-0.1447,0,MLP_MIX_SELECTED_France_37,MLP_MIX_SELECTED,37
TRD_MLP_MIX_SELECTED_17_France_France_0008,France,AI.PA,2024-08-26,2024-05-30,2024-08-27,63,max_horizon,142.59,145.32,222,31.65,32.26,543.4,0.0171,1,MLP_MIX_SELECTED_France_17,MLP_MIX_SELECTED,17
TRD_MLP_MIX_SELECTED_7_France_France_0011,France,EL.PA,2024-09-05,2024-06-11,2024-09-06,63,max_horizon,200.09,200.96,143,28.61,28.74,66.4,0.0023,1,MLP_MIX_SELECTED_France_7,MLP_MIX_SELECTED,7
TRD_MLP_MIX_SELECTED_7_France_France_0012,France,OR.PA,2024-09-11,2024-07-01,2024-09-12,53,atr_chandelier_stop,399.18,357.81,66,26.35,23.62,-2780.57,-0.1054,0,MLP_MIX_SELECTED_France_7,MLP_MIX_SELECTED,7
TRD_MLP_MIX_SELECTED_37_France_France_0010,France,RI.PA,2024-09-26,2024-07-02,2024-09-27,63,max_horizon,110.25,122.81,279,30.76,34.26,3437.91,0.1116,1,MLP_MIX_SELECTED_France_37,MLP_MIX_SELECTED,37
TRD_MLP_MIX_SELECTED_17_France_France_0010,France,RI.PA,2024-09-27,2024-07-03,2024-09-30,63,max_horizon,112.49,123.97,263,29.58,32.6,2957.58,0.0999,1,MLP_MIX_SELECTED_France_17,MLP_MIX_SELECTED,17
TRD_MLP_MIX_SELECTED_17_France_France_0011,France,DSY.PA,2024-10-03,2024-07-09,2024-10-04,63,max_horizon,33.14,34.66,895,29.66,31.02,1297.55,0.0437,1,MLP_MIX_SELECTED_France_17,MLP_MIX_SELECTED,17
TRD_MLP_MIX_SELECTED_37_France_France_0012,France,OR.PA,2024-10-21,2024-08-02,2024-10-22,57,atr_chandelier_stop,371.49,350.68,77,28.6,27.0,-1657.73,-0.0579,0,MLP_MIX_SELECTED_France_37,MLP_MIX_SELECTED,37
TRD_MLP_MIX_SELECTED_7_France_France_0014,France,ML.PA,2024-10-24,2024-09-06,2024-10-25,35,atr_chandelier_stop,32.67,28.48,777,25.39,22.13,-3304.01,-0.13,0,MLP_MIX_SELECTED_France_7,MLP_MIX_SELECTED,7
TRD_MLP_MIX_SELECTED_7_France_France_0013,France,CAP.PA,2024-10-25,2024-08-05,2024-10-28,60,atr_chandelier_stop,166.53,166.67,152,25.31,25.33,-29.06,-0.0011,0,MLP_MIX_SELECTED_France_7,MLP_MIX_SELECTED,7
TRD_MLP_MIX_SELECTED_37_France_France_0013,France,AI.PA,2024-10-30,2024-08-05,2024-10-31,63,max_horizon,140.56,144.66,199,27.97,28.79,757.47,0.0271,1,MLP_MIX_SELECTED_France_37,MLP_MIX_SELECTED,37
TRD_MLP_MIX_SELECTED_7_France_France_0017,France,OR.PA,2024-11-19,2024-10-28,2024-11-20,17,atr_chandelier_stop,345.62,312.49,69,23.85,21.56,-2331.85,-0.0977,0,MLP_MIX_SELECTED_France_7,MLP_MIX_SELECTED,7
TRD_MLP_MIX_SELECTED_17_France_France_0012,France,EL.PA,2024-11-21,2024-08-27,2024-11-22,63,max_horizon,206.44,224.32,145,29.93,32.53,2530.76,0.0845,1,MLP_MIX_SELECTED_France_17,MLP_MIX_SELECTED,17
TRD_MLP_MIX_SELECTED_17_France_France_0013,France,AI.PA,2024-11-26,2024-09-30,2024-11-27,42,atr_chandelier_stop,153.35,136.51,205,31.44,27.98,-3511.3,-0.1116,0,MLP_MIX_SELECTED_France_17,MLP_MIX_SELECTED,17
TRD_MLP_MIX_SELECTED_7_France_France_0015,France,SAF.PA,2024-12-09,2024-09-12,2024-12-10,63,max_horizon,193.52,205.25,130,25.16,26.68,1473.62,0.0585,1,MLP_MIX_SELECTED_France_7,MLP_MIX_SELECTED,7
TRD_MLP_MIX_SELECTED_37_France_France_0014,France,EL.PA,2024-12-24,2024-09-27,2024-12-27,63,max_horizon,201.53,221.82,149,30.03,33.05,2959.84,0.0985,1,MLP_MIX_SELECTED_France_37,MLP_MIX_SELECTED,37
TRD_MLP_MIX_SELECTED_7_France_France_0018,France,AI.PA,2024-12-31,2024-12-10,2024-12-31,13,calendar_end,141.14,137.19,179,25.26,24.56,-757.17,-0.0299,0,MLP_MIX_SELECTED_France_7,MLP_MIX_SELECTED,7
TRD_MLP_MIX_SELECTED_37_France_France_0016,France,AI.PA,2024-12-31,2024-10-31,2024-12-31,41,calendar_end,144.66,137.19,197,28.5,27.03,-1526.38,-0.0535,0,MLP_MIX_SELECTED_France_37,MLP_MIX_SELECTED,37
TRD_MLP_MIX_SELECTED_17_France_France_0014,France,AIR.PA,2024-12-31,2024-10-04,2024-12-31,60,calendar_end,121.26,148.63,250,30.32,37.16,6774.46,0.2232,1,MLP_MIX_SELECTED_France_17,MLP_MIX_SELECTED,17
TRD_MLP_MIX_SELECTED_17_France_France_0015,France,DG.PA,2024-12-31,2024-11-22,2024-12-31,25,calendar_end,94.21,93.03,339,31.94,31.54,-461.89,-0.0144,0,MLP_MIX_SELECTED_France_17,MLP_MIX_SELECTED,17
TRD_MLP_MIX_SELECTED_17_France_France_0016,France,ML.PA,2024-12-31,2024-11-27,2024-12-31,22,calendar_end,28.3,29.23,1111,31.44,32.47,967.42,0.0307,1,MLP_MIX_SELECTED_France_17,MLP_MIX_SELECTED,17
TRD_MLP_MIX_SELECTED_37_France_France_0015,France,SAF.PA,2024-12-31,2024-10-22,2024-12-31,48,calendar_end,208.58,207.4,140,29.2,29.04,-222.52,-0.0076,0,MLP_MIX_SELECTED_France_37,MLP_MIX_SELECTED,37
TRD_MLP_MIX_SELECTED_7_France_France_0016,France,WLN.PA,2024-12-31,2024-10-25,2024-12-31,45,calendar_end,64.37,87.6,378,24.33,33.11,8722.93,0.3581,1,MLP_MIX_SELECTED_France_7,MLP_MIX_SELECTED,7
TRD_MLP_MIX_SELECTED_37_India_India_0003,India,ASIANPAINT.NS,2024-01-23,2024-01-02,2024-01-24,15,atr_chandelier_stop,3293.25,2962.57,9,29.64,26.66,-3032.44,-0.1022,0,MLP_MIX_SELECTED_India_37,MLP_MIX_SELECTED,37
TRD_MLP_MIX_SELECTED_7_India_India_0001,India,PIDILITIND.NS,2024-02-01,2024-01-02,2024-02-02,21,atr_chandelier_stop,1322.05,1240.11,23,30.41,28.52,-1943.73,-0.0639,0,MLP_MIX_SELECTED_India_7,MLP_MIX_SELECTED,7
TRD_MLP_MIX_SELECTED_37_India_India_0002,India,PIDILITIND.NS,2024-02-01,2024-01-02,2024-02-02,21,atr_chandelier_stop,1322.05,1240.11,23,30.41,28.52,-1943.73,-0.0639,0,MLP_MIX_SELECTED_India_37,MLP_MIX_SELECTED,37
TRD_MLP_MIX_SELECTED_37_India_India_0004,India,TECHM.NS,2024-03-19,2024-01-24,2024-03-20,38,atr_chandelier_stop,1265.52,1154.04,23,29.11,26.54,-2619.83,-0.0899,0,MLP_MIX_SELECTED_India_37,MLP_MIX_SELECTED,37
TRD_MLP_MIX_SELECTED_17_India_India_0002,India,INFY.NS,2024-03-20,2024-01-02,2024-03-21,54,atr_chandelier_stop,1424.71,1441.29,22,31.34,31.71,301.88,0.0096,1,MLP_MIX_SELECTED_India_17,MLP_MIX_SELECTED,17
TRD_MLP_MIX_SELECTED_17_India_India_0003,India,BHARTIARTL.NS,2024-04-04,2024-01-02,2024-04-05,63,max_horizon,990.9,1174.49,31,30.72,36.41,5624.18,0.1829,1,MLP_MIX_SELECTED_India_17,MLP_MIX_SELECTED,17
TRD_MLP_MIX_SELECTED_7_India_India_0002,India,MARUTI.NS,2024-04-04,2024-01-02,2024-04-05,63,max_horizon,9977.79,12120.88,3,29.93,36.36,6362.95,0.2124,1,MLP_MIX_SELECTED_India_7,MLP_MIX_SELECTED,7
TRD_MLP_MIX_SELECTED_37_India_India_0001,India,MARUTI.NS,2024-04-04,2024-01-02,2024-04-05,63,max_horizon,9977.79,12120.88,3,29.93,36.36,6362.95,0.2124,1,MLP_MIX_SELECTED_India_37,MLP_MIX_SELECTED,37
TRD_MLP_MIX_SELECTED_7_India_India_0003,India,SUNPHARMA.NS,2024-04-04,2024-01-02,2024-04-05,63,max_horizon,1227.12,1576.65,25,30.68,39.42,8668.21,0.2823,1,MLP_MIX_SELECTED_India_7,MLP_MIX_SELECTED,7
TRD_MLP_MIX_SELECTED_17_India_India_0001,India,SUNPHARMA.NS,2024-04-04,2024-01-02,2024-04-05,63,max_horizon,1227.12,1576.65,25,30.68,39.42,8668.21,0.2823,1,MLP_MIX_SELECTED_India_17,MLP_MIX_SELECTED,17
TRD_MLP_MIX_SELECTED_7_India_India_0004,India,ASIANPAINT.NS,2024-05-08,2024-02-02,2024-05-09,63,max_horizon,2860.74,2742.44,11,31.47,30.17,-1363.03,-0.0433,0,MLP_MIX_SELECTED_India_7,MLP_MIX_SELECTED,7
TRD_MLP_MIX_SELECTED_37_India_India_0005,India,EICHERMOT.NS,2024-05-08,2024-02-02,2024-05-09,63,max_horizon,3768.42,4425.48,7,26.38,30.98,4542.05,0.172,1,MLP_MIX_SELECTED_India_37,MLP_MIX_SELECTED,37
TRD_MLP_MIX_SELECTED_7_India_India_0006,India,LT.NS,2024-05-09,2024-04-05,2024-05-10,22,atr_chandelier_stop,3670.28,3194.72,9,33.03,28.75,-4341.88,-0.1313,0,MLP_MIX_SELECTED_India_7,MLP_MIX_SELECTED,7
TRD_MLP_MIX_SELECTED_37_India_India_0006,India,ULTRACEMCO.NS,2024-06-25,2024-03-20,2024-06-26,63,max_horizon,9230.67,10559.56,3,27.69,31.68,3927.29,0.1417,1,MLP_MIX_SELECTED_India_37,MLP_MIX_SELECTED,37
TRD_MLP_MIX_SELECTED_17_India_India_0004,India,INFY.NS,2024-06-26,2024-03-21,2024-06-27,63,max_horizon,1441.29,1446.11,25,36.03,36.15,48.33,0.0013,1,MLP_MIX_SELECTED_India_17,MLP_MIX_SELECTED,17
TRD_MLP_MIX_SELECTED_17_India_India_0005,India,ASIANPAINT.NS,2024-07-09,2024-04-05,2024-07-10,63,max_horizon,2835.53,2839.52,12,34.03,34.07,-20.28,-0.0006,0,MLP_MIX_SELECTED_India_17,MLP_MIX_SELECTED,17
TRD_MLP_MIX_SELECTED_17_India_India_0006,India,ICICIBANK.NS,2024-07-09,2024-04-05,2024-07-10,63,max_horizon,1043.94,1222.24,34,35.49,41.56,5985.14,0.1685,1,MLP_MIX_SELECTED_India_17,MLP_MIX_SELECTED,17
TRD_MLP_MIX_SELECTED_7_India_India_0005,India,INFY.NS,2024-07-09,2024-04-05,2024-07-10,63,max_horizon,1363.93,1557.55,26,35.46,40.5,4958.14,0.1397,1,MLP_MIX_SELECTED_India_7,MLP_MIX_SELECTED,7
TRD_MLP_MIX_SELECTED_37_India_India_0007,India,TECHM.NS,2024-07-09,2024-04-05,2024-07-10,63,max_horizon,1175.24,1356.91,27,31.73,36.64,4836.92,0.1523,1,MLP_MIX_SELECTED_India_37,MLP_MIX_SELECTED,37
TRD_MLP_MIX_SELECTED_7_India_India_0009,India,M&M.NS,2024-08-06,2024-07-10,2024-08-07,19,atr_chandelier_stop,2876.44,2648.19,13,37.39,34.43,-3039.07,-0.0812,0,MLP_MIX_SELECTED_India_7,MLP_MIX_SELECTED,7
TRD_MLP_MIX_SELECTED_17_India_India_0009,India,M&M.NS,2024-08-06,2024-07-10,2024-08-07,19,atr_chandelier_stop,2876.44,2648.19,13,37.39,34.43,-3039.07,-0.0812,0,MLP_MIX_SELECTED_India_17,MLP_MIX_SELECTED,17
TRD_MLP_MIX_SELECTED_7_India_India_0007,India,HCLTECH.NS,2024-08-08,2024-05-09,2024-08-09,63,max_horizon,1204.43,1462.77,28,33.72,40.96,7158.74,0.2121,1,MLP_MIX_SELECTED_India_7,MLP_MIX_SELECTED,7
TRD_MLP_MIX_SELECTED_37_India_India_0008,India,RELIANCE.NS,2024-08-08,2024-05-09,2024-08-09,63,max_horizon,1396.16,1442.6,23,32.11,33.18,1002.83,0.0312,1,MLP_MIX_SELECTED_India_37,MLP_MIX_SELECTED,37
TRD_MLP_MIX_SELECTED_7_India_India_0008,India,RELIANCE.NS,2024-08-09,2024-05-10,2024-08-12,63,max_horizon,1380.11,1452.48,24,33.12,34.86,1669.07,0.0503,1,MLP_MIX_SELECTED_India_7,MLP_MIX_SELECTED,7
TRD_MLP_MIX_SELECTED_37_India_India_0009,India,TCS.NS,2024-09-24,2024-06-26,2024-09-25,63,max_horizon,3563.5,3950.69,9,32.07,35.56,3417.12,0.1064,1,MLP_MIX_SELECTED_India_37,MLP_MIX_SELECTED,37
TRD_MLP_MIX_SELECTED_17_India_India_0007,India,TCS.NS,2024-09-25,2024-06-27,2024-09-26,63,max_horizon,3550.98,3957.8,10,35.51,39.58,3993.06,0.1123,1,MLP_MIX_SELECTED_India_17,MLP_MIX_SELECTED,17
TRD_MLP_MIX_SELECTED_37_India_India_0010,India,HCLTECH.NS,2024-10-09,2024-07-10,2024-10-10,63,max_horizon,1402.36,1679.75,26,36.46,43.67,7132.0,0.1954,1,MLP_MIX_SELECTED_India_37,MLP_MIX_SELECTED,37
TRD_MLP_MIX_SELECTED_17_India_India_0008,India,PIDILITIND.NS,2024-10-09,2024-07-10,2024-10-10,63,max_horizon,1533.98,1567.87,25,38.35,39.2,769.88,0.0201,1,MLP_MIX_SELECTED_India_17,MLP_MIX_SELECTED,17
TRD_MLP_MIX_SELECTED_7_India_India_0010,India,M&M.NS,2024-10-23,2024-08-07,2024-10-24,54,atr_chandelier_stop,2648.19,2712.49,13,34.43,35.26,766.25,0.0222,1,MLP_MIX_SELECTED_India_7,MLP_MIX_SELECTED,7
TRD_MLP_MIX_SELECTED_17_India_India_0010,India,ICICIBANK.NS,2024-11-05,2024-08-07,2024-11-06,63,max_horizon,1150.24,1279.51,32,36.81,40.94,4058.79,0.1102,1,MLP_MIX_SELECTED_India_17,MLP_MIX_SELECTED,17
TRD_MLP_MIX_SELECTED_7_India_India_0011,India,ICICIBANK.NS,2024-11-07,2024-08-09,2024-11-08,63,max_horizon,1147.9,1249.74,32,36.73,39.99,3182.19,0.0865,1,MLP_MIX_SELECTED_India_7,MLP_MIX_SELECTED,7
TRD_MLP_MIX_SELECTED_37_India_India_0011,India,ICICIBANK.NS,2024-11-07,2024-08-09,2024-11-08,63,max_horizon,1147.9,1249.74,32,36.73,39.99,3182.19,0.0865,1,MLP_MIX_SELECTED_India_37,MLP_MIX_SELECTED,37
TRD_MLP_MIX_SELECTED_37_India_India_0013,India,TITAN.NS,2024-11-07,2024-10-10,2024-11-08,21,atr_chandelier_stop,3488.02,3101.46,11,38.37,34.12,-4324.7,-0.1126,0,MLP_MIX_SELECTED_India_37,MLP_MIX_SELECTED,37
TRD_MLP_MIX_SELECTED_17_India_India_0012,India,ASIANPAINT.NS,2024-11-08,2024-10-10,2024-11-11,22,atr_chandelier_stop,3025.55,2511.51,13,39.33,32.65,-6754.52,-0.1716,0,MLP_MIX_SELECTED_India_17,MLP_MIX_SELECTED,17
TRD_MLP_MIX_SELECTED_7_India_India_0012,India,HDFCBANK.NS,2024-11-08,2024-08-12,2024-11-11,63,max_horizon,801.72,851.49,46,36.88,39.17,2213.28,0.06,1,MLP_MIX_SELECTED_India_7,MLP_MIX_SELECTED,7
TRD_MLP_MIX_SELECTED_7_India_India_0014,India,ASIANPAINT.NS,2024-11-11,2024-11-08,2024-11-12,2,atr_chandelier_stop,2783.51,2482.09,13,36.19,32.27,-3986.97,-0.1101,0,MLP_MIX_SELECTED_India_7,MLP_MIX_SELECTED,7
TRD_MLP_MIX_SELECTED_37_India_India_0014,India,ASIANPAINT.NS,2024-11-11,2024-11-08,2024-11-12,2,atr_chandelier_stop,2783.51,2482.09,13,36.19,32.27,-3986.97,-0.1101,0,MLP_MIX_SELECTED_India_37,MLP_MIX_SELECTED,37
TRD_MLP_MIX_SELECTED_17_India_India_0014,India,ASIANPAINT.NS,2024-12-19,2024-11-11,2024-12-20,27,atr_chandelier_stop,2511.51,2252.91,15,37.67,33.79,-3950.46,-0.1048,0,MLP_MIX_SELECTED_India_17,MLP_MIX_SELECTED,17
TRD_MLP_MIX_SELECTED_37_India_India_0012,India,TCS.NS,2024-12-26,2024-09-25,2024-12-27,63,max_horizon,3950.69,3877.11,10,39.51,38.77,-814.04,-0.0206,0,MLP_MIX_SELECTED_India_37,MLP_MIX_SELECTED,37
TRD_MLP_MIX_SELECTED_17_India_India_0011,India,TCS.NS,2024-12-27,2024-09-26,2024-12-30,63,max_horizon,3957.8,3865.94,10,39.58,38.66,-996.83,-0.0252,0,MLP_MIX_SELECTED_India_17,MLP_MIX_SELECTED,17
TRD_MLP_MIX_SELECTED_7_India_India_0015,India,BAJFINANCE.NS,2024-12-31,2024-11-11,2024-12-31,33,calendar_end,677.63,673.97,57,38.62,38.42,-285.37,-0.0074,0,MLP_MIX_SELECTED_India_7,MLP_MIX_SELECTED,7
TRD_MLP_MIX_SELECTED_17_India_India_0013,India,BHARTIARTL.NS,2024-12-31,2024-11-06,2024-12-31,36,calendar_end,1550.36,1555.02,24,37.21,37.32,37.12,0.001,1,MLP_MIX_SELECTED_India_17,MLP_MIX_SELECTED,17
TRD_MLP_MIX_SELECTED_37_India_India_0016,India,PIDILITIND.NS,2024-12-31,2024-11-12,2024-12-31,32,calendar_end,1529.42,1431.92,24,36.71,34.37,-2411.05,-0.0656,0,MLP_MIX_SELECTED_India_37,MLP_MIX_SELECTED,37
TRD_MLP_MIX_SELECTED_7_India_India_0016,India,RELIANCE.NS,2024-12-31,2024-11-12,2024-12-31,32,calendar_end,1264.63,1205.04,29,36.67,34.95,-1799.6,-0.049,0,MLP_MIX_SELECTED_India_7,MLP_MIX_SELECTED,7
TRD_MLP_MIX_SELECTED_17_India_India_0015,India,SUNPHARMA.NS,2024-12-31,2024-12-20,2024-12-31,6,calendar_end,1790.08,1851.98,20,35.8,37.04,1165.18,0.0325,1,MLP_MIX_SELECTED_India_17,MLP_MIX_SELECTED,17
TRD_MLP_MIX_SELECTED_7_India_India_0013,India,TITAN.NS,2024-12-31,2024-10-24,2024-12-31,45,calendar_end,3280.38,3232.78,11,36.08,35.56,-595.25,-0.0165,0,MLP_MIX_SELECTED_India_7,MLP_MIX_SELECTED,7
TRD_MLP_MIX_SELECTED_37_India_India_0015,India,TITAN.NS,2024-12-31,2024-11-08,2024-12-31,34,calendar_end,3101.46,3232.78,12,37.22,38.79,1499.86,0.0403,1,MLP_MIX_SELECTED_India_37,MLP_MIX_SELECTED,37
TRD_MLP_MIX_SELECTED_7_UK_UK_0003,UK,DGE.L,2024-04-02,2024-01-03,2024-04-03,63,max_horizon,2817.12,2931.34,11,30.99,32.24,1193.15,0.0385,1,MLP_MIX_SELECTED_UK_7,MLP_MIX_SELECTED,7
TRD_MLP_MIX_SELECTED_17_UK_UK_0003,UK,DGE.L,2024-04-02,2024-01-03,2024-04-03,63,max_horizon,2817.12,2931.34,11,30.99,32.24,1193.15,0.0385,1,MLP_MIX_SELECTED_UK_17,MLP_MIX_SELECTED,17
TRD_MLP_MIX_SELECTED_17_UK_UK_0002,UK,EXPN.L,2024-04-02,2024-01-03,2024-04-03,63,max_horizon,3111.61,3375.65,10,31.12,33.76,2575.51,0.0827,1,MLP_MIX_SELECTED_UK_17,MLP_MIX_SELECTED,17
TRD_MLP_MIX_SELECTED_37_UK_UK_0002,UK,EXPN.L,2024-04-02,2024-01-03,2024-04-03,63,max_horizon,3111.61,3375.65,10,31.12,33.76,2575.51,0.0827,1,MLP_MIX_SELECTED_UK_37,MLP_MIX_SELECTED,37
TRD_MLP_MIX_SELECTED_37_UK_UK_0003,UK,LSEG.L,2024-04-02,2024-01-03,2024-04-03,63,max_horizon,9128.06,9393.95,3,27.38,28.18,742.09,0.0271,1,MLP_MIX_SELECTED_UK_37,MLP_MIX_SELECTED,37
TRD_MLP_MIX_SELECTED_7_UK_UK_0002,UK,RTO.L,2024-04-02,2024-01-03,2024-04-03,63,max_horizon,429.82,468.29,73,31.38,34.19,2743.09,0.0873,1,MLP_MIX_SELECTED_UK_7,MLP_MIX_SELECTED,7
TRD_MLP_MIX_SELECTED_7_UK_UK_0001,UK,SGE.L,2024-04-02,2024-01-03,2024-04-03,63,max_horizon,1160.84,1245.43,27,31.34,33.63,2218.93,0.0707,1,MLP_MIX_SELECTED_UK_7,MLP_MIX_SELECTED,7
TRD_MLP_MIX_SELECTED_17_UK_UK_0001,UK,SGE.L,2024-04-02,2024-01-03,2024-04-03,63,max_horizon,1160.84,1245.43,27,31.34,33.63,2218.93,0.0707,1,MLP_MIX_SELECTED_UK_17,MLP_MIX_SELECTED,17
TRD_MLP_MIX_SELECTED_37_UK_UK_0001,UK,SGE.L,2024-04-02,2024-01-03,2024-04-03,63,max_horizon,1160.84,1245.43,27,31.34,33.63,2218.93,0.0707,1,MLP_MIX_SELECTED_UK_37,MLP_MIX_SELECTED,37
TRD_MLP_MIX_SELECTED_7_UK_UK_0004,UK,PRU.L,2024-06-07,2024-04-03,2024-06-10,46,atr_chandelier_stop,734.1,721.1,46,33.77,33.17,-664.69,-0.0197,0,MLP_MIX_SELECTED_UK_7,MLP_MIX_SELECTED,7
TRD_MLP_MIX_SELECTED_7_UK_UK_0005,UK,AUTO.L,2024-07-02,2024-04-03,2024-07-03,63,max_horizon,691.51,811.06,48,33.19,38.93,5666.29,0.1705,1,MLP_MIX_SELECTED_UK_7,MLP_MIX_SELECTED,7
TRD_MLP_MIX_SELECTED_37_UK_UK_0004,UK,AZN.L,2024-07-02,2024-04-03,2024-07-03,63,max_horizon,10515.34,12124.63,3,31.55,36.37,4759.94,0.1507,1,MLP_MIX_SELECTED_UK_37,MLP_MIX_SELECTED,37
TRD_MLP_MIX_SELECTED_17_UK_UK_0004,UK,LSEG.L,2024-07-02,2024-04-03,2024-07-03,63,max_horizon,9393.95,9256.81,3,28.18,27.77,-467.36,-0.0166,0,MLP_MIX_SELECTED_UK_17,MLP_MIX_SELECTED,17
TRD_MLP_MIX_SELECTED_37_UK_UK_0005,UK,LSEG.L,2024-07-02,2024-04-03,2024-07-03,63,max_horizon,9393.95,9256.81,3,28.18,27.77,-467.36,-0.0166,0,MLP_MIX_SELECTED_UK_37,MLP_MIX_SELECTED,37
TRD_MLP_MIX_SELECTED_17_UK_UK_0006,UK,REL.L,2024-07-02,2024-04-03,2024-07-03,63,max_horizon,3345.99,3586.3,10,33.46,35.86,2333.78,0.0697,1,MLP_MIX_SELECTED_UK_17,MLP_MIX_SELECTED,17
TRD_MLP_MIX_SELECTED_37_UK_UK_0006,UK,REL.L,2024-07-02,2024-04-03,2024-07-03,63,max_horizon,3345.99,3586.3,10,33.46,35.86,2333.78,0.0697,1,MLP_MIX_SELECTED_UK_37,MLP_MIX_SELECTED,37
TRD_MLP_MIX_SELECTED_7_UK_UK_0006,UK,RMV.L,2024-07-02,2024-04-03,2024-07-03,63,max_horizon,537.76,536.02,62,33.34,33.23,-174.45,-0.0052,0,MLP_MIX_SELECTED_UK_7,MLP_MIX_SELECTED,7
TRD_MLP_MIX_SELECTED_17_UK_UK_0005,UK,RMV.L,2024-07-02,2024-04-03,2024-07-03,63,max_horizon,537.76,536.02,62,33.34,33.23,-174.45,-0.0052,0,MLP_MIX_SELECTED_UK_17,MLP_MIX_SELECTED,17
TRD_MLP_MIX_SELECTED_7_UK_UK_0007,UK,LSEG.L,2024-09-05,2024-06-10,2024-09-06,63,max_horizon,9392.76,10056.94,3,28.18,30.17,1934.2,0.0686,1,MLP_MIX_SELECTED_UK_7,MLP_MIX_SELECTED,7
TRD_MLP_MIX_SELECTED_7_UK_UK_0010,UK,RTO.L,2024-09-11,2024-09-06,2024-09-12,4,atr_chandelier_stop,469.98,380.42,77,36.19,29.29,-6961.49,-0.1922,0,MLP_MIX_SELECTED_UK_7,MLP_MIX_SELECTED,7
TRD_MLP_MIX_SELECTED_17_UK_UK_0008,UK,AZN.L,2024-09-13,2024-07-03,2024-09-16,52,atr_chandelier_stop,12124.63,11995.42,2,24.25,23.99,-306.66,-0.0126,0,MLP_MIX_SELECTED_UK_17,MLP_MIX_SELECTED,17
TRD_MLP_MIX_SELECTED_7_UK_UK_0008,UK,AUTO.L,2024-09-30,2024-07-03,2024-10-01,63,max_horizon,811.06,870.9,42,34.06,36.58,2442.68,0.0716,1,MLP_MIX_SELECTED_UK_7,MLP_MIX_SELECTED,7
TRD_MLP_MIX_SELECTED_17_UK_UK_0007,UK,AUTO.L,2024-09-30,2024-07-03,2024-10-01,63,max_horizon,811.06,870.9,41,33.25,35.71,2384.52,0.0716,1,MLP_MIX_SELECTED_UK_17,MLP_MIX_SELECTED,17
TRD_MLP_MIX_SELECTED_17_UK_UK_0009,UK,CPG.L,2024-09-30,2024-07-03,2024-10-01,63,max_horizon,26.11,30.99,1301,33.96,40.32,6278.64,0.1847,1,MLP_MIX_SELECTED_UK_17,MLP_MIX_SELECTED,17
TRD_MLP_MIX_SELECTED_7_UK_UK_0009,UK,CRDA.L,2024-09-30,2024-07-03,2024-10-01,63,max_horizon,3966.45,4230.72,8,31.73,33.85,2048.57,0.0645,1,MLP_MIX_SELECTED_UK_7,MLP_MIX_SELECTED,7
TRD_MLP_MIX_SELECTED_37_UK_UK_0009,UK,DGE.L,2024-09-30,2024-07-03,2024-10-01,63,max_horizon,2528.13,2615.06,14,35.39,36.61,1144.97,0.0323,1,MLP_MIX_SELECTED_UK_37,MLP_MIX_SELECTED,37
TRD_MLP_MIX_SELECTED_37_UK_UK_0008,UK,EXPN.L,2024-09-30,2024-07-03,2024-10-01,63,max_horizon,3691.84,3927.76,9,33.23,35.35,2054.76,0.0618,1,MLP_MIX_SELECTED_UK_37,MLP_MIX_SELECTED,37
TRD_MLP_MIX_SELECTED_37_UK_UK_0007,UK,LSEG.L,2024-09-30,2024-07-03,2024-10-01,63,max_horizon,9256.81,10186.91,3,27.77,30.56,2731.96,0.0983,1,MLP_MIX_SELECTED_UK_37,MLP_MIX_SELECTED,37
TRD_MLP_MIX_SELECTED_37_UK_UK_0012,UK,JD.L,2024-10-07,2024-10-01,2024-10-08,5,atr_chandelier_stop,154.86,132.62,241,37.32,31.96,-5430.21,-0.1454,0,MLP_MIX_SELECTED_UK_37,MLP_MIX_SELECTED,37
TRD_MLP_MIX_SELECTED_7_UK_UK_0013,UK,OCDO.L,2024-10-21,2024-10-01,2024-10-22,15,atr_chandelier_stop,387.2,356.0,93,36.01,33.11,-2970.72,-0.0824,0,MLP_MIX_SELECTED_UK_7,MLP_MIX_SELECTED,7
TRD_MLP_MIX_SELECTED_7_UK_UK_0011,UK,PRU.L,2024-10-25,2024-09-12,2024-10-28,32,atr_chandelier_stop,624.79,649.38,54,33.74,35.07,1259.15,0.0373,1,MLP_MIX_SELECTED_UK_7,MLP_MIX_SELECTED,7
TRD_MLP_MIX_SELECTED_7_UK_UK_0012,UK,AZN.L,2024-11-05,2024-10-01,2024-11-06,26,atr_chandelier_stop,11655.55,10326.06,3,34.97,30.98,-4054.42,-0.1158,0,MLP_MIX_SELECTED_UK_7,MLP_MIX_SELECTED,7
TRD_MLP_MIX_SELECTED_7_UK_UK_0014,UK,JD.L,2024-11-08,2024-10-22,2024-11-11,14,atr_chandelier_stop,132.97,121.62,261,34.7,31.74,-3027.21,-0.0871,0,MLP_MIX_SELECTED_UK_7,MLP_MIX_SELECTED,7
TRD_MLP_MIX_SELECTED_7_UK_UK_0015,UK,OCDO.L,2024-11-18,2024-10-28,2024-11-19,16,atr_chandelier_stop,359.9,313.8,95,34.19,29.81,-4443.5,-0.1298,0,MLP_MIX_SELECTED_UK_7,MLP_MIX_SELECTED,7
TRD_MLP_MIX_SELECTED_7_UK_UK_0017,UK,JD.L,2024-11-21,2024-11-11,2024-11-22,9,atr_chandelier_stop,121.62,96.02,257,31.26,24.68,-6636.25,-0.2121,0,MLP_MIX_SELECTED_UK_7,MLP_MIX_SELECTED,7
TRD_MLP_MIX_SELECTED_17_UK_UK_0010,UK,HLMA.L,2024-12-11,2024-09-16,2024-12-12,63,max_horizon,2558.63,2793.59,14,35.82,39.11,3214.59,0.0897,1,MLP_MIX_SELECTED_UK_17,MLP_MIX_SELECTED,17
TRD_MLP_MIX_SELECTED_7_UK_UK_0018,UK,OCDO.L,2024-12-19,2024-11-19,2024-12-20,23,atr_chandelier_stop,313.8,293.7,96,30.12,28.2,-1987.92,-0.0659,0,MLP_MIX_SELECTED_UK_7,MLP_MIX_SELECTED,7
TRD_MLP_MIX_SELECTED_17_UK_UK_0011,UK,LSEG.L,2024-12-30,2024-10-01,2024-12-31,63,max_horizon,10186.91,11311.56,3,30.56,33.93,3309.48,0.1082,1,MLP_MIX_SELECTED_UK_17,MLP_MIX_SELECTED,17
TRD_MLP_MIX_SELECTED_37_UK_UK_0010,UK,LSEG.L,2024-12-30,2024-10-01,2024-12-31,63,max_horizon,10186.91,11311.56,3,30.56,33.93,3309.48,0.1082,1,MLP_MIX_SELECTED_UK_37,MLP_MIX_SELECTED,37
TRD_MLP_MIX_SELECTED_17_UK_UK_0012,UK,REL.L,2024-12-30,2024-10-01,2024-12-31,63,max_horizon,3532.51,3599.48,10,35.33,35.99,598.39,0.0169,1,MLP_MIX_SELECTED_UK_17,MLP_MIX_SELECTED,17
TRD_MLP_MIX_SELECTED_37_UK_UK_0011,UK,REL.L,2024-12-30,2024-10-01,2024-12-31,63,max_horizon,3532.51,3599.48,10,35.33,35.99,598.39,0.0169,1,MLP_MIX_SELECTED_UK_37,MLP_MIX_SELECTED,37
TRD_MLP_MIX_SELECTED_7_UK_UK_0016,UK,RMV.L,2024-12-31,2024-11-06,2024-12-31,37,calendar_end,604.43,641.62,52,31.43,33.36,1869.05,0.0594,1,MLP_MIX_SELECTED_UK_7,MLP_MIX_SELECTED,7
TRD_MLP_MIX_SELECTED_17_UK_UK_0013,UK,RMV.L,2024-12-31,2024-12-12,2024-12-31,11,calendar_end,676.01,641.62,58,39.21,37.21,-2071.06,-0.0528,0,MLP_MIX_SELECTED_UK_17,MLP_MIX_SELECTED,17
TRD_MLP_MIX_SELECTED_37_UK_UK_0013,UK,RMV.L,2024-12-31,2024-10-08,2024-12-31,58,calendar_end,619.82,641.62,57,35.33,36.57,1170.34,0.0331,1,MLP_MIX_SELECTED_UK_37,MLP_MIX_SELECTED,37
TRD_MLP_MIX_SELECTED_7_UK_UK_0019,UK,RTO.L,2024-12-31,2024-11-22,2024-12-31,25,calendar_end,402.71,400.61,70,28.19,28.04,-203.16,-0.0072,0,MLP_MIX_SELECTED_UK_7,MLP_MIX_SELECTED,7
TRD_MLP_MIX_SELECTED_7_UK_UK_0020,UK,SGE.L,2024-12-31,2024-12-20,2024-12-31,5,calendar_end,1299.99,1272.5,22,28.6,28.0,-661.36,-0.0231,0,MLP_MIX_SELECTED_UK_7,MLP_MIX_SELECTED,7
TRD_MLP_MIX_SELECTED_17_US_US_0003,US,AMGN,2024-02-09,2024-01-03,2024-02-12,27,atr_chandelier_stop,276.41,267.13,114,31.51,30.45,-1120.55,-0.0355,0,MLP_MIX_SELECTED_US_17,MLP_MIX_SELECTED,17
TRD_MLP_MIX_SELECTED_37_US_US_0003,US,LMT,2024-04-03,2024-01-03,2024-04-04,63,max_horizon,429.2,424.31,73,31.33,30.97,-419.22,-0.0134,0,MLP_MIX_SELECTED_US_37,MLP_MIX_SELECTED,37
TRD_MLP_MIX_SELECTED_7_US_US_0002,US,META,2024-04-03,2024-01-03,2024-04-04,63,max_horizon,341.98,512.47,92,31.46,47.15,15606.53,0.4956,1,MLP_MIX_SELECTED_US_7,MLP_MIX_SELECTED,7
TRD_MLP_MIX_SELECTED_37_US_US_0001,US,META,2024-04-03,2024-01-03,2024-04-04,63,max_horizon,341.98,512.47,92,31.46,47.15,15606.53,0.4956,1,MLP_MIX_SELECTED_US_37,MLP_MIX_SELECTED,37
TRD_MLP_MIX_SELECTED_7_US_US_0003,US,NVDA,2024-04-03,2024-01-03,2024-04-04,63,max_horizon,47.4,90.25,668,31.66,60.29,28531.23,0.9002,1,MLP_MIX_SELECTED_US_7,MLP_MIX_SELECTED,7
TRD_MLP_MIX_SELECTED_17_US_US_0002,US,NVDA,2024-04-03,2024-01-03,2024-04-04,63,max_horizon,47.4,90.25,668,31.66,60.29,28531.23,0.9002,1,MLP_MIX_SELECTED_US_17,MLP_MIX_SELECTED,17
TRD_MLP_MIX_SELECTED_17_US_US_0001,US,REGN,2024-04-03,2024-01-03,2024-04-04,63,max_horizon,898.32,953.2,35,31.44,33.36,1856.07,0.059,1,MLP_MIX_SELECTED_US_17,MLP_MIX_SELECTED,17
TRD_MLP_MIX_SELECTED_37_US_US_0002,US,REGN,2024-04-03,2024-01-03,2024-04-04,63,max_horizon,898.32,953.2,35,31.44,33.36,1856.07,0.059,1,MLP_MIX_SELECTED_US_37,MLP_MIX_SELECTED,37
TRD_MLP_MIX_SELECTED_7_US_US_0001,US,V,2024-04-03,2024-01-03,2024-04-04,63,max_horizon,253.26,273.17,125,31.66,34.15,2423.32,0.0765,1,MLP_MIX_SELECTED_US_7,MLP_MIX_SELECTED,7
TRD_MLP_MIX_SELECTED_7_US_US_0005,US,AMD,2024-04-15,2024-04-04,2024-04-16,8,atr_chandelier_stop,182.92,162.28,250,45.73,40.57,-5246.3,-0.1146,0,MLP_MIX_SELECTED_US_7,MLP_MIX_SELECTED,7
TRD_MLP_MIX_SELECTED_37_US_US_0005,US,AMD,2024-04-15,2024-04-04,2024-04-16,8,atr_chandelier_stop,182.92,162.28,200,36.58,32.46,-4197.04,-0.1146,0,MLP_MIX_SELECTED_US_37,MLP_MIX_SELECTED,37
TRD_MLP_MIX_SELECTED_7_US_US_0006,US,NVDA,2024-04-19,2024-04-04,2024-04-22,12,atr_chandelier_stop,90.25,77.97,507,45.76,39.53,-6311.63,-0.1378,0,MLP_MIX_SELECTED_US_7,MLP_MIX_SELECTED,7
TRD_MLP_MIX_SELECTED_7_US_US_0004,US,META,2024-04-25,2024-04-04,2024-04-26,16,atr_chandelier_stop,512.47,438.08,89,45.61,38.99,-6704.98,-0.1469,0,MLP_MIX_SELECTED_US_7,MLP_MIX_SELECTED,7
TRD_MLP_MIX_SELECTED_17_US_US_0006,US,META,2024-04-25,2024-04-04,2024-04-26,16,atr_chandelier_stop,512.47,438.08,79,40.48,34.61,-5951.61,-0.1469,0,MLP_MIX_SELECTED_US_17,MLP_MIX_SELECTED,17
TRD_MLP_MIX_SELECTED_37_US_US_0006,US,META,2024-04-25,2024-04-04,2024-04-26,16,atr_chandelier_stop,512.47,438.08,71,36.39,31.1,-5348.92,-0.1469,0,MLP_MIX_SELECTED_US_37,MLP_MIX_SELECTED,37
TRD_MLP_MIX_SELECTED_7_US_US_0008,US,ADBE,2024-06-03,2024-04-22,2024-06-04,30,atr_chandelier_stop,470.22,442.82,85,39.97,37.64,-2406.61,-0.0602,0,MLP_MIX_SELECTED_US_7,MLP_MIX_SELECTED,7
TRD_MLP_MIX_SELECTED_37_US_US_0008,US,ADBE,2024-06-03,2024-04-26,2024-06-04,26,atr_chandelier_stop,472.31,442.82,69,32.59,30.55,-2097.95,-0.0643,0,MLP_MIX_SELECTED_US_37,MLP_MIX_SELECTED,37
TRD_MLP_MIX_SELECTED_17_US_US_0004,US,REGN,2024-07-03,2024-04-04,2024-07-05,63,max_horizon,953.2,1017.86,42,40.03,42.75,2632.93,0.0657,1,MLP_MIX_SELECTED_US_17,MLP_MIX_SELECTED,17
TRD_MLP_MIX_SELECTED_37_US_US_0004,US,REGN,2024-07-03,2024-04-04,2024-07-05,63,max_horizon,953.2,1017.86,38,36.22,38.68,2382.17,0.0657,1,MLP_MIX_SELECTED_US_37,MLP_MIX_SELECTED,37
TRD_MLP_MIX_SELECTED_17_US_US_0005,US,V,2024-07-03,2024-04-04,2024-07-05,63,max_horizon,273.17,264.47,148,40.43,39.14,-1366.72,-0.0338,0,MLP_MIX_SELECTED_US_17,MLP_MIX_SELECTED,17
TRD_MLP_MIX_SELECTED_7_US_US_0007,US,AMD,2024-07-16,2024-04-16,2024-07-17,63,max_horizon,162.28,169.8,267,43.33,45.34,1919.18,0.0442,1,MLP_MIX_SELECTED_US_7,MLP_MIX_SELECTED,7
TRD_MLP_MIX_SELECTED_37_US_US_0007,US,AMD,2024-07-16,2024-04-16,2024-07-17,63,max_horizon,162.28,169.8,212,34.4,36.0,1523.84,0.0442,1,MLP_MIX_SELECTED_US_37,MLP_MIX_SELECTED,37
TRD_MLP_MIX_SELECTED_7_US_US_0010,US,META,2024-07-17,2024-06-04,2024-07-18,30,atr_chandelier_stop,473.35,471.83,83,39.29,39.16,-204.34,-0.0052,0,MLP_MIX_SELECTED_US_7,MLP_MIX_SELECTED,7
TRD_MLP_MIX_SELECTED_17_US_US_0007,US,AMZN,2024-07-25,2024-04-26,2024-07-26,62,atr_chandelier_stop,177.8,180.39,213,37.87,38.42,475.37,0.0125,1,MLP_MIX_SELECTED_US_17,MLP_MIX_SELECTED,17
TRD_MLP_MIX_SELECTED_7_US_US_0009,US,V,2024-07-26,2024-04-26,2024-07-29,63,max_horizon,269.88,255.94,148,39.94,37.88,-2141.43,-0.0536,0,MLP_MIX_SELECTED_US_7,MLP_MIX_SELECTED,7
TRD_MLP_MIX_SELECTED_37_US_US_0009,US,V,2024-09-03,2024-06-04,2024-09-04,63,max_horizon,265.09,274.57,127,33.67,34.87,1135.01,0.0337,1,MLP_MIX_SELECTED_US_37,MLP_MIX_SELECTED,37
TRD_MLP_MIX_SELECTED_17_US_US_0008,US,LMT,2024-10-02,2024-07-05,2024-10-03,63,max_horizon,441.13,576.64,92,40.58,53.05,12372.84,0.3046,1,MLP_MIX_SELECTED_US_17,MLP_MIX_SELECTED,17
TRD_MLP_MIX_SELECTED_37_US_US_0010,US,LMT,2024-10-02,2024-07-05,2024-10-03,63,max_horizon,441.13,576.64,77,33.97,44.4,10355.53,0.3046,1,MLP_MIX_SELECTED_US_37,MLP_MIX_SELECTED,37
TRD_MLP_MIX_SELECTED_17_US_US_0009,US,NOC,2024-10-02,2024-07-05,2024-10-03,63,max_horizon,422.92,524.41,96,40.6,50.34,9652.32,0.2375,1,MLP_MIX_SELECTED_US_17,MLP_MIX_SELECTED,17
TRD_MLP_MIX_SELECTED_7_US_US_0011,US,CRM,2024-10-14,2024-07-17,2024-10-15,63,max_horizon,250.4,289.75,164,41.06,47.52,6365.51,0.1549,1,MLP_MIX_SELECTED_US_7,MLP_MIX_SELECTED,7
TRD_MLP_MIX_SELECTED_37_US_US_0011,US,NOC,2024-10-14,2024-07-17,2024-10-15,63,max_horizon,420.61,519.96,83,34.91,43.16,8167.67,0.2337,1,MLP_MIX_SELECTED_US_37,MLP_MIX_SELECTED,37
TRD_MLP_MIX_SELECTED_7_US_US_0012,US,LMT,2024-10-15,2024-07-18,2024-10-16,63,max_horizon,450.17,575.27,88,39.61,50.62,10918.54,0.2753,1,MLP_MIX_SELECTED_US_7,MLP_MIX_SELECTED,7
TRD_MLP_MIX_SELECTED_17_US_US_0010,US,AMGN,2024-10-23,2024-07-26,2024-10-24,63,max_horizon,312.82,296.04,134,41.92,39.67,-2329.42,-0.0555,0,MLP_MIX_SELECTED_US_17,MLP_MIX_SELECTED,17
TRD_MLP_MIX_SELECTED_7_US_US_0013,US,NOC,2024-10-24,2024-07-29,2024-10-25,63,max_horizon,465.45,510.79,89,41.43,45.46,3948.29,0.0952,1,MLP_MIX_SELECTED_US_7,MLP_MIX_SELECTED,7
TRD_MLP_MIX_SELECTED_7_US_US_0016,US,REGN,2024-10-31,2024-10-25,2024-11-01,5,atr_chandelier_stop,921.53,836.71,50,46.08,41.84,-4328.89,-0.0939,0,MLP_MIX_SELECTED_US_7,MLP_MIX_SELECTED,7
TRD_MLP_MIX_SELECTED_7_US_US_0014,US,AVGO,2024-11-15,2024-10-15,2024-11-18,24,atr_chandelier_stop,178.04,163.14,263,46.82,42.9,-4008.31,-0.0855,0,MLP_MIX_SELECTED_US_7,MLP_MIX_SELECTED,7
TRD_MLP_MIX_SELECTED_17_US_US_0013,US,AVGO,2024-11-15,2024-10-24,2024-11-18,17,atr_chandelier_stop,171.61,163.14,279,47.88,45.52,-2456.25,-0.0513,0,MLP_MIX_SELECTED_US_17,MLP_MIX_SELECTED,17
TRD_MLP_MIX_SELECTED_37_US_US_0014,US,AVGO,2024-11-15,2024-10-15,2024-11-18,24,atr_chandelier_stop,178.04,163.14,230,40.95,37.52,-3505.37,-0.0855,0,MLP_MIX_SELECTED_US_37,MLP_MIX_SELECTED,37
TRD_MLP_MIX_SELECTED_37_US_US_0012,US,V,2024-12-02,2024-09-04,2024-12-03,63,max_horizon,274.57,312.98,144,39.54,45.07,5446.97,0.1376,1,MLP_MIX_SELECTED_US_37,MLP_MIX_SELECTED,37
TRD_MLP_MIX_SELECTED_7_US_US_0017,US,ADBE,2024-12-12,2024-11-01,2024-12-13,29,atr_chandelier_stop,475.41,473.98,92,43.74,43.61,-218.9,-0.005,0,MLP_MIX_SELECTED_US_7,MLP_MIX_SELECTED,7
TRD_MLP_MIX_SELECTED_7_US_US_0015,US,NVDA,2024-12-16,2024-10-16,2024-12-17,43,atr_chandelier_stop,133.77,128.9,345,46.15,44.47,-1771.97,-0.0384,0,MLP_MIX_SELECTED_US_7,MLP_MIX_SELECTED,7
TRD_MLP_MIX_SELECTED_17_US_US_0012,US,NVDA,2024-12-16,2024-10-03,2024-12-17,52,atr_chandelier_stop,120.73,128.9,381,46.0,49.11,3016.18,0.0655,1,MLP_MIX_SELECTED_US_17,MLP_MIX_SELECTED,17
TRD_MLP_MIX_SELECTED_17_US_US_0015,US,AAPL,2024-12-31,2024-12-17,2024-12-31,9,calendar_end,248.28,248.62,191,47.42,47.49,-30.43,-0.0006,0,MLP_MIX_SELECTED_US_17,MLP_MIX_SELECTED,17
TRD_MLP_MIX_SELECTED_37_US_US_0015,US,AVGO,2024-12-31,2024-11-18,2024-12-31,29,calendar_end,163.14,228.92,258,42.09,59.06,16871.05,0.4004,1,MLP_MIX_SELECTED_US_37,MLP_MIX_SELECTED,37
TRD_MLP_MIX_SELECTED_7_US_US_0018,US,INTU,2024-12-31,2024-11-18,2024-12-31,29,calendar_end,674.81,618.57,67,45.21,41.44,-3855.19,-0.0852,0,MLP_MIX_SELECTED_US_7,MLP_MIX_SELECTED,7
TRD_MLP_MIX_SELECTED_17_US_US_0014,US,INTU,2024-12-31,2024-11-18,2024-12-31,29,calendar_end,674.81,618.57,69,46.56,42.68,-3970.27,-0.0852,0,MLP_MIX_SELECTED_US_17,MLP_MIX_SELECTED,17
TRD_MLP_MIX_SELECTED_37_US_US_0013,US,ISRG,2024-12-31,2024-10-03,2024-12-31,61,calendar_end,484.42,521.96,84,40.69,43.84,3068.82,0.0753,1,MLP_MIX_SELECTED_US_37,MLP_MIX_SELECTED,37
TRD_MLP_MIX_SELECTED_17_US_US_0011,US,META,2024-12-31,2024-10-03,2024-12-31,61,calendar_end,566.89,582.63,81,45.92,47.19,1181.97,0.0257,1,MLP_MIX_SELECTED_US_17,MLP_MIX_SELECTED,17
TRD_MLP_MIX_SELECTED_7_US_US_0020,US,NOC,2024-12-31,2024-12-17,2024-12-31,9,calendar_end,469.17,457.79,91,42.69,41.66,-1119.42,-0.0262,0,MLP_MIX_SELECTED_US_7,MLP_MIX_SELECTED,7
TRD_MLP_MIX_SELECTED_37_US_US_0016,US,NOC,2024-12-31,2024-12-03,2024-12-31,19,calendar_end,473.78,457.79,90,42.64,41.2,-1522.8,-0.0357,0,MLP_MIX_SELECTED_US_37,MLP_MIX_SELECTED,37
TRD_MLP_MIX_SELECTED_7_US_US_0019,US,REGN,2024-12-31,2024-12-13,2024-12-31,11,calendar_end,731.55,705.67,59,43.16,41.63,-1611.47,-0.0373,0,MLP_MIX_SELECTED_US_7,MLP_MIX_SELECTED,7
TRD_Transformer_BASE_7_Brazil_Brazil_0002,Brazil,VALE3.SA,2024-01-18,2024-01-03,2024-01-19,12,atr_chandelier_stop,60.34,54.67,524,31.62,28.65,-3032.18,-0.0958,0,Transformer_BASE_Brazil_7,Transformer_BASE,7
TRD_Transformer_BASE_17_Brazil_Brazil_0002,Brazil,LREN3.SA,2024-02-05,2024-01-03,2024-02-06,24,atr_chandelier_stop,13.73,11.98,2307,31.67,27.64,-4088.79,-0.129,0,Transformer_BASE_Brazil_17,Transformer_BASE,17
TRD_Transformer_BASE_7_Brazil_Brazil_0003,Brazil,TOTS3.SA,2024-02-08,2024-01-03,2024-02-09,27,atr_chandelier_stop,31.6,28.33,1002,31.67,28.39,-3334.15,-0.1052,0,Transformer_BASE_Brazil_7,Transformer_BASE,7
TRD_Transformer_BASE_37_Brazil_Brazil_0003,Brazil,TOTS3.SA,2024-02-08,2024-01-03,2024-02-09,27,atr_chandelier_stop,31.6,28.33,1002,31.67,28.39,-3334.15,-0.1052,0,Transformer_BASE_Brazil_37,Transformer_BASE,37
TRD_Transformer_BASE_37_Brazil_Brazil_0002,Brazil,FLRY3.SA,2024-02-14,2024-01-03,2024-02-15,29,atr_chandelier_stop,14.7,13.1,2154,31.66,28.22,-3498.37,-0.1104,0,Transformer_BASE_Brazil_37,Transformer_BASE,37
TRD_Transformer_BASE_7_Brazil_Brazil_0001,Brazil,B3SA3.SA,2024-02-15,2024-01-03,2024-02-16,30,atr_chandelier_stop,12.89,11.59,2457,31.66,28.47,-3253.13,-0.1026,0,Transformer_BASE_Brazil_7,Transformer_BASE,7
TRD_Transformer_BASE_17_Brazil_Brazil_0003,Brazil,B3SA3.SA,2024-02-15,2024-01-03,2024-02-16,30,atr_chandelier_stop,12.89,11.59,2457,31.66,28.47,-3253.13,-0.1026,0,Transformer_BASE_Brazil_17,Transformer_BASE,17
TRD_Transformer_BASE_17_Brazil_Brazil_0004,Brazil,PETR4.SA,2024-03-08,2024-02-06,2024-03-11,22,atr_chandelier_stop,28.56,24.58,1041,29.73,25.58,-4201.01,-0.1412,0,Transformer_BASE_Brazil_17,Transformer_BASE,17
TRD_Transformer_BASE_37_Brazil_Brazil_0001,Brazil,PETR4.SA,2024-03-08,2024-01-03,2024-03-11,46,atr_chandelier_stop,26.04,24.58,1215,31.64,29.86,-1844.6,-0.0582,0,Transformer_BASE_Brazil_37,Transformer_BASE,37
TRD_Transformer_BASE_7_Brazil_Brazil_0004,Brazil,VALE3.SA,2024-03-15,2024-01-19,2024-03-18,39,atr_chandelier_stop,54.67,49.71,547,29.9,27.19,-2769.68,-0.0925,0,Transformer_BASE_Brazil_7,Transformer_BASE,7
TRD_Transformer_BASE_37_Brazil_Brazil_0004,Brazil,B3SA3.SA,2024-04-01,2024-02-09,2024-04-02,34,atr_chandelier_stop,11.91,10.85,2582,30.76,28.0,-2815.97,-0.0914,0,Transformer_BASE_Brazil_37,Transformer_BASE,37
TRD_Transformer_BASE_17_Brazil_Brazil_0001,Brazil,RAIL3.SA,2024-04-03,2024-01-03,2024-04-04,63,max_horizon,21.11,21.17,1500,31.66,31.76,36.06,0.0011,1,Transformer_BASE_Brazil_17,Transformer_BASE,17
TRD_Transformer_BASE_7_Brazil_Brazil_0006,Brazil,B3SA3.SA,2024-04-15,2024-02-16,2024-04-16,41,atr_chandelier_stop,11.59,10.41,2410,27.92,25.08,-2899.57,-0.1037,0,Transformer_BASE_Brazil_7,Transformer_BASE,7
TRD_Transformer_BASE_17_Brazil_Brazil_0005,Brazil,B3SA3.SA,2024-04-15,2024-02-16,2024-04-16,41,atr_chandelier_stop,11.59,10.41,2606,30.2,27.12,-3135.39,-0.1037,0,Transformer_BASE_Brazil_17,Transformer_BASE,17
TRD_Transformer_BASE_7_Brazil_Brazil_0005,Brazil,RENT3.SA,2024-04-22,2024-02-09,2024-04-23,49,atr_chandelier_stop,46.97,44.19,606,28.47,26.78,-1742.13,-0.0611,0,Transformer_BASE_Brazil_7,Transformer_BASE,7
TRD_Transformer_BASE_17_Brazil_Brazil_0006,Brazil,RENT3.SA,2024-04-22,2024-04-04,2024-04-23,13,atr_chandelier_stop,46.92,44.19,581,27.26,25.68,-1640.33,-0.0601,0,Transformer_BASE_Brazil_17,Transformer_BASE,17
TRD_Transformer_BASE_37_Brazil_Brazil_0006,Brazil,RAIL3.SA,2024-04-24,2024-03-11,2024-04-25,32,atr_chandelier_stop,20.98,19.51,1373,28.81,26.78,-2084.75,-0.0723,0,Transformer_BASE_Brazil_37,Transformer_BASE,37
TRD_Transformer_BASE_7_Brazil_Brazil_0007,Brazil,EQTL3.SA,2024-04-25,2024-03-18,2024-04-26,28,atr_chandelier_stop,30.97,27.65,884,27.38,24.44,-2990.06,-0.1091,0,Transformer_BASE_Brazil_7,Transformer_BASE,7
TRD_Transformer_BASE_37_Brazil_Brazil_0005,Brazil,VALE3.SA,2024-05-15,2024-02-15,2024-05-16,63,max_horizon,51.52,53.4,586,30.19,31.29,1038.69,0.0344,1,Transformer_BASE_Brazil_37,Transformer_BASE,37
TRD_Transformer_BASE_17_Brazil_Brazil_0008,Brazil,MGLU3.SA,2024-05-24,2024-04-16,2024-05-27,28,atr_chandelier_stop,13.65,11.75,1947,26.57,22.88,-3741.02,-0.1406,0,Transformer_BASE_Brazil_17,Transformer_BASE,17
TRD_Transformer_BASE_37_Brazil_Brazil_0009,Brazil,RENT3.SA,2024-05-31,2024-05-16,2024-06-03,11,atr_chandelier_stop,43.72,38.54,649,28.38,25.01,-3418.94,-0.1204,0,Transformer_BASE_Brazil_37,Transformer_BASE,37
TRD_Transformer_BASE_37_Brazil_Brazil_0008,Brazil,RADL3.SA,2024-06-05,2024-04-25,2024-06-06,28,atr_chandelier_stop,23.2,23.29,1168,27.09,27.2,55.34,0.002,1,Transformer_BASE_Brazil_37,Transformer_BASE,37
TRD_Transformer_BASE_7_Brazil_Brazil_0008,Brazil,B3SA3.SA,2024-06-10,2024-04-16,2024-06-11,38,atr_chandelier_stop,10.41,9.71,2507,26.09,24.34,-1798.78,-0.0689,0,Transformer_BASE_Brazil_7,Transformer_BASE,7
TRD_Transformer_BASE_17_Brazil_Brazil_0009,Brazil,B3SA3.SA,2024-06-10,2024-04-23,2024-06-11,33,atr_chandelier_stop,10.23,9.71,2573,26.33,24.98,-1397.09,-0.053,0,Transformer_BASE_Brazil_17,Transformer_BASE,17
TRD_Transformer_BASE_17_Brazil_Brazil_0010,Brazil,RENT3.SA,2024-06-13,2024-05-27,2024-06-14,13,atr_chandelier_stop,40.22,35.88,626,25.18,22.46,-2765.06,-0.1097,0,Transformer_BASE_Brazil_17,Transformer_BASE,17
TRD_Transformer_BASE_37_Brazil_Brazil_0007,Brazil,ITUB4.SA,2024-07-01,2024-04-02,2024-07-02,63,max_horizon,24.73,24.09,1120,27.7,26.99,-766.37,-0.0276,0,Transformer_BASE_Brazil_37,Transformer_BASE,37
TRD_Transformer_BASE_17_Brazil_Brazil_0007,Brazil,FLRY3.SA,2024-07-03,2024-04-04,2024-07-04,63,max_horizon,12.36,12.65,2208,27.3,27.92,571.85,0.0209,1,Transformer_BASE_Brazil_17,Transformer_BASE,17
TRD_Transformer_BASE_7_Brazil_Brazil_0011,Brazil,MGLU3.SA,2024-07-22,2024-06-11,2024-07-23,30,atr_chandelier_stop,10.52,11.21,2305,24.26,25.84,1533.36,0.0631,1,Transformer_BASE_Brazil_7,Transformer_BASE,7
TRD_Transformer_BASE_37_Brazil_Brazil_0012,Brazil,MGLU3.SA,2024-07-22,2024-07-02,2024-07-23,15,atr_chandelier_stop,11.08,11.21,2406,26.67,26.97,254.89,0.0095,1,Transformer_BASE_Brazil_37,Transformer_BASE,37
TRD_Transformer_BASE_7_Brazil_Brazil_0009,Brazil,VALE3.SA,2024-07-22,2024-04-23,2024-07-23,63,max_horizon,51.49,49.8,498,25.64,24.8,-893.53,-0.0348,0,Transformer_BASE_Brazil_7,Transformer_BASE,7
TRD_Transformer_BASE_7_Brazil_Brazil_0010,Brazil,WEGE3.SA,2024-07-25,2024-04-26,2024-07-26,63,max_horizon,36.4,43.18,682,24.82,29.45,4574.52,0.1841,1,Transformer_BASE_Brazil_7,Transformer_BASE,7
TRD_Transformer_BASE_17_Brazil_Brazil_0012,Brazil,RENT3.SA,2024-08-14,2024-06-14,2024-08-15,44,atr_chandelier_stop,35.88,36.82,659,23.64,24.26,571.22,0.0241,1,Transformer_BASE_Brazil_17,Transformer_BASE,17
TRD_Transformer_BASE_37_Brazil_Brazil_0010,Brazil,VALE3.SA,2024-08-28,2024-06-03,2024-08-29,63,max_horizon,51.64,50.61,504,26.03,25.51,-573.3,-0.022,0,Transformer_BASE_Brazil_37,Transformer_BASE,37
TRD_Transformer_BASE_37_Brazil_Brazil_0011,Brazil,RADL3.SA,2024-09-02,2024-06-06,2024-09-03,63,max_horizon,23.29,25.72,1109,25.83,28.52,2639.84,0.1021,1,Transformer_BASE_Brazil_37,Transformer_BASE,37
TRD_Transformer_BASE_17_Brazil_Brazil_0011,Brazil,ITUB4.SA,2024-09-05,2024-06-11,2024-09-06,63,max_horizon,23.23,28.08,1035,24.04,29.06,4969.67,0.2065,1,Transformer_BASE_Brazil_17,Transformer_BASE,17
TRD_Transformer_BASE_37_Brazil_Brazil_0014,Brazil,B3SA3.SA,2024-09-23,2024-08-29,2024-09-24,18,atr_chandelier_stop,11.66,10.51,2357,27.47,24.77,-2756.08,-0.1002,0,Transformer_BASE_Brazil_37,Transformer_BASE,37
TRD_Transformer_BASE_7_Brazil_Brazil_0013,Brazil,TOTS3.SA,2024-09-26,2024-07-23,2024-09-27,48,atr_chandelier_stop,27.4,27.09,977,26.77,26.46,-354.12,-0.0132,0,Transformer_BASE_Brazil_7,Transformer_BASE,7
TRD_Transformer_BASE_17_Brazil_Brazil_0013,Brazil,LREN3.SA,2024-09-30,2024-07-04,2024-10-01,63,max_horizon,10.31,14.93,2429,25.03,36.25,11159.19,0.4453,1,Transformer_BASE_Brazil_17,Transformer_BASE,17
TRD_Transformer_BASE_37_Brazil_Brazil_0013,Brazil,KLBN11.SA,2024-10-17,2024-07-23,2024-10-18,63,max_horizon,19.04,18.07,1403,26.71,25.35,-1417.86,-0.053,0,Transformer_BASE_Brazil_37,Transformer_BASE,37
TRD_Transformer_BASE_7_Brazil_Brazil_0012,Brazil,VALE3.SA,2024-10-17,2024-07-23,2024-10-18,63,max_horizon,49.8,52.12,537,26.74,27.99,1192.12,0.0445,1,Transformer_BASE_Brazil_7,Transformer_BASE,7
TRD_Transformer_BASE_7_Brazil_Brazil_0014,Brazil,WEGE3.SA,2024-10-22,2024-07-26,2024-10-23,63,max_horizon,43.18,52.26,603,26.04,31.51,5415.55,0.2078,1,Transformer_BASE_Brazil_7,Transformer_BASE,7
TRD_Transformer_BASE_37_Brazil_Brazil_0016,Brazil,MGLU3.SA,2024-10-23,2024-09-24,2024-10-24,22,atr_chandelier_stop,9.43,8.41,2719,25.63,22.86,-2812.92,-0.1097,0,Transformer_BASE_Brazil_37,Transformer_BASE,37
TRD_Transformer_BASE_17_Brazil_Brazil_0015,Brazil,RADL3.SA,2024-10-29,2024-09-24,2024-10-30,26,atr_chandelier_stop,25.3,22.62,1146,29.0,25.92,-3136.66,-0.1081,0,Transformer_BASE_Brazil_17,Transformer_BASE,17
TRD_Transformer_BASE_17_Brazil_Brazil_0014,Brazil,KLBN11.SA,2024-11-11,2024-08-15,2024-11-12,63,max_horizon,18.55,18.37,1498,27.79,27.51,-332.02,-0.0119,0,Transformer_BASE_Brazil_17,Transformer_BASE,17
TRD_Transformer_BASE_37_Brazil_Brazil_0015,Brazil,TOTS3.SA,2024-11-11,2024-09-03,2024-11-12,50,atr_chandelier_stop,28.28,28.83,950,26.86,27.39,469.05,0.0174,1,Transformer_BASE_Brazil_37,Transformer_BASE,37
TRD_Transformer_BASE_7_Brazil_Brazil_0015,Brazil,MGLU3.SA,2024-12-06,2024-09-27,2024-12-09,49,atr_chandelier_stop,8.98,7.89,3227,28.97,25.45,-3571.8,-0.1232,0,Transformer_BASE_Brazil_7,Transformer_BASE,7
TRD_Transformer_BASE_17_Brazil_Brazil_0016,Brazil,MGLU3.SA,2024-12-06,2024-10-01,2024-12-09,47,atr_chandelier_stop,8.96,7.89,3222,28.86,25.41,-3507.18,-0.1214,0,Transformer_BASE_Brazil_17,Transformer_BASE,17
TRD_Transformer_BASE_37_Brazil_Brazil_0018,Brazil,MGLU3.SA,2024-12-06,2024-10-24,2024-12-09,30,atr_chandelier_stop,8.41,7.89,2914,24.5,22.98,-1568.87,-0.064,0,Transformer_BASE_Brazil_37,Transformer_BASE,37
TRD_Transformer_BASE_7_Brazil_Brazil_0016,Brazil,RADL3.SA,2024-12-16,2024-10-18,2024-12-17,40,atr_chandelier_stop,24.06,22.19,1174,28.25,26.05,-2252.16,-0.0796,0,Transformer_BASE_Brazil_7,Transformer_BASE,7
TRD_Transformer_BASE_17_Brazil_Brazil_0018,Brazil,RADL3.SA,2024-12-16,2024-11-12,2024-12-17,23,atr_chandelier_stop,23.83,22.19,1173,27.95,26.03,-1972.82,-0.0705,0,Transformer_BASE_Brazil_17,Transformer_BASE,17
TRD_Transformer_BASE_7_Brazil_Brazil_0017,Brazil,RAIL3.SA,2024-12-16,2024-10-23,2024-12-17,37,atr_chandelier_stop,17.99,17.8,1552,27.92,27.62,-350.96,-0.0126,0,Transformer_BASE_Brazil_7,Transformer_BASE,7
TRD_Transformer_BASE_17_Brazil_Brazil_0017,Brazil,RAIL3.SA,2024-12-16,2024-10-30,2024-12-17,32,atr_chandelier_stop,18.84,17.8,1473,27.76,26.22,-1596.07,-0.0574,0,Transformer_BASE_Brazil_17,Transformer_BASE,17
TRD_Transformer_BASE_37_Brazil_Brazil_0017,Brazil,RAIL3.SA,2024-12-16,2024-10-18,2024-12-17,40,atr_chandelier_stop,18.56,17.8,1345,24.96,23.94,-1072.96,-0.0429,0,Transformer_BASE_Brazil_37,Transformer_BASE,37
TRD_Transformer_BASE_37_Brazil_Brazil_0019,Brazil,ITUB4.SA,2024-12-18,2024-11-12,2024-12-19,25,atr_chandelier_stop,26.49,23.74,958,25.37,22.74,-2679.69,-0.1055,0,Transformer_BASE_Brazil_37,Transformer_BASE,37
TRD_Transformer_BASE_17_Brazil_Brazil_0019,Brazil,MGLU3.SA,2024-12-18,2024-12-09,2024-12-19,8,atr_chandelier_stop,7.89,6.18,3369,26.57,20.83,-5787.08,-0.2176,0,Transformer_BASE_Brazil_17,Transformer_BASE,17
TRD_Transformer_BASE_37_Brazil_Brazil_0020,Brazil,B3SA3.SA,2024-12-30,2024-12-09,2024-12-30,13,calendar_end,9.26,9.63,2573,23.82,24.78,911.71,0.0382,1,Transformer_BASE_Brazil_37,Transformer_BASE,37
TRD_Transformer_BASE_7_Brazil_Brazil_0020,Brazil,FLRY3.SA,2024-12-30,2024-12-17,2024-12-30,7,calendar_end,11.14,10.47,2344,26.11,24.55,-1616.5,-0.0618,0,Transformer_BASE_Brazil_7,Transformer_BASE,7
TRD_Transformer_BASE_17_Brazil_Brazil_0020,Brazil,FLRY3.SA,2024-12-30,2024-12-17,2024-12-30,7,calendar_end,11.14,10.47,2261,25.19,23.68,-1559.26,-0.0618,0,Transformer_BASE_Brazil_17,Transformer_BASE,17
TRD_Transformer_BASE_7_Brazil_Brazil_0018,Brazil,ITUB4.SA,2024-12-30,2024-12-09,2024-12-30,13,calendar_end,24.69,23.39,1088,26.86,25.45,-1468.81,-0.0546,0,Transformer_BASE_Brazil_7,Transformer_BASE,7
TRD_Transformer_BASE_37_Brazil_Brazil_0022,Brazil,ITUB4.SA,2024-12-30,2024-12-19,2024-12-30,5,calendar_end,23.74,23.39,974,23.12,22.78,-386.93,-0.0167,0,Transformer_BASE_Brazil_37,Transformer_BASE,37
TRD_Transformer_BASE_17_Brazil_Brazil_0021,Brazil,LREN3.SA,2024-12-30,2024-12-17,2024-12-30,7,calendar_end,12.07,11.12,2086,25.19,23.2,-2037.09,-0.0808,0,Transformer_BASE_Brazil_17,Transformer_BASE,17
TRD_Transformer_BASE_7_Brazil_Brazil_0019,Brazil,MGLU3.SA,2024-12-30,2024-12-17,2024-12-30,7,calendar_end,7.19,5.95,3632,26.11,21.62,-4538.85,-0.1736,0,Transformer_BASE_Brazil_7,Transformer_BASE,7
TRD_Transformer_BASE_17_Brazil_Brazil_0022,Brazil,MGLU3.SA,2024-12-30,2024-12-19,2024-12-30,5,calendar_end,6.18,5.95,3783,23.39,22.52,-912.18,-0.039,0,Transformer_BASE_Brazil_17,Transformer_BASE,17
TRD_Transformer_BASE_37_Brazil_Brazil_0021,Brazil,VALE3.SA,2024-12-30,2024-12-17,2024-12-30,7,calendar_end,48.03,46.88,490,23.53,22.97,-606.6,-0.0258,0,Transformer_BASE_Brazil_37,Transformer_BASE,37
TRD_Transformer_BASE_37_China_China_0003,China,600196.SS,2024-01-22,2024-01-03,2024-01-23,14,atr_chandelier_stop,23.86,21.23,1327,31.67,28.17,-3551.44,-0.112,0,Transformer_BASE_China_37,Transformer_BASE,37
TRD_Transformer_BASE_7_China_China_0001,China,600276.SS,2024-01-29,2024-01-03,2024-01-30,19,atr_chandelier_stop,43.66,38.73,725,31.65,28.08,-3632.13,-0.1146,0,Transformer_BASE_China_7,Transformer_BASE,7
TRD_Transformer_BASE_17_China_China_0001,China,600276.SS,2024-01-29,2024-01-03,2024-01-30,19,atr_chandelier_stop,43.66,38.73,725,31.65,28.08,-3632.13,-0.1146,0,Transformer_BASE_China_17,Transformer_BASE,17
TRD_Transformer_BASE_7_China_China_0002,China,601012.SS,2024-01-30,2024-01-03,2024-01-31,20,atr_chandelier_stop,21.93,19.91,1443,31.65,28.73,-2983.06,-0.0942,0,Transformer_BASE_China_7,Transformer_BASE,7
TRD_Transformer_BASE_37_China_China_0004,China,600276.SS,2024-02-02,2024-01-23,2024-02-05,9,atr_chandelier_stop,40.17,35.53,746,29.97,26.5,-3518.72,-0.1173,0,Transformer_BASE_China_37,Transformer_BASE,37
TRD_Transformer_BASE_37_China_China_0005,China,002241.SZ,2024-03-27,2024-02-05,2024-03-28,32,atr_chandelier_stop,14.18,15.36,2083,29.53,31.99,2400.85,0.0812,1,Transformer_BASE_China_37,Transformer_BASE,37
TRD_Transformer_BASE_7_China_China_0005,China,600196.SS,2024-03-27,2024-01-31,2024-03-28,35,atr_chandelier_stop,21.6,21.89,1346,29.07,29.47,342.15,0.0118,1,Transformer_BASE_China_7,Transformer_BASE,7
TRD_Transformer_BASE_17_China_China_0004,China,002475.SZ,2024-04-08,2024-01-30,2024-04-09,42,atr_chandelier_stop,26.53,27.59,1161,30.8,32.03,1168.15,0.0379,1,Transformer_BASE_China_17,Transformer_BASE,17
TRD_Transformer_BASE_37_China_China_0001,China,000333.SZ,2024-04-10,2024-01-03,2024-04-11,63,max_horizon,47.14,56.09,671,31.63,37.63,5933.61,0.1874,1,Transformer_BASE_China_37,Transformer_BASE,37
TRD_Transformer_BASE_37_China_China_0002,China,000725.SZ,2024-04-10,2024-01-03,2024-04-11,63,max_horizon,3.75,4.11,8439,31.67,34.7,2968.95,0.0937,1,Transformer_BASE_China_37,Transformer_BASE,37
TRD_Transformer_BASE_7_China_China_0003,China,600519.SS,2024-04-10,2024-01-03,2024-04-11,63,max_horizon,1527.6,1490.35,20,30.55,29.81,-805.49,-0.0263,0,Transformer_BASE_China_7,Transformer_BASE,7
TRD_Transformer_BASE_17_China_China_0002,China,600519.SS,2024-04-10,2024-01-03,2024-04-11,63,max_horizon,1527.6,1490.35,20,30.55,29.81,-805.49,-0.0263,0,Transformer_BASE_China_17,Transformer_BASE,17
TRD_Transformer_BASE_17_China_China_0003,China,600887.SS,2024-04-10,2024-01-03,2024-04-11,63,max_horizon,22.93,23.63,1381,31.67,32.63,900.74,0.0284,1,Transformer_BASE_China_17,Transformer_BASE,17
TRD_Transformer_BASE_7_China_China_0004,China,600276.SS,2024-04-18,2024-01-30,2024-04-19,50,atr_chandelier_stop,38.73,41.47,762,29.51,31.6,2030.69,0.0687,1,Transformer_BASE_China_7,Transformer_BASE,7
TRD_Transformer_BASE_17_China_China_0005,China,601012.SS,2024-06-06,2024-04-09,2024-06-07,40,atr_chandelier_stop,19.17,16.85,1625,31.15,27.37,-3831.49,-0.1229,0,Transformer_BASE_China_17,Transformer_BASE,17
TRD_Transformer_BASE_7_China_China_0008,China,600519.SS,2024-06-11,2024-04-19,2024-06-12,34,atr_chandelier_stop,1509.13,1426.64,19,28.67,27.11,-1623.1,-0.0565,0,Transformer_BASE_China_7,Transformer_BASE,7
TRD_Transformer_BASE_37_China_China_0008,China,600036.SS,2024-06-12,2024-04-11,2024-06-13,41,atr_chandelier_stop,27.71,28.47,1196,33.14,34.06,845.73,0.0255,1,Transformer_BASE_China_37,Transformer_BASE,37
TRD_Transformer_BASE_7_China_China_0009,China,600276.SS,2024-07-01,2024-06-12,2024-07-02,14,atr_chandelier_stop,42.19,37.75,719,30.34,27.14,-3252.42,-0.1071,0,Transformer_BASE_China_7,Transformer_BASE,7
TRD_Transformer_BASE_37_China_China_0006,China,002415.SZ,2024-07-02,2024-04-11,2024-07-03,55,atr_chandelier_stop,28.05,27.97,1181,33.13,33.04,-159.21,-0.0048,0,Transformer_BASE_China_37,Transformer_BASE,37
TRD_Transformer_BASE_7_China_China_0006,China,600887.SS,2024-07-02,2024-03-28,2024-07-03,63,max_horizon,24.46,23.49,1282,31.35,30.12,-1295.74,-0.0413,0,Transformer_BASE_China_7,Transformer_BASE,7
TRD_Transformer_BASE_17_China_China_0006,China,600887.SS,2024-07-08,2024-04-11,2024-07-09,59,atr_chandelier_stop,23.63,22.88,1308,30.91,29.93,-1033.73,-0.0334,0,Transformer_BASE_China_17,Transformer_BASE,17
TRD_Transformer_BASE_37_China_China_0007,China,600887.SS,2024-07-08,2024-04-11,2024-07-09,59,atr_chandelier_stop,23.63,22.88,1402,33.13,32.08,-1108.02,-0.0334,0,Transformer_BASE_China_37,Transformer_BASE,37
TRD_Transformer_BASE_17_China_China_0007,China,601318.SS,2024-07-08,2024-04-11,2024-07-09,59,atr_chandelier_stop,34.26,35.84,902,30.9,32.32,1361.8,0.044,1,Transformer_BASE_China_17,Transformer_BASE,17
TRD_Transformer_BASE_7_China_China_0007,China,002241.SZ,2024-07-12,2024-04-11,2024-07-15,63,max_horizon,15.09,21.76,2032,30.66,44.22,13491.67,0.4397,1,Transformer_BASE_China_7,Transformer_BASE,7
TRD_Transformer_BASE_17_China_China_0010,China,000725.SZ,2024-07-24,2024-07-09,2024-07-25,12,atr_chandelier_stop,3.94,3.68,7919,31.17,29.16,-2076.43,-0.0665,0,Transformer_BASE_China_17,Transformer_BASE,17
TRD_Transformer_BASE_17_China_China_0008,China,002241.SZ,2024-08-05,2024-06-07,2024-08-06,41,atr_chandelier_stop,16.95,19.77,1841,31.2,36.41,5135.75,0.1644,1,Transformer_BASE_China_17,Transformer_BASE,17
TRD_Transformer_BASE_7_China_China_0010,China,601888.SS,2024-08-14,2024-07-03,2024-08-15,31,atr_chandelier_stop,60.23,61.27,508,30.6,31.12,466.07,0.0152,1,Transformer_BASE_China_7,Transformer_BASE,7
TRD_Transformer_BASE_7_China_China_0012,China,600887.SS,2024-08-20,2024-07-15,2024-08-21,27,atr_chandelier_stop,23.25,21.44,1414,32.87,30.32,-2615.74,-0.0795,0,Transformer_BASE_China_7,Transformer_BASE,7
TRD_Transformer_BASE_17_China_China_0009,China,600887.SS,2024-08-20,2024-07-09,2024-08-21,31,atr_chandelier_stop,22.88,21.44,1362,31.17,29.21,-2022.35,-0.0648,0,Transformer_BASE_China_17,Transformer_BASE,17
TRD_Transformer_BASE_37_China_China_0011,China,600887.SS,2024-08-20,2024-07-09,2024-08-21,31,atr_chandelier_stop,22.88,21.44,1410,32.27,30.24,-2093.62,-0.0648,0,Transformer_BASE_China_37,Transformer_BASE,37
TRD_Transformer_BASE_7_China_China_0011,China,000858.SZ,2024-08-26,2024-07-15,2024-08-27,31,atr_chandelier_stop,114.59,106.2,286,32.77,30.37,-2463.07,-0.0751,0,Transformer_BASE_China_7,Transformer_BASE,7
TRD_Transformer_BASE_7_China_China_0013,China,600036.SS,2024-09-09,2024-08-15,2024-09-10,18,atr_chandelier_stop,28.96,27.51,1092,31.63,30.04,-1650.53,-0.0521,0,Transformer_BASE_China_7,Transformer_BASE,7
TRD_Transformer_BASE_17_China_China_0012,China,600036.SS,2024-09-09,2024-08-06,2024-09-10,25,atr_chandelier_stop,29.43,27.51,1028,30.25,28.28,-2031.04,-0.0671,0,Transformer_BASE_China_17,Transformer_BASE,17
TRD_Transformer_BASE_37_China_China_0009,China,600196.SS,2024-09-09,2024-06-13,2024-09-10,63,max_horizon,22.71,21.98,1523,34.59,33.48,-1177.47,-0.034,0,Transformer_BASE_China_37,Transformer_BASE,37
TRD_Transformer_BASE_37_China_China_0010,China,000333.SZ,2024-10-08,2024-07-03,2024-10-09,63,max_horizon,56.85,70.69,569,32.35,40.23,7803.15,0.241,1,Transformer_BASE_China_37,Transformer_BASE,37
TRD_Transformer_BASE_7_China_China_0015,China,000725.SZ,2024-10-11,2024-08-27,2024-10-14,27,atr_chandelier_stop,3.81,4.12,8231,31.35,33.93,2513.84,0.0801,1,Transformer_BASE_China_7,Transformer_BASE,7
TRD_Transformer_BASE_17_China_China_0013,China,000725.SZ,2024-10-11,2024-08-21,2024-10-14,31,atr_chandelier_stop,3.72,4.12,8160,30.36,33.64,3211.99,0.1057,1,Transformer_BASE_China_17,Transformer_BASE,17
TRD_Transformer_BASE_7_China_China_0014,China,601012.SS,2024-10-11,2024-08-21,2024-10-14,31,atr_chandelier_stop,13.25,16.35,2407,31.89,39.35,7390.45,0.2315,1,Transformer_BASE_China_7,Transformer_BASE,7
TRD_Transformer_BASE_37_China_China_0012,China,601012.SS,2024-10-11,2024-08-21,2024-10-14,31,atr_chandelier_stop,13.25,16.35,2419,32.05,39.55,7427.3,0.2315,1,Transformer_BASE_China_37,Transformer_BASE,37
TRD_Transformer_BASE_7_China_China_0016,China,601888.SS,2024-10-11,2024-09-10,2024-10-14,17,atr_chandelier_stop,53.97,69.52,559,30.17,38.86,8626.27,0.2857,1,Transformer_BASE_China_7,Transformer_BASE,7
TRD_Transformer_BASE_17_China_China_0014,China,601888.SS,2024-10-11,2024-09-10,2024-10-14,17,atr_chandelier_stop,53.97,69.52,547,29.52,38.03,8441.09,0.2857,1,Transformer_BASE_China_17,Transformer_BASE,17
TRD_Transformer_BASE_37_China_China_0013,China,601888.SS,2024-10-11,2024-09-10,2024-10-14,17,atr_chandelier_stop,53.97,69.52,582,31.41,40.46,8981.2,0.2857,1,Transformer_BASE_China_37,Transformer_BASE,37
TRD_Transformer_BASE_37_China_China_0014,China,600276.SS,2024-10-25,2024-10-09,2024-10-28,13,atr_chandelier_stop,54.58,47.66,814,44.43,38.8,-5713.41,-0.1285,0,Transformer_BASE_China_37,Transformer_BASE,37
TRD_Transformer_BASE_17_China_China_0016,China,002475.SZ,2024-11-07,2024-10-14,2024-11-08,19,atr_chandelier_stop,41.39,41.04,883,36.54,36.24,-378.41,-0.0103,0,Transformer_BASE_China_17,Transformer_BASE,17
TRD_Transformer_BASE_17_China_China_0011,China,601318.SS,2024-11-11,2024-08-06,2024-11-12,63,max_horizon,38.55,54.01,785,30.26,42.4,12066.89,0.3984,1,Transformer_BASE_China_17,Transformer_BASE,17
TRD_Transformer_BASE_37_China_China_0015,China,000333.SZ,2024-11-18,2024-10-14,2024-11-19,26,atr_chandelier_stop,69.46,64.07,549,38.13,35.17,-3033.66,-0.0795,0,Transformer_BASE_China_37,Transformer_BASE,37
TRD_Transformer_BASE_7_China_China_0018,China,600309.SS,2024-11-22,2024-10-14,2024-11-25,30,atr_chandelier_stop,80.1,71.74,451,36.13,32.36,-3838.8,-0.1062,0,Transformer_BASE_China_7,Transformer_BASE,7
TRD_Transformer_BASE_7_China_China_0017,China,000725.SZ,2024-11-25,2024-10-14,2024-11-26,31,atr_chandelier_stop,4.12,4.1,8768,36.15,35.97,-243.82,-0.0067,0,Transformer_BASE_China_7,Transformer_BASE,7
TRD_Transformer_BASE_17_China_China_0015,China,000725.SZ,2024-11-25,2024-10-14,2024-11-26,31,atr_chandelier_stop,4.12,4.1,8873,36.58,36.4,-246.74,-0.0067,0,Transformer_BASE_China_17,Transformer_BASE,17
TRD_Transformer_BASE_17_China_China_0018,China,600309.SS,2024-11-25,2024-11-12,2024-11-26,10,atr_chandelier_stop,79.42,70.61,480,38.12,33.89,-4303.82,-0.1128,0,Transformer_BASE_China_17,Transformer_BASE,17
TRD_Transformer_BASE_37_China_China_0018,China,000333.SZ,2024-12-31,2024-11-19,2024-12-31,30,calendar_end,64.07,67.83,581,37.22,39.41,2108.02,0.0566,1,Transformer_BASE_China_37,Transformer_BASE,37
TRD_Transformer_BASE_7_China_China_0021,China,000725.SZ,2024-12-31,2024-11-26,2024-12-31,25,calendar_end,4.1,4.3,8598,35.28,36.96,1611.59,0.0456,1,Transformer_BASE_China_7,Transformer_BASE,7
TRD_Transformer_BASE_17_China_China_0020,China,000725.SZ,2024-12-31,2024-11-26,2024-12-31,25,calendar_end,4.1,4.3,8558,35.11,36.79,1604.09,0.0456,1,Transformer_BASE_China_17,Transformer_BASE,17
TRD_Transformer_BASE_17_China_China_0017,China,600276.SS,2024-12-31,2024-11-12,2024-12-31,35,calendar_end,49.05,45.55,777,38.11,35.39,-2795.33,-0.0733,0,Transformer_BASE_China_17,Transformer_BASE,17
TRD_Transformer_BASE_37_China_China_0017,China,600276.SS,2024-12-31,2024-10-28,2024-12-31,46,calendar_end,47.66,45.55,778,37.08,35.44,-1716.98,-0.0463,0,Transformer_BASE_China_37,Transformer_BASE,37
TRD_Transformer_BASE_17_China_China_0019,China,600309.SS,2024-12-31,2024-11-26,2024-12-31,25,calendar_end,70.61,69.28,497,35.09,34.43,-730.64,-0.0208,0,Transformer_BASE_China_17,Transformer_BASE,17
TRD_Transformer_BASE_7_China_China_0020,China,600519.SS,2024-12-31,2024-11-25,2024-12-31,26,calendar_end,1401.47,1435.63,25,35.04,35.89,783.15,0.0223,1,Transformer_BASE_China_7,Transformer_BASE,7
TRD_Transformer_BASE_7_China_China_0019,China,600887.SS,2024-12-31,2024-10-14,2024-12-31,56,calendar_end,24.91,27.52,1451,36.14,39.93,3707.42,0.1025,1,Transformer_BASE_China_7,Transformer_BASE,7
TRD_Transformer_BASE_37_China_China_0016,China,600887.SS,2024-12-31,2024-10-14,2024-12-31,56,calendar_end,24.91,27.52,1532,38.16,42.15,3914.39,0.1025,1,Transformer_BASE_China_37,Transformer_BASE,37
TRD_Transformer_BASE_7_France_France_0002,France,WLN.PA,2024-01-12,2024-01-03,2024-01-15,8,atr_chandelier_stop,160.16,137.53,197,31.55,27.09,-4516.6,-0.143,0,Transformer_BASE_France_7,Transformer_BASE,7
TRD_Transformer_BASE_17_France_France_0002,France,CAP.PA,2024-04-02,2024-01-03,2024-04-03,63,max_horizon,175.53,195.65,180,31.6,35.22,3555.59,0.1124,1,Transformer_BASE_France_17,Transformer_BASE,17
TRD_Transformer_BASE_7_France_France_0001,France,DG.PA,2024-04-02,2024-01-03,2024-04-03,63,max_horizon,102.02,105.09,310,31.63,32.58,888.05,0.0281,1,Transformer_BASE_France_7,Transformer_BASE,7
TRD_Transformer_BASE_17_France_France_0001,France,DG.PA,2024-04-02,2024-01-03,2024-04-03,63,max_horizon,102.02,105.09,310,31.63,32.58,888.05,0.0281,1,Transformer_BASE_France_17,Transformer_BASE,17
TRD_Transformer_BASE_37_France_France_0002,France,DG.PA,2024-04-02,2024-01-03,2024-04-03,63,max_horizon,102.02,105.09,310,31.63,32.58,888.05,0.0281,1,Transformer_BASE_France_37,Transformer_BASE,37
TRD_Transformer_BASE_7_France_France_0003,France,MC.PA,2024-04-02,2024-01-03,2024-04-03,63,max_horizon,677.1,773.38,46,31.15,35.58,4362.31,0.1399,1,Transformer_BASE_France_7,Transformer_BASE,7
TRD_Transformer_BASE_37_France_France_0003,France,MC.PA,2024-04-02,2024-01-03,2024-04-03,63,max_horizon,677.1,773.38,46,31.15,35.58,4362.31,0.1399,1,Transformer_BASE_France_37,Transformer_BASE,37
TRD_Transformer_BASE_17_France_France_0003,France,RMS.PA,2024-04-02,2024-01-03,2024-04-03,63,max_horizon,1830.68,2293.96,17,31.12,39.0,7805.66,0.2506,1,Transformer_BASE_France_17,Transformer_BASE,17
TRD_Transformer_BASE_37_France_France_0001,France,RMS.PA,2024-04-02,2024-01-03,2024-04-03,63,max_horizon,1830.68,2293.96,17,31.12,39.0,7805.66,0.2506,1,Transformer_BASE_France_37,Transformer_BASE,37
TRD_Transformer_BASE_7_France_France_0004,France,ML.PA,2024-04-12,2024-01-15,2024-04-15,63,max_horizon,27.32,31.02,1098,30.0,34.06,3993.82,0.133,1,Transformer_BASE_France_7,Transformer_BASE,7
TRD_Transformer_BASE_7_France_France_0005,France,WLN.PA,2024-04-18,2024-04-03,2024-04-19,12,atr_chandelier_stop,118.73,103.54,279,33.12,28.89,-4299.87,-0.1297,0,Transformer_BASE_France_7,Transformer_BASE,7
TRD_Transformer_BASE_17_France_France_0006,France,WLN.PA,2024-04-18,2024-04-03,2024-04-19,12,atr_chandelier_stop,118.73,103.54,299,35.5,30.96,-4608.11,-0.1297,0,Transformer_BASE_France_17,Transformer_BASE,17
TRD_Transformer_BASE_37_France_France_0004,France,WLN.PA,2024-04-18,2024-04-03,2024-04-19,12,atr_chandelier_stop,118.73,103.54,301,35.74,31.16,-4638.93,-0.1297,0,Transformer_BASE_France_37,Transformer_BASE,37
TRD_Transformer_BASE_7_France_France_0006,France,TEP.PA,2024-04-30,2024-04-03,2024-05-02,20,atr_chandelier_stop,76.61,82.84,433,33.17,35.87,2628.56,0.0792,1,Transformer_BASE_France_7,Transformer_BASE,7
TRD_Transformer_BASE_37_France_France_0005,France,TEP.PA,2024-04-30,2024-04-03,2024-05-02,20,atr_chandelier_stop,76.61,82.84,467,35.78,38.68,2834.96,0.0792,1,Transformer_BASE_France_37,Transformer_BASE,37
TRD_Transformer_BASE_37_France_France_0006,France,AIR.PA,2024-06-07,2024-04-03,2024-06-10,47,atr_chandelier_stop,157.21,142.0,227,35.69,32.24,-3518.42,-0.0985,0,Transformer_BASE_France_37,Transformer_BASE,37
TRD_Transformer_BASE_7_France_France_0007,France,AIR.PA,2024-06-13,2024-04-15,2024-06-14,43,atr_chandelier_stop,154.96,139.82,210,32.54,29.36,-3242.04,-0.0995,0,Transformer_BASE_France_7,Transformer_BASE,7
TRD_Transformer_BASE_7_France_France_0008,France,WLN.PA,2024-06-13,2024-04-19,2024-06-14,39,atr_chandelier_stop,103.54,110.72,305,31.58,33.77,2124.98,0.0672,1,Transformer_BASE_France_7,Transformer_BASE,7
TRD_Transformer_BASE_17_France_France_0007,France,WLN.PA,2024-06-13,2024-04-19,2024-06-14,39,atr_chandelier_stop,103.54,110.72,325,33.65,35.98,2264.33,0.0672,1,Transformer_BASE_France_17,Transformer_BASE,17
TRD_Transformer_BASE_37_France_France_0007,France,WLN.PA,2024-06-13,2024-04-19,2024-06-14,39,atr_chandelier_stop,103.54,110.72,328,33.96,36.32,2285.23,0.0672,1,Transformer_BASE_France_37,Transformer_BASE,37
TRD_Transformer_BASE_7_France_France_0009,France,TEP.PA,2024-06-14,2024-05-02,2024-06-17,32,atr_chandelier_stop,82.84,83.34,371,30.73,30.92,124.27,0.004,1,Transformer_BASE_France_7,Transformer_BASE,7
TRD_Transformer_BASE_37_France_France_0008,France,TEP.PA,2024-06-14,2024-05-02,2024-06-17,32,atr_chandelier_stop,82.84,83.34,398,32.97,33.17,133.31,0.004,1,Transformer_BASE_France_37,Transformer_BASE,37
TRD_Transformer_BASE_37_France_France_0009,France,DIM.PA,2024-06-19,2024-06-10,2024-06-20,8,atr_chandelier_stop,183.16,152.8,206,37.73,31.48,-6323.54,-0.1674,0,Transformer_BASE_France_37,Transformer_BASE,37
TRD_Transformer_BASE_17_France_France_0004,France,OR.PA,2024-06-28,2024-04-03,2024-07-01,62,atr_chandelier_stop,409.26,399.18,86,35.2,34.33,-936.54,-0.0266,0,Transformer_BASE_France_17,Transformer_BASE,17
TRD_Transformer_BASE_17_France_France_0005,France,AI.PA,2024-07-01,2024-04-03,2024-07-02,63,max_horizon,149.55,141.65,237,35.44,33.57,-1940.92,-0.0547,0,Transformer_BASE_France_17,Transformer_BASE,17
TRD_Transformer_BASE_7_France_France_0011,France,MC.PA,2024-07-24,2024-06-14,2024-07-25,29,atr_chandelier_stop,691.15,625.46,47,32.48,29.4,-3149.19,-0.0968,0,Transformer_BASE_France_7,Transformer_BASE,7
TRD_Transformer_BASE_17_France_France_0010,France,MC.PA,2024-08-01,2024-07-02,2024-08-02,23,atr_chandelier_stop,677.72,606.89,49,33.21,29.74,-3533.53,-0.1063,0,Transformer_BASE_France_17,Transformer_BASE,17
TRD_Transformer_BASE_7_France_France_0010,France,WLN.PA,2024-08-01,2024-06-14,2024-08-02,35,atr_chandelier_stop,110.72,90.87,297,32.88,26.99,-5955.21,-0.1809,0,Transformer_BASE_France_7,Transformer_BASE,7
TRD_Transformer_BASE_17_France_France_0008,France,WLN.PA,2024-08-01,2024-06-14,2024-08-02,35,atr_chandelier_stop,110.72,90.87,316,34.99,28.71,-6336.18,-0.1809,0,Transformer_BASE_France_17,Transformer_BASE,17
TRD_Transformer_BASE_37_France_France_0010,France,WLN.PA,2024-08-01,2024-06-14,2024-08-02,35,atr_chandelier_stop,110.72,90.87,318,35.21,28.9,-6376.29,-0.1809,0,Transformer_BASE_France_37,Transformer_BASE,37
TRD_Transformer_BASE_7_France_France_0013,France,CAP.PA,2024-08-05,2024-07-25,2024-08-06,8,atr_chandelier_stop,184.34,167.53,172,31.71,28.81,-2951.76,-0.093,0,Transformer_BASE_France_7,Transformer_BASE,7
TRD_Transformer_BASE_7_France_France_0012,France,TEP.PA,2024-08-06,2024-06-17,2024-08-07,37,atr_chandelier_stop,83.34,91.25,381,31.75,34.76,2946.42,0.0927,1,Transformer_BASE_France_7,Transformer_BASE,7
TRD_Transformer_BASE_37_France_France_0011,France,TEP.PA,2024-08-06,2024-06-17,2024-08-07,37,atr_chandelier_stop,83.34,91.25,409,34.09,37.32,3162.95,0.0927,1,Transformer_BASE_France_37,Transformer_BASE,37
TRD_Transformer_BASE_37_France_France_0014,France,TEP.PA,2024-09-02,2024-08-07,2024-09-03,19,atr_chandelier_stop,91.25,86.33,342,31.21,29.52,-1743.41,-0.0558,0,Transformer_BASE_France_37,Transformer_BASE,37
TRD_Transformer_BASE_7_France_France_0014,France,WLN.PA,2024-09-13,2024-08-06,2024-09-16,29,atr_chandelier_stop,83.26,72.97,355,29.56,25.9,-3708.99,-0.1254,0,Transformer_BASE_France_7,Transformer_BASE,7
TRD_Transformer_BASE_17_France_France_0011,France,WLN.PA,2024-09-13,2024-08-02,2024-09-16,31,atr_chandelier_stop,90.87,72.97,336,30.53,24.52,-6068.34,-0.1986,0,Transformer_BASE_France_17,Transformer_BASE,17
TRD_Transformer_BASE_37_France_France_0013,France,WLN.PA,2024-09-13,2024-08-07,2024-09-16,28,atr_chandelier_stop,82.52,72.97,379,31.27,27.66,-3677.49,-0.1175,0,Transformer_BASE_France_37,Transformer_BASE,37
TRD_Transformer_BASE_37_France_France_0012,France,RI.PA,2024-09-16,2024-06-20,2024-09-17,63,max_horizon,113.72,113.08,292,33.2,33.02,-252.28,-0.0076,0,Transformer_BASE_France_37,Transformer_BASE,37
TRD_Transformer_BASE_17_France_France_0009,France,RI.PA,2024-09-25,2024-07-01,2024-09-26,63,max_horizon,113.89,119.19,290,33.03,34.57,1470.44,0.0445,1,Transformer_BASE_France_17,Transformer_BASE,17
TRD_Transformer_BASE_7_France_France_0017,France,WLN.PA,2024-10-08,2024-09-16,2024-10-09,17,atr_chandelier_stop,72.97,62.54,413,30.14,25.83,-4366.16,-0.1447,0,Transformer_BASE_France_7,Transformer_BASE,7
TRD_Transformer_BASE_37_France_France_0015,France,TEP.PA,2024-10-09,2024-09-03,2024-10-10,27,atr_chandelier_stop,86.33,79.53,366,31.6,29.11,-2549.03,-0.0806,0,Transformer_BASE_France_37,Transformer_BASE,37
TRD_Transformer_BASE_7_France_France_0016,France,DSY.PA,2024-10-15,2024-08-07,2024-10-16,50,atr_chandelier_stop,32.22,31.98,901,29.03,28.81,-278.38,-0.0096,0,Transformer_BASE_France_7,Transformer_BASE,7
TRD_Transformer_BASE_17_France_France_0013,France,WLN.PA,2024-10-21,2024-09-26,2024-10-22,18,atr_chandelier_stop,63.18,62.97,466,29.44,29.34,-155.09,-0.0053,0,Transformer_BASE_France_17,Transformer_BASE,17
TRD_Transformer_BASE_37_France_France_0016,France,WLN.PA,2024-10-21,2024-09-17,2024-10-22,25,atr_chandelier_stop,62.93,62.97,482,30.33,30.35,-40.76,-0.0013,0,Transformer_BASE_France_37,Transformer_BASE,37
TRD_Transformer_BASE_7_France_France_0015,France,CAP.PA,2024-10-25,2024-08-07,2024-10-28,58,atr_chandelier_stop,167.38,166.67,173,28.96,28.83,-180.67,-0.0062,0,Transformer_BASE_France_7,Transformer_BASE,7
TRD_Transformer_BASE_17_France_France_0012,France,CAP.PA,2024-10-25,2024-08-02,2024-10-28,61,atr_chandelier_stop,170.75,166.67,178,30.39,29.67,-784.91,-0.0258,0,Transformer_BASE_France_17,Transformer_BASE,17
TRD_Transformer_BASE_7_France_France_0020,France,RI.PA,2024-11-06,2024-10-28,2024-11-07,8,atr_chandelier_stop,110.85,99.46,236,26.16,23.47,-2736.19,-0.1045,0,Transformer_BASE_France_7,Transformer_BASE,7
TRD_Transformer_BASE_37_France_France_0018,France,TEP.PA,2024-11-13,2024-10-10,2024-11-14,25,atr_chandelier_stop,79.53,81.14,373,29.66,30.26,540.68,0.0182,1,Transformer_BASE_France_37,Transformer_BASE,37
TRD_Transformer_BASE_17_France_France_0014,France,DG.PA,2024-11-27,2024-09-26,2024-11-28,45,atr_chandelier_stop,100.95,90.89,292,29.48,26.54,-2994.95,-0.1015,0,Transformer_BASE_France_17,Transformer_BASE,17
TRD_Transformer_BASE_37_France_France_0017,France,SAF.PA,2024-12-12,2024-09-17,2024-12-13,63,max_horizon,199.29,202.12,152,30.29,30.72,370.02,0.0122,1,Transformer_BASE_France_37,Transformer_BASE,37
TRD_Transformer_BASE_37_France_France_0020,France,TEP.PA,2024-12-16,2024-11-14,2024-12-17,23,atr_chandelier_stop,81.14,73.18,372,30.18,27.22,-3019.13,-0.0999,0,Transformer_BASE_France_37,Transformer_BASE,37
TRD_Transformer_BASE_7_France_France_0019,France,DSY.PA,2024-12-31,2024-10-16,2024-12-31,52,calendar_end,31.98,32.8,848,27.12,27.81,642.49,0.0237,1,Transformer_BASE_France_7,Transformer_BASE,7
TRD_Transformer_BASE_17_France_France_0016,France,DSY.PA,2024-12-31,2024-10-28,2024-12-31,44,calendar_end,31.11,32.8,916,28.49,30.04,1492.99,0.0523,1,Transformer_BASE_France_17,Transformer_BASE,17
TRD_Transformer_BASE_37_France_France_0021,France,EL.PA,2024-12-31,2024-12-16,2024-12-31,9,calendar_end,222.5,226.53,144,32.04,32.62,516.87,0.0161,1,Transformer_BASE_France_37,Transformer_BASE,37
TRD_Transformer_BASE_17_France_France_0017,France,OR.PA,2024-12-31,2024-11-28,2024-12-31,21,calendar_end,320.77,329.3,89,28.55,29.31,700.87,0.0245,1,Transformer_BASE_France_17,Transformer_BASE,17
TRD_Transformer_BASE_7_France_France_0021,France,RI.PA,2024-12-31,2024-11-07,2024-12-31,36,calendar_end,99.46,99.51,255,25.36,25.38,-38.01,-0.0015,0,Transformer_BASE_France_7,Transformer_BASE,7
TRD_Transformer_BASE_7_France_France_0018,France,WLN.PA,2024-12-31,2024-10-16,2024-12-31,52,calendar_end,65.59,87.6,413,27.09,36.18,9026.54,0.3329,1,Transformer_BASE_France_7,Transformer_BASE,7
TRD_Transformer_BASE_17_France_France_0015,France,WLN.PA,2024-12-31,2024-10-22,2024-12-31,48,calendar_end,62.97,87.6,461,29.03,40.38,11286.77,0.3884,1,Transformer_BASE_France_17,Transformer_BASE,17
TRD_Transformer_BASE_37_France_France_0019,France,WLN.PA,2024-12-31,2024-10-22,2024-12-31,48,calendar_end,62.97,87.6,486,30.6,42.58,11898.85,0.3884,1,Transformer_BASE_France_37,Transformer_BASE,37
TRD_Transformer_BASE_37_India_India_0002,India,HDFCBANK.NS,2024-01-18,2024-01-02,2024-01-19,13,atr_chandelier_stop,813.33,721.0,38,30.91,27.4,-3566.86,-0.1153,0,Transformer_BASE_India_37,Transformer_BASE,37
TRD_Transformer_BASE_17_India_India_0002,India,ASIANPAINT.NS,2024-01-23,2024-01-02,2024-01-24,15,atr_chandelier_stop,3293.25,2962.57,9,29.64,26.66,-3032.44,-0.1022,0,Transformer_BASE_India_17,Transformer_BASE,17
TRD_Transformer_BASE_7_India_India_0002,India,BAJFINANCE.NS,2024-01-30,2024-01-02,2024-01-31,19,atr_chandelier_stop,719.85,670.31,43,30.95,28.82,-2189.83,-0.0707,0,Transformer_BASE_India_7,Transformer_BASE,7
TRD_Transformer_BASE_37_India_India_0003,India,BAJFINANCE.NS,2024-01-30,2024-01-02,2024-01-31,19,atr_chandelier_stop,719.85,670.31,43,30.95,28.82,-2189.83,-0.0707,0,Transformer_BASE_India_37,Transformer_BASE,37
TRD_Transformer_BASE_7_India_India_0003,India,PIDILITIND.NS,2024-02-01,2024-01-02,2024-02-02,21,atr_chandelier_stop,1322.05,1240.11,23,30.41,28.52,-1943.73,-0.0639,0,Transformer_BASE_India_7,Transformer_BASE,7
TRD_Transformer_BASE_17_India_India_0001,India,MARUTI.NS,2024-04-04,2024-01-02,2024-04-05,63,max_horizon,9977.79,12120.88,3,29.93,36.36,6362.95,0.2124,1,Transformer_BASE_India_17,Transformer_BASE,17
TRD_Transformer_BASE_7_India_India_0001,India,RELIANCE.NS,2024-04-04,2024-01-02,2024-04-05,63,max_horizon,1277.1,1443.47,24,30.65,34.64,3927.55,0.128,1,Transformer_BASE_India_7,Transformer_BASE,7
TRD_Transformer_BASE_17_India_India_0003,India,TITAN.NS,2024-04-04,2024-01-02,2024-04-05,63,max_horizon,3653.95,3742.5,8,29.23,29.94,649.23,0.0222,1,Transformer_BASE_India_17,Transformer_BASE,17
TRD_Transformer_BASE_37_India_India_0001,India,TITAN.NS,2024-04-04,2024-01-02,2024-04-05,63,max_horizon,3653.95,3742.5,8,29.23,29.94,649.23,0.0222,1,Transformer_BASE_India_37,Transformer_BASE,37
TRD_Transformer_BASE_37_India_India_0004,India,PIDILITIND.NS,2024-04-25,2024-01-19,2024-04-26,63,max_horizon,1327.21,1432.43,22,29.2,31.51,2254.23,0.0771,1,Transformer_BASE_India_37,Transformer_BASE,37
TRD_Transformer_BASE_17_India_India_0004,India,ICICIBANK.NS,2024-04-29,2024-01-24,2024-04-30,63,max_horizon,1004.38,1131.7,30,30.13,33.95,3755.58,0.1245,1,Transformer_BASE_India_17,Transformer_BASE,17
TRD_Transformer_BASE_7_India_India_0004,India,ASIANPAINT.NS,2024-05-06,2024-01-31,2024-05-07,63,max_horizon,2876.26,2857.83,10,28.76,28.58,-241.6,-0.0084,0,Transformer_BASE_India_7,Transformer_BASE,7
TRD_Transformer_BASE_37_India_India_0005,India,HDFCBANK.NS,2024-05-06,2024-01-31,2024-05-07,63,max_horizon,689.19,728.66,42,28.95,30.6,1598.37,0.0552,1,Transformer_BASE_India_37,Transformer_BASE,37
TRD_Transformer_BASE_7_India_India_0005,India,BAJFINANCE.NS,2024-05-08,2024-02-02,2024-05-09,63,max_horizon,663.92,668.34,46,30.54,30.74,141.72,0.0046,1,Transformer_BASE_India_7,Transformer_BASE,7
TRD_Transformer_BASE_17_India_India_0007,India,TITAN.NS,2024-05-31,2024-04-30,2024-06-03,22,atr_chandelier_stop,3568.42,3278.55,9,32.12,29.51,-2670.44,-0.0831,0,Transformer_BASE_India_17,Transformer_BASE,17
TRD_Transformer_BASE_17_India_India_0008,India,TITAN.NS,2024-07-08,2024-06-03,2024-07-09,25,atr_chandelier_stop,3278.55,3150.15,10,32.79,31.5,-1348.24,-0.0411,0,Transformer_BASE_India_17,Transformer_BASE,17
TRD_Transformer_BASE_17_India_India_0005,India,ASIANPAINT.NS,2024-07-09,2024-04-05,2024-07-10,63,max_horizon,2835.53,2839.52,11,31.19,31.23,-18.59,-0.0006,0,Transformer_BASE_India_17,Transformer_BASE,17
TRD_Transformer_BASE_17_India_India_0006,India,HDFCBANK.NS,2024-07-09,2024-04-05,2024-07-10,63,max_horizon,736.82,791.02,45,33.16,35.6,2370.26,0.0714,1,Transformer_BASE_India_17,Transformer_BASE,17
TRD_Transformer_BASE_37_India_India_0006,India,ICICIBANK.NS,2024-07-09,2024-04-05,2024-07-10,63,max_horizon,1043.94,1222.24,30,31.32,36.67,5281.0,0.1685,1,Transformer_BASE_India_37,Transformer_BASE,37
TRD_Transformer_BASE_7_India_India_0006,India,TCS.NS,2024-07-09,2024-04-05,2024-07-10,63,max_horizon,3660.63,3692.52,8,29.29,29.54,196.29,0.0067,1,Transformer_BASE_India_7,Transformer_BASE,7
TRD_Transformer_BASE_37_India_India_0007,India,ASIANPAINT.NS,2024-07-29,2024-04-26,2024-07-30,63,max_horizon,2783.16,2911.43,11,30.61,32.03,1348.31,0.044,1,Transformer_BASE_India_37,Transformer_BASE,37
TRD_Transformer_BASE_37_India_India_0008,India,HDFCBANK.NS,2024-08-06,2024-05-07,2024-08-07,63,max_horizon,728.66,784.74,44,32.06,34.53,2400.86,0.0748,1,Transformer_BASE_India_37,Transformer_BASE,37
TRD_Transformer_BASE_7_India_India_0007,India,RELIANCE.NS,2024-08-06,2024-05-07,2024-08-07,63,max_horizon,1399.1,1451.5,22,30.78,31.93,1089.93,0.0354,1,Transformer_BASE_India_7,Transformer_BASE,7
TRD_Transformer_BASE_7_India_India_0008,India,HDFCBANK.NS,2024-08-08,2024-05-09,2024-08-09,63,max_horizon,706.16,801.72,44,31.07,35.28,4138.56,0.1331,1,Transformer_BASE_India_7,Transformer_BASE,7
TRD_Transformer_BASE_7_India_India_0010,India,RELIANCE.NS,2024-10-07,2024-08-07,2024-10-08,42,atr_chandelier_stop,1451.5,1361.22,23,33.38,31.31,-2141.05,-0.0641,0,Transformer_BASE_India_7,Transformer_BASE,7
TRD_Transformer_BASE_37_India_India_0010,India,RELIANCE.NS,2024-10-07,2024-07-30,2024-10-08,48,atr_chandelier_stop,1498.95,1361.22,23,34.48,31.31,-3233.56,-0.0937,0,Transformer_BASE_India_37,Transformer_BASE,37
TRD_Transformer_BASE_17_India_India_0009,India,PIDILITIND.NS,2024-10-08,2024-07-09,2024-10-09,63,max_horizon,1506.01,1584.81,22,33.13,34.87,1665.49,0.0502,1,Transformer_BASE_India_17,Transformer_BASE,17
TRD_Transformer_BASE_17_India_India_0010,India,BHARTIARTL.NS,2024-10-09,2024-07-10,2024-10-10,63,max_horizon,1403.47,1651.83,24,33.68,39.64,5887.26,0.1746,1,Transformer_BASE_India_17,Transformer_BASE,17
TRD_Transformer_BASE_7_India_India_0009,India,SUNPHARMA.NS,2024-10-09,2024-07-10,2024-10-10,63,max_horizon,1558.84,1894.44,21,32.74,39.78,6975.23,0.2129,1,Transformer_BASE_India_7,Transformer_BASE,7
TRD_Transformer_BASE_17_India_India_0011,India,SUNPHARMA.NS,2024-10-09,2024-07-10,2024-10-10,63,max_horizon,1558.84,1894.44,21,32.74,39.78,6975.23,0.2129,1,Transformer_BASE_India_17,Transformer_BASE,17
TRD_Transformer_BASE_37_India_India_0009,India,SUNPHARMA.NS,2024-10-09,2024-07-10,2024-10-10,63,max_horizon,1558.84,1894.44,21,32.74,39.78,6975.23,0.2129,1,Transformer_BASE_India_37,Transformer_BASE,37
TRD_Transformer_BASE_37_India_India_0011,India,HDFCBANK.NS,2024-11-05,2024-08-07,2024-11-06,63,max_horizon,784.74,859.72,43,33.74,36.97,3153.41,0.0934,1,Transformer_BASE_India_37,Transformer_BASE,37
TRD_Transformer_BASE_7_India_India_0011,India,HDFCBANK.NS,2024-11-07,2024-08-09,2024-11-08,63,max_horizon,801.72,850.25,42,33.67,35.71,1968.9,0.0584,1,Transformer_BASE_India_7,Transformer_BASE,7
TRD_Transformer_BASE_17_India_India_0012,India,RELIANCE.NS,2024-11-13,2024-10-09,2024-11-14,26,atr_chandelier_stop,1385.56,1242.87,27,37.41,33.56,-3923.67,-0.1048,0,Transformer_BASE_India_17,Transformer_BASE,17
TRD_Transformer_BASE_7_India_India_0013,India,SUNPHARMA.NS,2024-11-28,2024-10-10,2024-11-29,34,atr_chandelier_stop,1894.44,1711.15,18,34.1,30.8,-3364.27,-0.0986,0,Transformer_BASE_India_7,Transformer_BASE,7
TRD_Transformer_BASE_17_India_India_0013,India,SUNPHARMA.NS,2024-11-28,2024-10-10,2024-11-29,34,atr_chandelier_stop,1894.44,1711.15,20,37.89,34.22,-3738.08,-0.0986,0,Transformer_BASE_India_17,Transformer_BASE,17
TRD_Transformer_BASE_37_India_India_0012,India,HCLTECH.NS,2024-12-31,2024-10-08,2024-12-31,57,calendar_end,1637.3,1781.24,21,34.38,37.41,2951.03,0.0857,1,Transformer_BASE_India_37,Transformer_BASE,37
TRD_Transformer_BASE_37_India_India_0014,India,HDFCBANK.NS,2024-12-31,2024-11-06,2024-12-31,36,calendar_end,859.72,860.37,40,34.39,34.41,-42.6,-0.0012,0,Transformer_BASE_India_37,Transformer_BASE,37
TRD_Transformer_BASE_37_India_India_0013,India,INFY.NS,2024-12-31,2024-10-10,2024-12-31,55,calendar_end,1840.39,1787.29,19,34.97,33.96,-1077.89,-0.0308,0,Transformer_BASE_India_37,Transformer_BASE,37
TRD_Transformer_BASE_7_India_India_0012,India,LT.NS,2024-12-31,2024-10-08,2024-12-31,57,calendar_end,3427.2,3539.74,10,34.27,35.4,1055.74,0.0308,1,Transformer_BASE_India_7,Transformer_BASE,7
TRD_Transformer_BASE_7_India_India_0014,India,RELIANCE.NS,2024-12-31,2024-11-08,2024-12-31,34,calendar_end,1286.54,1205.04,27,34.74,32.54,-2267.67,-0.0652,0,Transformer_BASE_India_7,Transformer_BASE,7
TRD_Transformer_BASE_17_India_India_0015,India,RELIANCE.NS,2024-12-31,2024-11-14,2024-12-31,30,calendar_end,1242.87,1205.04,28,34.8,33.74,-1127.6,-0.0324,0,Transformer_BASE_India_17,Transformer_BASE,17
TRD_Transformer_BASE_7_India_India_0015,India,SUNPHARMA.NS,2024-12-31,2024-11-29,2024-12-31,21,calendar_end,1711.15,1851.98,20,34.22,37.04,2745.46,0.0801,1,Transformer_BASE_India_7,Transformer_BASE,7
TRD_Transformer_BASE_17_India_India_0016,India,SUNPHARMA.NS,2024-12-31,2024-11-29,2024-12-31,21,calendar_end,1711.15,1851.98,20,34.22,37.04,2745.46,0.0801,1,Transformer_BASE_India_17,Transformer_BASE,17
TRD_Transformer_BASE_17_India_India_0014,India,TCS.NS,2024-12-31,2024-10-10,2024-12-31,55,calendar_end,3951.53,3813.6,9,35.56,34.32,-1311.24,-0.0368,0,Transformer_BASE_India_17,Transformer_BASE,17
TRD_Transformer_BASE_7_UK_UK_0002,UK,OCDO.L,2024-01-15,2024-01-03,2024-01-16,9,atr_chandelier_stop,731.2,650.6,43,31.44,27.98,-3525.22,-0.112,0,Transformer_BASE_UK_7,Transformer_BASE,7
TRD_Transformer_BASE_17_UK_UK_0001,UK,OCDO.L,2024-01-15,2024-01-03,2024-01-16,9,atr_chandelier_stop,731.2,650.6,43,31.44,27.98,-3525.22,-0.112,0,Transformer_BASE_UK_17,Transformer_BASE,17
TRD_Transformer_BASE_37_UK_UK_0001,UK,OCDO.L,2024-01-15,2024-01-03,2024-01-16,9,atr_chandelier_stop,731.2,650.6,43,31.44,27.98,-3525.22,-0.112,0,Transformer_BASE_UK_37,Transformer_BASE,37
TRD_Transformer_BASE_17_UK_UK_0004,UK,OCDO.L,2024-01-30,2024-01-16,2024-01-31,11,atr_chandelier_stop,650.6,550.0,46,29.93,25.3,-4682.83,-0.1563,0,Transformer_BASE_UK_17,Transformer_BASE,17
TRD_Transformer_BASE_37_UK_UK_0004,UK,OCDO.L,2024-01-30,2024-01-16,2024-01-31,11,atr_chandelier_stop,650.6,550.0,46,29.93,25.3,-4682.83,-0.1563,0,Transformer_BASE_UK_37,Transformer_BASE,37
TRD_Transformer_BASE_7_UK_UK_0003,UK,AZN.L,2024-02-09,2024-01-03,2024-02-12,28,atr_chandelier_stop,10679.62,9694.21,2,21.36,19.39,-2011.57,-0.0941,0,Transformer_BASE_UK_7,Transformer_BASE,7
TRD_Transformer_BASE_7_UK_UK_0005,UK,OCDO.L,2024-03-04,2024-02-12,2024-03-05,16,atr_chandelier_stop,518.6,440.7,59,30.6,26.0,-4652.7,-0.1519,0,Transformer_BASE_UK_7,Transformer_BASE,7
TRD_Transformer_BASE_37_UK_UK_0005,UK,OCDO.L,2024-03-04,2024-02-02,2024-03-05,22,atr_chandelier_stop,522.0,440.7,55,28.71,24.24,-4524.45,-0.1574,0,Transformer_BASE_UK_37,Transformer_BASE,37
TRD_Transformer_BASE_37_UK_UK_0002,UK,PRU.L,2024-03-05,2024-01-03,2024-03-06,45,atr_chandelier_stop,852.92,755.97,37,31.56,27.97,-3646.5,-0.1154,0,Transformer_BASE_UK_37,Transformer_BASE,37
TRD_Transformer_BASE_37_UK_UK_0003,UK,BA.L,2024-04-02,2024-01-03,2024-04-03,63,max_horizon,1116.41,1327.79,28,31.26,37.18,5850.41,0.187,1,Transformer_BASE_UK_37,Transformer_BASE,37
TRD_Transformer_BASE_7_UK_UK_0001,UK,CPG.L,2024-04-02,2024-01-03,2024-04-03,63,max_horizon,25.79,27.22,1227,31.64,33.4,1687.07,0.0533,1,Transformer_BASE_UK_7,Transformer_BASE,7
TRD_Transformer_BASE_17_UK_UK_0002,UK,CPG.L,2024-04-02,2024-01-03,2024-04-03,63,max_horizon,25.79,27.22,1227,31.64,33.4,1687.07,0.0533,1,Transformer_BASE_UK_17,Transformer_BASE,17
TRD_Transformer_BASE_17_UK_UK_0003,UK,SGE.L,2024-04-02,2024-01-03,2024-04-03,63,max_horizon,1160.84,1245.43,27,31.34,33.63,2218.93,0.0707,1,Transformer_BASE_UK_17,Transformer_BASE,17
TRD_Transformer_BASE_7_UK_UK_0007,UK,OCDO.L,2024-04-12,2024-04-03,2024-04-15,8,atr_chandelier_stop,434.2,356.0,68,29.53,24.21,-5371.33,-0.1817,0,Transformer_BASE_UK_7,Transformer_BASE,7
TRD_Transformer_BASE_17_UK_UK_0006,UK,OCDO.L,2024-04-12,2024-04-03,2024-04-15,8,atr_chandelier_stop,434.2,356.0,70,30.39,24.92,-5529.31,-0.1817,0,Transformer_BASE_UK_17,Transformer_BASE,17
TRD_Transformer_BASE_37_UK_UK_0007,UK,OCDO.L,2024-04-12,2024-04-03,2024-04-15,8,atr_chandelier_stop,434.2,356.0,67,29.09,23.85,-5292.34,-0.1817,0,Transformer_BASE_UK_37,Transformer_BASE,37
TRD_Transformer_BASE_7_UK_UK_0004,UK,DGE.L,2024-04-15,2024-01-16,2024-04-16,63,max_horizon,2781.65,2747.97,10,27.82,27.48,-392.08,-0.0141,0,Transformer_BASE_UK_7,Transformer_BASE,7
TRD_Transformer_BASE_37_UK_UK_0006,UK,JD.L,2024-04-16,2024-03-06,2024-04-17,28,atr_chandelier_stop,117.92,117.62,236,27.83,27.76,-126.36,-0.0045,0,Transformer_BASE_UK_37,Transformer_BASE,37
TRD_Transformer_BASE_37_UK_UK_0008,UK,SPX.L,2024-05-02,2024-04-03,2024-05-03,22,atr_chandelier_stop,9768.87,8800.58,3,29.31,26.4,-2960.59,-0.1009,0,Transformer_BASE_UK_37,Transformer_BASE,37
TRD_Transformer_BASE_17_UK_UK_0005,UK,DGE.L,2024-05-28,2024-03-21,2024-05-29,45,atr_chandelier_stop,2847.9,2610.57,10,28.48,26.11,-2427.84,-0.0852,0,Transformer_BASE_UK_17,Transformer_BASE,17
TRD_Transformer_BASE_7_UK_UK_0006,UK,LSEG.L,2024-06-05,2024-03-05,2024-06-06,63,max_horizon,9042.1,9386.76,3,27.13,28.16,978.72,0.036,1,Transformer_BASE_UK_7,Transformer_BASE,7
TRD_Transformer_BASE_37_UK_UK_0010,UK,DGE.L,2024-06-18,2024-04-17,2024-06-19,43,atr_chandelier_stop,2724.99,2517.14,9,24.52,22.65,-1917.8,-0.0781,0,Transformer_BASE_UK_37,Transformer_BASE,37
TRD_Transformer_BASE_7_UK_UK_0009,UK,OCDO.L,2024-06-18,2024-04-16,2024-06-19,44,atr_chandelier_stop,356.5,350.0,76,27.09,26.6,-547.69,-0.0202,0,Transformer_BASE_UK_7,Transformer_BASE,7
TRD_Transformer_BASE_17_UK_UK_0008,UK,OCDO.L,2024-06-18,2024-04-15,2024-06-19,45,atr_chandelier_stop,356.0,350.0,79,28.12,27.65,-529.77,-0.0188,0,Transformer_BASE_UK_17,Transformer_BASE,17
TRD_Transformer_BASE_37_UK_UK_0009,UK,OCDO.L,2024-06-18,2024-04-15,2024-06-19,45,atr_chandelier_stop,356.0,350.0,74,26.34,25.9,-496.24,-0.0188,0,Transformer_BASE_UK_37,Transformer_BASE,37
TRD_Transformer_BASE_37_UK_UK_0011,UK,JD.L,2024-06-28,2024-05-03,2024-07-01,39,atr_chandelier_stop,114.77,121.37,222,25.48,26.94,1413.64,0.0554,1,Transformer_BASE_UK_37,Transformer_BASE,37
TRD_Transformer_BASE_17_UK_UK_0007,UK,AUTO.L,2024-07-02,2024-04-03,2024-07-03,63,max_horizon,691.51,811.06,44,30.43,35.69,5194.1,0.1705,1,Transformer_BASE_UK_17,Transformer_BASE,17
TRD_Transformer_BASE_7_UK_UK_0008,UK,RMV.L,2024-07-12,2024-04-15,2024-07-15,63,max_horizon,522.56,578.2,52,27.17,30.07,2835.99,0.1043,1,Transformer_BASE_UK_7,Transformer_BASE,7
TRD_Transformer_BASE_7_UK_UK_0010,UK,DGE.L,2024-07-30,2024-06-06,2024-07-31,39,atr_chandelier_stop,2669.03,2450.19,10,26.69,24.5,-2239.58,-0.0838,0,Transformer_BASE_UK_7,Transformer_BASE,7
TRD_Transformer_BASE_17_UK_UK_0009,UK,DGE.L,2024-07-30,2024-05-29,2024-07-31,45,atr_chandelier_stop,2610.57,2450.19,11,28.72,26.95,-1819.86,-0.0633,0,Transformer_BASE_UK_17,Transformer_BASE,17
TRD_Transformer_BASE_37_UK_UK_0012,UK,PRU.L,2024-08-01,2024-06-19,2024-08-02,32,atr_chandelier_stop,702.11,654.73,36,25.28,23.57,-1754.53,-0.0693,0,Transformer_BASE_UK_37,Transformer_BASE,37
TRD_Transformer_BASE_7_UK_UK_0011,UK,SPX.L,2024-08-08,2024-06-19,2024-08-09,37,atr_chandelier_stop,8625.66,7821.07,3,25.88,23.46,-2463.12,-0.0951,0,Transformer_BASE_UK_7,Transformer_BASE,7
TRD_Transformer_BASE_7_UK_UK_0012,UK,OCDO.L,2024-08-29,2024-07-15,2024-08-30,33,atr_chandelier_stop,367.3,337.9,76,27.91,25.68,-2287.99,-0.0819,0,Transformer_BASE_UK_7,Transformer_BASE,7
TRD_Transformer_BASE_17_UK_UK_0011,UK,OCDO.L,2024-08-29,2024-07-03,2024-08-30,41,atr_chandelier_stop,298.4,337.9,95,28.35,32.1,3692.05,0.1301,1,Transformer_BASE_UK_17,Transformer_BASE,17
TRD_Transformer_BASE_17_UK_UK_0012,UK,PRU.L,2024-09-06,2024-07-31,2024-09-09,27,atr_chandelier_stop,689.71,622.59,45,31.04,28.02,-3079.49,-0.0991,0,Transformer_BASE_UK_17,Transformer_BASE,17
TRD_Transformer_BASE_37_UK_UK_0015,UK,PRU.L,2024-09-10,2024-08-02,2024-09-11,27,atr_chandelier_stop,654.73,611.4,37,24.22,22.62,-1650.12,-0.068,0,Transformer_BASE_UK_37,Transformer_BASE,37
TRD_Transformer_BASE_37_UK_UK_0013,UK,DGE.L,2024-09-16,2024-06-19,2024-09-17,63,max_horizon,2517.14,2487.13,10,25.17,24.87,-350.16,-0.0139,0,Transformer_BASE_UK_37,Transformer_BASE,37
TRD_Transformer_BASE_17_UK_UK_0010,UK,LSEG.L,2024-09-23,2024-06-26,2024-09-24,63,max_horizon,9652.67,10356.85,2,19.31,20.71,1368.35,0.0708,1,Transformer_BASE_UK_17,Transformer_BASE,17
TRD_Transformer_BASE_37_UK_UK_0014,UK,LSEG.L,2024-09-26,2024-07-01,2024-09-27,63,max_horizon,9448.74,10231.89,2,18.9,20.46,1526.94,0.0807,1,Transformer_BASE_UK_37,Transformer_BASE,37
TRD_Transformer_BASE_37_UK_UK_0018,UK,CRDA.L,2024-10-15,2024-09-27,2024-10-16,13,atr_chandelier_stop,4216.73,3828.03,6,25.3,22.97,-2380.46,-0.094,0,Transformer_BASE_UK_37,Transformer_BASE,37
TRD_Transformer_BASE_7_UK_UK_0015,UK,OCDO.L,2024-10-21,2024-08-30,2024-10-22,37,atr_chandelier_stop,337.9,356.0,78,26.36,27.77,1357.68,0.0515,1,Transformer_BASE_UK_7,Transformer_BASE,7
TRD_Transformer_BASE_17_UK_UK_0013,UK,OCDO.L,2024-10-21,2024-08-30,2024-10-22,37,atr_chandelier_stop,337.9,356.0,87,29.4,30.97,1514.33,0.0515,1,Transformer_BASE_UK_17,Transformer_BASE,17
TRD_Transformer_BASE_37_UK_UK_0017,UK,OCDO.L,2024-10-21,2024-09-17,2024-10-22,25,atr_chandelier_stop,339.4,356.0,73,24.78,25.99,1161.04,0.0468,1,Transformer_BASE_UK_37,Transformer_BASE,37
TRD_Transformer_BASE_17_UK_UK_0014,UK,PRU.L,2024-10-25,2024-09-09,2024-10-28,35,atr_chandelier_stop,622.59,649.38,46,28.64,29.87,1173.88,0.0409,1,Transformer_BASE_UK_17,Transformer_BASE,17
TRD_Transformer_BASE_37_UK_UK_0016,UK,PRU.L,2024-10-25,2024-09-11,2024-10-28,33,atr_chandelier_stop,611.4,649.38,39,23.84,25.33,1432.33,0.06,1,Transformer_BASE_UK_37,Transformer_BASE,37
TRD_Transformer_BASE_7_UK_UK_0013,UK,LSEG.L,2024-10-28,2024-07-31,2024-10-29,63,max_horizon,9512.72,10741.74,2,19.03,21.48,2417.52,0.1269,1,Transformer_BASE_UK_7,Transformer_BASE,7
TRD_Transformer_BASE_7_UK_UK_0014,UK,DGE.L,2024-11-04,2024-08-09,2024-11-05,61,atr_chandelier_stop,2413.72,2373.19,11,26.55,26.11,-498.43,-0.0188,0,Transformer_BASE_UK_7,Transformer_BASE,7
TRD_Transformer_BASE_17_UK_UK_0016,UK,OCDO.L,2024-11-18,2024-10-22,2024-11-19,20,atr_chandelier_stop,356.0,313.8,85,30.26,26.67,-3643.93,-0.1203,0,Transformer_BASE_UK_17,Transformer_BASE,17
TRD_Transformer_BASE_7_UK_UK_0017,UK,CRDA.L,2024-12-02,2024-10-29,2024-12-03,25,atr_chandelier_stop,3701.13,3412.35,7,25.91,23.89,-2071.22,-0.0799,0,Transformer_BASE_UK_7,Transformer_BASE,7
TRD_Transformer_BASE_37_UK_UK_0020,UK,CRDA.L,2024-12-02,2024-10-22,2024-12-03,30,atr_chandelier_stop,3741.1,3412.35,6,22.45,20.47,-2015.39,-0.0897,0,Transformer_BASE_UK_37,Transformer_BASE,37
TRD_Transformer_BASE_17_UK_UK_0015,UK,LSEG.L,2024-12-19,2024-09-24,2024-12-20,63,max_horizon,10356.85,11406.53,2,20.71,22.81,2055.83,0.0992,1,Transformer_BASE_UK_17,Transformer_BASE,17
TRD_Transformer_BASE_7_UK_UK_0016,UK,SPX.L,2024-12-23,2024-10-22,2024-12-24,45,atr_chandelier_stop,6662.12,6787.07,4,26.65,27.15,445.99,0.0167,1,Transformer_BASE_UK_7,Transformer_BASE,7
TRD_Transformer_BASE_37_UK_UK_0022,UK,CRDA.L,2024-12-31,2024-12-03,2024-12-31,18,calendar_end,3412.35,3382.37,7,23.89,23.68,-257.4,-0.0108,0,Transformer_BASE_UK_37,Transformer_BASE,37
TRD_Transformer_BASE_17_UK_UK_0017,UK,PRU.L,2024-12-31,2024-10-28,2024-12-31,44,calendar_end,649.38,636.79,46,29.87,29.29,-638.57,-0.0214,0,Transformer_BASE_UK_17,Transformer_BASE,17
TRD_Transformer_BASE_37_UK_UK_0021,UK,PRU.L,2024-12-31,2024-10-28,2024-12-31,44,calendar_end,649.38,636.79,38,24.68,24.2,-527.51,-0.0214,0,Transformer_BASE_UK_37,Transformer_BASE,37
TRD_Transformer_BASE_7_UK_UK_0018,UK,REL.L,2024-12-31,2024-11-05,2024-12-31,38,calendar_end,3607.47,3627.46,7,25.25,25.39,89.29,0.0035,1,Transformer_BASE_UK_7,Transformer_BASE,7
TRD_Transformer_BASE_7_UK_UK_0019,UK,RMV.L,2024-12-31,2024-12-03,2024-12-31,18,calendar_end,649.82,641.62,42,27.29,26.95,-398.54,-0.0146,0,Transformer_BASE_UK_7,Transformer_BASE,7
TRD_Transformer_BASE_17_UK_UK_0018,UK,RTO.L,2024-12-31,2024-11-19,2024-12-31,28,calendar_end,406.51,400.61,71,28.86,28.44,-476.01,-0.0165,0,Transformer_BASE_UK_17,Transformer_BASE,17
TRD_Transformer_BASE_37_UK_UK_0019,UK,RTO.L,2024-12-31,2024-10-16,2024-12-31,52,calendar_end,347.04,400.61,72,24.99,28.84,3803.58,0.1521,1,Transformer_BASE_UK_37,Transformer_BASE,37
TRD_Transformer_BASE_17_UK_UK_0019,UK,SGE.L,2024-12-31,2024-12-20,2024-12-31,5,calendar_end,1299.99,1272.5,22,28.6,28.0,-661.36,-0.0231,0,Transformer_BASE_UK_17,Transformer_BASE,17
TRD_Transformer_BASE_7_US_US_0003,US,INTU,2024-04-03,2024-01-03,2024-04-04,63,max_horizon,584.62,620.99,54,31.57,33.53,1898.86,0.0601,1,Transformer_BASE_US_7,Transformer_BASE,7
TRD_Transformer_BASE_17_US_US_0001,US,ISRG,2024-04-03,2024-01-03,2024-04-04,63,max_horizon,328.1,387.76,96,31.5,37.22,5658.64,0.1795,1,Transformer_BASE_US_17,Transformer_BASE,17
TRD_Transformer_BASE_17_US_US_0003,US,LMT,2024-04-03,2024-01-03,2024-04-04,63,max_horizon,429.2,424.31,73,31.33,30.97,-419.22,-0.0134,0,Transformer_BASE_US_17,Transformer_BASE,17
TRD_Transformer_BASE_37_US_US_0001,US,META,2024-04-03,2024-01-03,2024-04-04,63,max_horizon,341.98,512.47,92,31.46,47.15,15606.53,0.4956,1,Transformer_BASE_US_37,Transformer_BASE,37
TRD_Transformer_BASE_37_US_US_0003,US,NOC,2024-04-03,2024-01-03,2024-04-04,63,max_horizon,455.16,441.19,69,31.41,30.44,-1025.56,-0.0326,0,Transformer_BASE_US_37,Transformer_BASE,37
TRD_Transformer_BASE_7_US_US_0002,US,ORCL,2024-04-03,2024-01-03,2024-04-04,63,max_horizon,100.08,124.1,316,31.63,39.22,7520.09,0.2375,1,Transformer_BASE_US_7,Transformer_BASE,7
TRD_Transformer_BASE_7_US_US_0001,US,REGN,2024-04-03,2024-01-03,2024-04-04,63,max_horizon,898.32,953.2,35,31.44,33.36,1856.07,0.059,1,Transformer_BASE_US_7,Transformer_BASE,7
TRD_Transformer_BASE_17_US_US_0002,US,REGN,2024-04-03,2024-01-03,2024-04-04,63,max_horizon,898.32,953.2,35,31.44,33.36,1856.07,0.059,1,Transformer_BASE_US_17,Transformer_BASE,17
TRD_Transformer_BASE_37_US_US_0002,US,V,2024-04-03,2024-01-03,2024-04-04,63,max_horizon,253.26,273.17,125,31.66,34.15,2423.32,0.0765,1,Transformer_BASE_US_37,Transformer_BASE,37
TRD_Transformer_BASE_37_US_US_0006,US,CRM,2024-04-15,2024-04-04,2024-04-16,8,atr_chandelier_stop,303.41,270.46,121,36.71,32.73,-4056.83,-0.1104,0,Transformer_BASE_US_37,Transformer_BASE,37
TRD_Transformer_BASE_37_US_US_0007,US,NVDA,2024-04-19,2024-04-16,2024-04-22,4,atr_chandelier_stop,86.28,77.97,400,34.51,31.19,-3391.55,-0.0982,0,Transformer_BASE_US_37,Transformer_BASE,37
TRD_Transformer_BASE_17_US_US_0005,US,META,2024-04-25,2024-04-04,2024-04-26,16,atr_chandelier_stop,512.47,438.08,65,33.31,28.48,-4896.9,-0.1469,0,Transformer_BASE_US_17,Transformer_BASE,17
TRD_Transformer_BASE_37_US_US_0004,US,META,2024-04-25,2024-04-04,2024-04-26,16,atr_chandelier_stop,512.47,438.08,71,36.39,31.1,-5348.92,-0.1469,0,Transformer_BASE_US_37,Transformer_BASE,37
TRD_Transformer_BASE_7_US_US_0004,US,AAPL,2024-07-03,2024-04-04,2024-07-05,63,max_horizon,168.45,219.56,206,34.7,45.23,10447.39,0.3008,1,Transformer_BASE_US_7,Transformer_BASE,7
TRD_Transformer_BASE_7_US_US_0006,US,AMGN,2024-07-03,2024-04-04,2024-07-05,63,max_horizon,256.29,290.82,135,34.6,39.26,4587.31,0.1325,1,Transformer_BASE_US_7,Transformer_BASE,7
TRD_Transformer_BASE_17_US_US_0006,US,LMT,2024-07-03,2024-04-04,2024-07-05,63,max_horizon,424.31,441.13,79,33.52,34.85,1260.88,0.0376,1,Transformer_BASE_US_17,Transformer_BASE,17
TRD_Transformer_BASE_37_US_US_0005,US,REGN,2024-07-03,2024-04-04,2024-07-05,63,max_horizon,953.2,1017.86,38,36.22,38.68,2382.17,0.0657,1,Transformer_BASE_US_37,Transformer_BASE,37
TRD_Transformer_BASE_7_US_US_0005,US,V,2024-07-03,2024-04-04,2024-07-05,63,max_horizon,273.17,264.47,127,34.69,33.59,-1172.79,-0.0338,0,Transformer_BASE_US_7,Transformer_BASE,7
TRD_Transformer_BASE_17_US_US_0004,US,V,2024-07-03,2024-04-04,2024-07-05,63,max_horizon,273.17,264.47,123,33.6,32.53,-1135.85,-0.0338,0,Transformer_BASE_US_17,Transformer_BASE,17
TRD_Transformer_BASE_37_US_US_0008,US,AMD,2024-07-17,2024-04-22,2024-07-18,60,atr_chandelier_stop,148.15,163.41,221,32.74,36.11,3303.61,0.1008,1,Transformer_BASE_US_37,Transformer_BASE,37
TRD_Transformer_BASE_37_US_US_0009,US,META,2024-07-17,2024-04-26,2024-07-18,56,atr_chandelier_stop,438.08,471.83,74,32.42,34.92,2430.26,0.0749,1,Transformer_BASE_US_37,Transformer_BASE,37
TRD_Transformer_BASE_7_US_US_0008,US,NVDA,2024-07-17,2024-07-05,2024-07-18,9,atr_chandelier_stop,127.17,121.65,311,39.55,37.83,-1794.38,-0.0453,0,Transformer_BASE_US_7,Transformer_BASE,7
TRD_Transformer_BASE_17_US_US_0007,US,ISRG,2024-07-26,2024-04-26,2024-07-29,63,max_horizon,368.1,446.6,88,32.39,39.3,6836.31,0.2108,1,Transformer_BASE_US_17,Transformer_BASE,17
TRD_Transformer_BASE_7_US_US_0010,US,ORCL,2024-08-05,2024-07-18,2024-08-06,13,atr_chandelier_stop,136.36,127.73,286,39.0,36.53,-2543.8,-0.0652,0,Transformer_BASE_US_7,Transformer_BASE,7
TRD_Transformer_BASE_7_US_US_0007,US,LMT,2024-10-02,2024-07-05,2024-10-03,63,max_horizon,441.13,576.64,89,39.26,51.32,11969.38,0.3046,1,Transformer_BASE_US_7,Transformer_BASE,7
TRD_Transformer_BASE_17_US_US_0009,US,LMT,2024-10-02,2024-07-05,2024-10-03,63,max_horizon,441.13,576.64,77,33.97,44.4,10355.53,0.3046,1,Transformer_BASE_US_17,Transformer_BASE,17
TRD_Transformer_BASE_37_US_US_0010,US,LMT,2024-10-02,2024-07-05,2024-10-03,63,max_horizon,441.13,576.64,82,36.17,47.28,11027.97,0.3046,1,Transformer_BASE_US_37,Transformer_BASE,37
TRD_Transformer_BASE_7_US_US_0009,US,V,2024-10-02,2024-07-05,2024-10-03,63,max_horizon,264.47,272.56,149,39.41,40.61,1124.85,0.0285,1,Transformer_BASE_US_7,Transformer_BASE,7
TRD_Transformer_BASE_17_US_US_0008,US,V,2024-10-02,2024-07-05,2024-10-03,63,max_horizon,264.47,272.56,129,34.12,35.16,973.86,0.0285,1,Transformer_BASE_US_17,Transformer_BASE,17
TRD_Transformer_BASE_37_US_US_0012,US,ISRG,2024-10-15,2024-07-18,2024-10-16,63,max_horizon,425.0,478.11,82,34.85,39.21,4280.96,0.1227,1,Transformer_BASE_US_37,Transformer_BASE,37
TRD_Transformer_BASE_37_US_US_0011,US,NOC,2024-10-15,2024-07-18,2024-10-16,63,max_horizon,423.25,510.06,83,35.13,42.34,7127.45,0.2027,1,Transformer_BASE_US_37,Transformer_BASE,37
TRD_Transformer_BASE_17_US_US_0010,US,ORCL,2024-10-24,2024-07-29,2024-10-25,63,max_horizon,136.27,171.41,259,35.3,44.39,9019.19,0.2553,1,Transformer_BASE_US_17,Transformer_BASE,17
TRD_Transformer_BASE_37_US_US_0014,US,REGN,2024-10-31,2024-10-16,2024-11-01,12,atr_chandelier_stop,1002.11,836.71,43,43.09,35.98,-7191.24,-0.1667,0,Transformer_BASE_US_37,Transformer_BASE,37
TRD_Transformer_BASE_7_US_US_0011,US,ORCL,2024-11-01,2024-08-06,2024-11-04,63,max_horizon,127.73,167.02,309,39.47,51.61,12049.33,0.305,1,Transformer_BASE_US_7,Transformer_BASE,7
TRD_Transformer_BASE_17_US_US_0012,US,INTU,2024-11-25,2024-10-03,2024-11-26,38,atr_chandelier_stop,590.82,623.0,68,40.18,42.36,2105.65,0.0524,1,Transformer_BASE_US_17,Transformer_BASE,17
TRD_Transformer_BASE_17_US_US_0011,US,NOC,2024-11-25,2024-10-03,2024-11-26,38,atr_chandelier_stop,524.41,472.64,77,40.38,36.39,-4062.73,-0.1005,0,Transformer_BASE_US_17,Transformer_BASE,17
TRD_Transformer_BASE_7_US_US_0014,US,LMT,2024-12-09,2024-11-04,2024-12-10,25,atr_chandelier_stop,520.6,488.79,89,46.33,43.5,-2921.15,-0.063,0,Transformer_BASE_US_7,Transformer_BASE,7
TRD_Transformer_BASE_7_US_US_0012,US,ADBE,2024-12-12,2024-10-03,2024-12-13,50,atr_chandelier_stop,501.02,473.98,91,45.59,43.13,-2549.36,-0.0559,0,Transformer_BASE_US_7,Transformer_BASE,7
TRD_Transformer_BASE_17_US_US_0013,US,ADBE,2024-12-12,2024-10-25,2024-12-13,34,atr_chandelier_stop,483.42,473.98,84,40.61,39.81,-873.38,-0.0215,0,Transformer_BASE_US_17,Transformer_BASE,17
TRD_Transformer_BASE_37_US_US_0013,US,NVDA,2024-12-16,2024-10-03,2024-12-17,52,atr_chandelier_stop,120.73,128.9,358,43.22,46.15,2834.1,0.0655,1,Transformer_BASE_US_37,Transformer_BASE,37
TRD_Transformer_BASE_17_US_US_0015,US,NVDA,2024-12-17,2024-11-26,2024-12-18,15,atr_chandelier_stop,137.49,133.66,300,41.25,40.1,-1228.79,-0.0298,0,Transformer_BASE_US_17,Transformer_BASE,17
TRD_Transformer_BASE_7_US_US_0015,US,REGN,2024-12-20,2024-12-10,2024-12-23,9,atr_chandelier_stop,776.77,701.76,62,48.16,43.51,-4742.41,-0.0984,0,Transformer_BASE_US_7,Transformer_BASE,7
TRD_Transformer_BASE_37_US_US_0015,US,AMZN,2024-12-31,2024-10-16,2024-12-31,52,calendar_end,187.05,219.39,234,43.77,51.34,7472.45,0.1706,1,Transformer_BASE_US_37,Transformer_BASE,37
TRD_Transformer_BASE_7_US_US_0016,US,LMT,2024-12-31,2024-12-13,2024-12-31,11,calendar_end,475.74,466.5,95,45.2,44.32,-967.76,-0.0214,0,Transformer_BASE_US_7,Transformer_BASE,7
TRD_Transformer_BASE_17_US_US_0017,US,LMT,2024-12-31,2024-12-18,2024-12-31,8,calendar_end,469.91,466.5,83,39.0,38.72,-361.38,-0.0093,0,Transformer_BASE_US_17,Transformer_BASE,17
TRD_Transformer_BASE_17_US_US_0014,US,NOC,2024-12-31,2024-11-26,2024-12-31,23,calendar_end,472.64,457.79,87,41.12,39.83,-1372.9,-0.0334,0,Transformer_BASE_US_17,Transformer_BASE,17
TRD_Transformer_BASE_7_US_US_0017,US,REGN,2024-12-31,2024-12-23,2024-12-31,5,calendar_end,701.76,705.67,63,44.21,44.46,157.85,0.0036,1,Transformer_BASE_US_7,Transformer_BASE,7
TRD_Transformer_BASE_7_US_US_0013,US,V,2024-12-31,2024-10-03,2024-12-31,61,calendar_end,272.56,311.94,168,45.79,52.41,6517.18,0.1422,1,Transformer_BASE_US_7,Transformer_BASE,7
TRD_Transformer_BASE_17_US_US_0016,US,V,2024-12-31,2024-12-13,2024-12-31,11,calendar_end,311.73,311.94,128,39.9,39.93,-53.29,-0.0013,0,Transformer_BASE_US_17,Transformer_BASE,17
TRD_Transformer_BASE_37_US_US_0016,US,V,2024-12-31,2024-12-17,2024-12-31,9,calendar_end,311.72,311.94,144,44.89,44.92,-58.54,-0.0013,0,Transformer_BASE_US_37,Transformer_BASE,37
TRD_Transformer_GATE_7_Brazil_Brazil_0001,Brazil,VALE3.SA,2024-01-18,2024-01-03,2024-01-19,12,atr_chandelier_stop,60.34,54.67,524,31.62,28.65,-3032.18,-0.0958,0,Transformer_GATE_Brazil_7,Transformer_GATE,7
TRD_Transformer_GATE_17_Brazil_Brazil_0001,Brazil,VALE3.SA,2024-01-18,2024-01-03,2024-01-19,12,atr_chandelier_stop,60.34,54.67,524,31.62,28.65,-3032.18,-0.0958,0,Transformer_GATE_Brazil_17,Transformer_GATE,17
TRD_Transformer_GATE_37_Brazil_Brazil_0002,Brazil,FLRY3.SA,2024-02-14,2024-01-03,2024-02-15,29,atr_chandelier_stop,14.7,13.1,2154,31.66,28.22,-3498.37,-0.1104,0,Transformer_GATE_Brazil_37,Transformer_GATE,37
TRD_Transformer_GATE_7_Brazil_Brazil_0004,Brazil,VALE3.SA,2024-03-15,2024-01-19,2024-03-18,39,atr_chandelier_stop,54.67,49.71,545,29.8,27.09,-2759.56,-0.0925,0,Transformer_GATE_Brazil_7,Transformer_GATE,7
TRD_Transformer_GATE_17_Brazil_Brazil_0004,Brazil,VALE3.SA,2024-03-15,2024-01-19,2024-03-18,39,atr_chandelier_stop,54.67,49.71,545,29.8,27.09,-2759.56,-0.0925,0,Transformer_GATE_Brazil_17,Transformer_GATE,17
TRD_Transformer_GATE_7_Brazil_Brazil_0003,Brazil,RAIL3.SA,2024-04-03,2024-01-03,2024-04-04,63,max_horizon,21.11,21.17,1500,31.66,31.76,36.06,0.0011,1,Transformer_GATE_Brazil_7,Transformer_GATE,7
TRD_Transformer_GATE_17_Brazil_Brazil_0003,Brazil,RAIL3.SA,2024-04-03,2024-01-03,2024-04-04,63,max_horizon,21.11,21.17,1500,31.66,31.76,36.06,0.0011,1,Transformer_GATE_Brazil_17,Transformer_GATE,17
TRD_Transformer_GATE_37_Brazil_Brazil_0001,Brazil,RAIL3.SA,2024-04-03,2024-01-03,2024-04-04,63,max_horizon,21.11,21.17,1500,31.66,31.76,36.06,0.0011,1,Transformer_GATE_Brazil_37,Transformer_GATE,37
TRD_Transformer_GATE_7_Brazil_Brazil_0002,Brazil,SUZB3.SA,2024-04-03,2024-01-03,2024-04-04,63,max_horizon,51.94,61.18,609,31.63,37.26,5558.8,0.1756,1,Transformer_GATE_Brazil_7,Transformer_GATE,7
TRD_Transformer_GATE_17_Brazil_Brazil_0002,Brazil,SUZB3.SA,2024-04-03,2024-01-03,2024-04-04,63,max_horizon,51.94,61.18,609,31.63,37.26,5558.8,0.1756,1,Transformer_GATE_Brazil_17,Transformer_GATE,17
TRD_Transformer_GATE_37_Brazil_Brazil_0003,Brazil,SUZB3.SA,2024-04-03,2024-01-03,2024-04-04,63,max_horizon,51.94,61.18,609,31.63,37.26,5558.8,0.1756,1,Transformer_GATE_Brazil_37,Transformer_GATE,37
TRD_Transformer_GATE_37_Brazil_Brazil_0005,Brazil,RAIL3.SA,2024-04-24,2024-04-04,2024-04-25,15,atr_chandelier_stop,21.17,19.51,1604,33.96,31.29,-2739.72,-0.0806,0,Transformer_GATE_Brazil_37,Transformer_GATE,37
TRD_Transformer_GATE_17_Brazil_Brazil_0005,Brazil,EQTL3.SA,2024-04-25,2024-03-18,2024-04-26,28,atr_chandelier_stop,30.97,27.65,991,30.7,27.4,-3351.98,-0.1091,0,Transformer_GATE_Brazil_17,Transformer_GATE,17
TRD_Transformer_GATE_37_Brazil_Brazil_0004,Brazil,KLBN11.SA,2024-05-15,2024-02-15,2024-05-16,63,max_horizon,16.46,18.82,1872,30.82,35.24,4350.69,0.141,1,Transformer_GATE_Brazil_37,Transformer_GATE,37
TRD_Transformer_GATE_7_Brazil_Brazil_0005,Brazil,WEGE3.SA,2024-06-17,2024-03-18,2024-06-18,63,max_horizon,35.48,36.3,865,30.69,31.4,646.73,0.0211,1,Transformer_GATE_Brazil_7,Transformer_GATE,7
TRD_Transformer_GATE_7_Brazil_Brazil_0006,Brazil,FLRY3.SA,2024-07-03,2024-04-04,2024-07-04,63,max_horizon,12.36,12.65,2556,31.6,32.32,661.98,0.0209,1,Transformer_GATE_Brazil_7,Transformer_GATE,7
TRD_Transformer_GATE_17_Brazil_Brazil_0007,Brazil,FLRY3.SA,2024-07-03,2024-04-04,2024-07-04,63,max_horizon,12.36,12.65,2527,31.24,31.96,654.47,0.0209,1,Transformer_GATE_Brazil_17,Transformer_GATE,17
TRD_Transformer_GATE_7_Brazil_Brazil_0007,Brazil,ITUB4.SA,2024-07-03,2024-04-04,2024-07-04,63,max_horizon,24.67,24.76,1280,31.58,31.69,49.43,0.0016,1,Transformer_GATE_Brazil_7,Transformer_GATE,7
TRD_Transformer_GATE_17_Brazil_Brazil_0006,Brazil,WEGE3.SA,2024-07-03,2024-04-04,2024-07-04,63,max_horizon,35.48,39.67,880,31.22,34.91,3619.52,0.1158,1,Transformer_GATE_Brazil_17,Transformer_GATE,17
TRD_Transformer_GATE_37_Brazil_Brazil_0006,Brazil,WEGE3.SA,2024-07-03,2024-04-04,2024-07-04,63,max_horizon,35.48,39.67,957,33.95,37.96,3936.23,0.1158,1,Transformer_GATE_Brazil_37,Transformer_GATE,37
TRD_Transformer_GATE_37_Brazil_Brazil_0007,Brazil,TOTS3.SA,2024-07-24,2024-04-25,2024-07-25,63,max_horizon,26.76,26.38,1221,32.68,32.21,-532.88,-0.0163,0,Transformer_GATE_Brazil_37,Transformer_GATE,37
TRD_Transformer_GATE_17_Brazil_Brazil_0008,Brazil,TOTS3.SA,2024-07-25,2024-04-26,2024-07-26,63,atr_chandelier_stop,26.95,26.43,1135,30.58,30.0,-647.88,-0.0212,0,Transformer_GATE_Brazil_17,Transformer_GATE,17
TRD_Transformer_GATE_37_Brazil_Brazil_0008,Brazil,RAIL3.SA,2024-08-13,2024-05-16,2024-08-14,63,max_horizon,19.7,21.78,1700,33.49,37.02,3456.61,0.1031,1,Transformer_GATE_Brazil_37,Transformer_GATE,37
TRD_Transformer_GATE_7_Brazil_Brazil_0009,Brazil,VALE3.SA,2024-08-14,2024-07-04,2024-08-15,30,atr_chandelier_stop,53.12,47.62,616,32.72,29.33,-3452.8,-0.1054,0,Transformer_GATE_Brazil_7,Transformer_GATE,7
TRD_Transformer_GATE_17_Brazil_Brazil_0010,Brazil,VALE3.SA,2024-08-14,2024-07-04,2024-08-15,30,atr_chandelier_stop,53.12,47.62,608,32.3,28.95,-3407.96,-0.1054,0,Transformer_GATE_Brazil_17,Transformer_GATE,17
TRD_Transformer_GATE_7_Brazil_Brazil_0008,Brazil,WEGE3.SA,2024-09-12,2024-06-18,2024-09-13,63,max_horizon,36.3,50.13,848,30.78,42.51,11654.93,0.3782,1,Transformer_GATE_Brazil_7,Transformer_GATE,7
TRD_Transformer_GATE_17_Brazil_Brazil_0011,Brazil,TOTS3.SA,2024-09-26,2024-07-26,2024-09-27,45,atr_chandelier_stop,26.43,27.09,1207,31.9,32.69,731.83,0.0229,1,Transformer_GATE_Brazil_17,Transformer_GATE,17
TRD_Transformer_GATE_37_Brazil_Brazil_0010,Brazil,TOTS3.SA,2024-09-26,2024-07-25,2024-09-27,46,atr_chandelier_stop,26.38,27.09,1359,35.85,36.81,889.16,0.0248,1,Transformer_GATE_Brazil_37,Transformer_GATE,37
TRD_Transformer_GATE_7_Brazil_Brazil_0010,Brazil,EQTL3.SA,2024-09-30,2024-07-04,2024-10-01,63,max_horizon,30.29,30.54,1080,32.71,32.98,207.74,0.0063,1,Transformer_GATE_Brazil_7,Transformer_GATE,7
TRD_Transformer_GATE_17_Brazil_Brazil_0009,Brazil,WEGE3.SA,2024-09-30,2024-07-04,2024-10-01,63,max_horizon,39.67,51.83,814,32.29,42.19,9830.94,0.3042,1,Transformer_GATE_Brazil_17,Transformer_GATE,17
TRD_Transformer_GATE_37_Brazil_Brazil_0009,Brazil,WEGE3.SA,2024-09-30,2024-07-04,2024-10-01,63,max_horizon,39.67,51.83,879,34.87,45.56,10615.97,0.3042,1,Transformer_GATE_Brazil_37,Transformer_GATE,37
TRD_Transformer_GATE_7_Brazil_Brazil_0012,Brazil,RAIL3.SA,2024-10-14,2024-09-13,2024-10-15,22,atr_chandelier_stop,20.22,18.18,1736,35.11,31.56,-3618.91,-0.103,0,Transformer_GATE_Brazil_7,Transformer_GATE,7
TRD_Transformer_GATE_37_Brazil_Brazil_0011,Brazil,KLBN11.SA,2024-11-08,2024-08-14,2024-11-11,63,max_horizon,18.32,18.29,2089,38.27,38.2,-150.12,-0.0039,0,Transformer_GATE_Brazil_37,Transformer_GATE,37
TRD_Transformer_GATE_7_Brazil_Brazil_0011,Brazil,TOTS3.SA,2024-11-11,2024-09-13,2024-11-12,42,atr_chandelier_stop,28.68,28.83,1224,35.11,35.28,107.04,0.003,1,Transformer_GATE_Brazil_7,Transformer_GATE,7
TRD_Transformer_GATE_17_Brazil_Brazil_0013,Brazil,TOTS3.SA,2024-11-11,2024-10-01,2024-11-12,30,atr_chandelier_stop,28.0,28.83,1197,33.51,34.51,926.8,0.0276,1,Transformer_GATE_Brazil_17,Transformer_GATE,17
TRD_Transformer_GATE_37_Brazil_Brazil_0012,Brazil,TOTS3.SA,2024-11-11,2024-10-01,2024-11-12,30,atr_chandelier_stop,28.0,28.83,1377,38.55,39.7,1066.17,0.0276,1,Transformer_GATE_Brazil_37,Transformer_GATE,37
TRD_Transformer_GATE_7_Brazil_Brazil_0013,Brazil,RADL3.SA,2024-12-16,2024-10-01,2024-12-17,53,atr_chandelier_stop,24.31,22.19,1381,33.57,30.64,-2989.88,-0.089,0,Transformer_GATE_Brazil_7,Transformer_GATE,7
TRD_Transformer_GATE_17_Brazil_Brazil_0012,Brazil,RADL3.SA,2024-12-16,2024-09-27,2024-12-17,55,atr_chandelier_stop,24.64,22.19,1389,34.22,30.82,-3464.81,-0.1011,0,Transformer_GATE_Brazil_17,Transformer_GATE,17
TRD_Transformer_GATE_37_Brazil_Brazil_0013,Brazil,RADL3.SA,2024-12-16,2024-10-01,2024-12-17,53,atr_chandelier_stop,24.31,22.19,1586,38.55,35.19,-3433.7,-0.089,0,Transformer_GATE_Brazil_37,Transformer_GATE,37
TRD_Transformer_GATE_7_Brazil_Brazil_0014,Brazil,RAIL3.SA,2024-12-16,2024-10-15,2024-12-17,43,atr_chandelier_stop,18.18,17.8,1792,32.58,31.89,-746.67,-0.0229,0,Transformer_GATE_Brazil_7,Transformer_GATE,7
TRD_Transformer_GATE_17_Brazil_Brazil_0014,Brazil,RAIL3.SA,2024-12-16,2024-10-01,2024-12-17,53,atr_chandelier_stop,19.03,17.8,1760,33.5,31.32,-2242.39,-0.0669,0,Transformer_GATE_Brazil_17,Transformer_GATE,17
TRD_Transformer_GATE_7_Brazil_Brazil_0015,Brazil,FLRY3.SA,2024-12-18,2024-11-12,2024-12-19,25,atr_chandelier_stop,11.94,10.59,2836,33.86,30.04,-3882.63,-0.1146,0,Transformer_GATE_Brazil_7,Transformer_GATE,7
TRD_Transformer_GATE_17_Brazil_Brazil_0015,Brazil,FLRY3.SA,2024-12-18,2024-11-12,2024-12-19,25,atr_chandelier_stop,11.94,10.59,2839,33.9,30.07,-3886.74,-0.1146,0,Transformer_GATE_Brazil_17,Transformer_GATE,17
TRD_Transformer_GATE_37_Brazil_Brazil_0014,Brazil,FLRY3.SA,2024-12-18,2024-11-11,2024-12-19,26,atr_chandelier_stop,11.61,10.59,3380,39.23,35.8,-3501.29,-0.0892,0,Transformer_GATE_Brazil_37,Transformer_GATE,37
TRD_Transformer_GATE_37_Brazil_Brazil_0015,Brazil,ITUB4.SA,2024-12-18,2024-11-12,2024-12-19,25,atr_chandelier_stop,26.49,23.74,1480,39.2,35.14,-4139.81,-0.1055,0,Transformer_GATE_Brazil_37,Transformer_GATE,37
TRD_Transformer_GATE_7_Brazil_Brazil_0018,Brazil,FLRY3.SA,2024-12-30,2024-12-19,2024-12-30,5,calendar_end,10.59,10.47,2882,30.53,30.18,-410.75,-0.0134,0,Transformer_GATE_Brazil_7,Transformer_GATE,7
TRD_Transformer_GATE_17_Brazil_Brazil_0018,Brazil,FLRY3.SA,2024-12-30,2024-12-19,2024-12-30,5,calendar_end,10.59,10.47,2877,30.48,30.13,-410.04,-0.0134,0,Transformer_GATE_Brazil_17,Transformer_GATE,17
TRD_Transformer_GATE_37_Brazil_Brazil_0017,Brazil,FLRY3.SA,2024-12-30,2024-12-19,2024-12-30,5,calendar_end,10.59,10.47,3312,35.08,34.68,-472.04,-0.0134,0,Transformer_GATE_Brazil_37,Transformer_GATE,37
TRD_Transformer_GATE_37_Brazil_Brazil_0018,Brazil,ITUB4.SA,2024-12-30,2024-12-19,2024-12-30,5,calendar_end,23.74,23.39,1477,35.06,34.55,-586.75,-0.0167,0,Transformer_GATE_Brazil_37,Transformer_GATE,37
TRD_Transformer_GATE_7_Brazil_Brazil_0016,Brazil,RADL3.SA,2024-12-30,2024-12-17,2024-12-30,7,calendar_end,22.19,20.85,1419,31.49,29.59,-1957.56,-0.0621,0,Transformer_GATE_Brazil_7,Transformer_GATE,7
TRD_Transformer_GATE_17_Brazil_Brazil_0016,Brazil,RADL3.SA,2024-12-30,2024-12-17,2024-12-30,7,calendar_end,22.19,20.85,1421,31.53,29.63,-1960.32,-0.0621,0,Transformer_GATE_Brazil_17,Transformer_GATE,17
TRD_Transformer_GATE_17_Brazil_Brazil_0017,Brazil,RENT3.SA,2024-12-30,2024-12-17,2024-12-30,7,calendar_end,28.36,29.88,1112,31.54,33.23,1629.61,0.0516,1,Transformer_GATE_Brazil_17,Transformer_GATE,17
TRD_Transformer_GATE_37_Brazil_Brazil_0016,Brazil,VALE3.SA,2024-12-30,2024-12-17,2024-12-30,7,calendar_end,48.03,46.88,752,36.12,35.26,-930.94,-0.0258,0,Transformer_GATE_Brazil_37,Transformer_GATE,37
TRD_Transformer_GATE_7_Brazil_Brazil_0017,Brazil,WEGE3.SA,2024-12-30,2024-12-17,2024-12-30,7,calendar_end,54.39,49.8,579,31.49,28.84,-2714.56,-0.0861,0,Transformer_GATE_Brazil_7,Transformer_GATE,7
TRD_Transformer_GATE_7_China_China_0003,China,600309.SS,2024-01-17,2024-01-03,2024-01-18,11,atr_chandelier_stop,71.42,63.69,443,31.64,28.22,-3482.69,-0.11,0,Transformer_GATE_China_7,Transformer_GATE,7
TRD_Transformer_GATE_37_China_China_0002,China,300059.SZ,2024-01-22,2024-01-03,2024-01-23,14,atr_chandelier_stop,13.66,12.28,2318,31.66,28.47,-3246.42,-0.1024,0,Transformer_GATE_China_37,Transformer_GATE,37
TRD_Transformer_GATE_7_China_China_0002,China,600276.SS,2024-01-29,2024-01-03,2024-01-30,19,atr_chandelier_stop,43.66,38.73,725,31.65,28.08,-3632.13,-0.1146,0,Transformer_GATE_China_7,Transformer_GATE,7
TRD_Transformer_GATE_37_China_China_0003,China,600276.SS,2024-01-29,2024-01-03,2024-01-30,19,atr_chandelier_stop,43.66,38.73,725,31.65,28.08,-3632.13,-0.1146,0,Transformer_GATE_China_37,Transformer_GATE,37
TRD_Transformer_GATE_7_China_China_0001,China,000333.SZ,2024-04-10,2024-01-03,2024-04-11,63,max_horizon,47.14,56.09,671,31.63,37.63,5933.61,0.1874,1,Transformer_GATE_China_7,Transformer_GATE,7
TRD_Transformer_GATE_17_China_China_0001,China,000333.SZ,2024-04-10,2024-01-03,2024-04-11,63,max_horizon,47.14,56.09,671,31.63,37.63,5933.61,0.1874,1,Transformer_GATE_China_17,Transformer_GATE,17
TRD_Transformer_GATE_37_China_China_0001,China,000333.SZ,2024-04-10,2024-01-03,2024-04-11,63,max_horizon,47.14,56.09,671,31.63,37.63,5933.61,0.1874,1,Transformer_GATE_China_37,Transformer_GATE,37
TRD_Transformer_GATE_17_China_China_0002,China,000858.SZ,2024-04-10,2024-01-03,2024-04-11,63,max_horizon,118.3,124.06,267,31.59,33.12,1473.05,0.0466,1,Transformer_GATE_China_17,Transformer_GATE,17
TRD_Transformer_GATE_17_China_China_0003,China,601318.SS,2024-04-10,2024-01-03,2024-04-11,63,atr_chandelier_stop,34.64,34.26,914,31.66,31.31,-415.95,-0.0131,0,Transformer_GATE_China_17,Transformer_GATE,17
TRD_Transformer_GATE_7_China_China_0004,China,000858.SZ,2024-04-12,2024-01-18,2024-04-15,54,atr_chandelier_stop,108.58,122.32,276,29.97,33.76,3730.17,0.1244,1,Transformer_GATE_China_7,Transformer_GATE,7
TRD_Transformer_GATE_7_China_China_0005,China,600276.SS,2024-04-18,2024-01-30,2024-04-19,50,atr_chandelier_stop,38.73,41.47,792,30.67,32.85,2110.64,0.0687,1,Transformer_GATE_China_7,Transformer_GATE,7
TRD_Transformer_GATE_37_China_China_0005,China,600276.SS,2024-04-18,2024-01-30,2024-04-19,50,atr_chandelier_stop,38.73,41.47,793,30.71,32.89,2113.31,0.0687,1,Transformer_GATE_China_37,Transformer_GATE,37
TRD_Transformer_GATE_37_China_China_0004,China,600309.SS,2024-04-30,2024-01-23,2024-05-06,63,max_horizon,65.42,87.71,458,29.96,40.17,10139.46,0.3381,1,Transformer_GATE_China_37,Transformer_GATE,37
TRD_Transformer_GATE_7_China_China_0007,China,600519.SS,2024-06-11,2024-04-15,2024-06-12,38,atr_chandelier_stop,1485.71,1426.64,22,32.69,31.39,-1363.69,-0.0417,0,Transformer_GATE_China_7,Transformer_GATE,7
TRD_Transformer_GATE_7_China_China_0009,China,600276.SS,2024-07-01,2024-06-12,2024-07-02,14,atr_chandelier_stop,42.19,37.75,805,33.97,30.39,-3641.44,-0.1071,0,Transformer_GATE_China_7,Transformer_GATE,7
TRD_Transformer_GATE_7_China_China_0006,China,002415.SZ,2024-07-02,2024-04-11,2024-07-03,55,atr_chandelier_stop,28.05,27.97,1221,34.25,34.16,-164.6,-0.0048,0,Transformer_GATE_China_7,Transformer_GATE,7
TRD_Transformer_GATE_17_China_China_0005,China,002415.SZ,2024-07-02,2024-04-11,2024-07-03,55,atr_chandelier_stop,28.05,27.97,1213,34.03,33.93,-163.52,-0.0048,0,Transformer_GATE_China_17,Transformer_GATE,17
TRD_Transformer_GATE_37_China_China_0006,China,002415.SZ,2024-07-02,2024-04-11,2024-07-03,55,atr_chandelier_stop,28.05,27.97,1263,35.43,35.33,-170.26,-0.0048,0,Transformer_GATE_China_37,Transformer_GATE,37
TRD_Transformer_GATE_7_China_China_0008,China,600887.SS,2024-07-08,2024-04-19,2024-07-09,53,atr_chandelier_stop,24.1,22.88,1400,33.74,32.04,-1767.46,-0.0523,0,Transformer_GATE_China_7,Transformer_GATE,7
TRD_Transformer_GATE_17_China_China_0004,China,601318.SS,2024-07-08,2024-04-11,2024-07-09,59,atr_chandelier_stop,34.26,35.84,993,34.02,35.59,1499.19,0.044,1,Transformer_GATE_China_17,Transformer_GATE,17
TRD_Transformer_GATE_37_China_China_0008,China,601318.SS,2024-07-08,2024-05-06,2024-07-09,45,atr_chandelier_stop,37.87,35.84,969,36.7,34.73,-2044.52,-0.0557,0,Transformer_GATE_China_37,Transformer_GATE,37
TRD_Transformer_GATE_17_China_China_0006,China,002241.SZ,2024-07-12,2024-04-11,2024-07-15,63,max_horizon,15.09,21.76,2255,34.02,49.08,14972.31,0.4397,1,Transformer_GATE_China_17,Transformer_GATE,17
TRD_Transformer_GATE_37_China_China_0007,China,002475.SZ,2024-07-22,2024-04-19,2024-07-23,63,max_horizon,26.31,39.3,1327,34.91,52.15,17150.11,0.4907,1,Transformer_GATE_China_37,Transformer_GATE,37
TRD_Transformer_GATE_17_China_China_0008,China,002475.SZ,2024-07-23,2024-07-09,2024-07-24,11,atr_chandelier_stop,38.65,37.97,947,36.6,35.96,-712.67,-0.0195,0,Transformer_GATE_China_17,Transformer_GATE,17
TRD_Transformer_GATE_7_China_China_0012,China,600887.SS,2024-08-20,2024-07-09,2024-08-21,31,atr_chandelier_stop,22.88,21.44,1351,30.92,28.97,-2006.01,-0.0648,0,Transformer_GATE_China_7,Transformer_GATE,7
TRD_Transformer_GATE_17_China_China_0009,China,000858.SZ,2024-08-26,2024-07-15,2024-08-27,31,atr_chandelier_stop,114.59,106.2,340,38.96,36.11,-2928.13,-0.0751,0,Transformer_GATE_China_17,Transformer_GATE,17
TRD_Transformer_GATE_37_China_China_0010,China,000858.SZ,2024-08-27,2024-07-23,2024-08-28,26,atr_chandelier_stop,118.21,105.57,338,39.95,35.68,-4348.34,-0.1087,0,Transformer_GATE_China_37,Transformer_GATE,37
TRD_Transformer_GATE_7_China_China_0013,China,002241.SZ,2024-09-09,2024-08-21,2024-09-10,14,atr_chandelier_stop,19.4,18.47,1634,31.71,30.17,-1596.29,-0.0503,0,Transformer_GATE_China_7,Transformer_GATE,7
TRD_Transformer_GATE_17_China_China_0011,China,002241.SZ,2024-09-09,2024-08-27,2024-09-10,10,atr_chandelier_stop,19.6,18.47,1906,37.36,35.2,-2232.68,-0.0597,0,Transformer_GATE_China_17,Transformer_GATE,17
TRD_Transformer_GATE_17_China_China_0010,China,600036.SS,2024-09-09,2024-07-24,2024-09-10,34,atr_chandelier_stop,30.42,27.51,1264,38.45,34.77,-3751.46,-0.0975,0,Transformer_GATE_China_17,Transformer_GATE,17
TRD_Transformer_GATE_17_China_China_0007,China,600519.SS,2024-09-12,2024-07-03,2024-09-13,52,atr_chandelier_stop,1390.34,1234.51,26,36.15,32.1,-4119.61,-0.1138,0,Transformer_GATE_China_17,Transformer_GATE,17
TRD_Transformer_GATE_37_China_China_0009,China,600519.SS,2024-09-12,2024-07-03,2024-09-13,52,atr_chandelier_stop,1390.34,1234.51,28,38.93,34.57,-4436.5,-0.1138,0,Transformer_GATE_China_37,Transformer_GATE,37
TRD_Transformer_GATE_7_China_China_0010,China,600276.SS,2024-09-30,2024-07-02,2024-10-08,63,max_horizon,37.75,57.09,836,31.56,47.73,16088.36,0.5093,1,Transformer_GATE_China_7,Transformer_GATE,7
TRD_Transformer_GATE_7_China_China_0011,China,601318.SS,2024-10-08,2024-07-03,2024-10-09,63,max_horizon,37.02,54.58,837,30.99,45.69,14624.15,0.4715,1,Transformer_GATE_China_7,Transformer_GATE,7
TRD_Transformer_GATE_37_China_China_0013,China,600196.SS,2024-10-11,2024-09-13,2024-10-14,14,atr_chandelier_stop,21.74,25.0,1742,37.87,43.56,5604.21,0.1478,1,Transformer_GATE_China_37,Transformer_GATE,37
TRD_Transformer_GATE_7_China_China_0015,China,002594.SZ,2024-10-16,2024-10-08,2024-10-17,7,atr_chandelier_stop,110.94,95.99,337,37.39,32.35,-5105.15,-0.1364,0,Transformer_GATE_China_7,Transformer_GATE,7
TRD_Transformer_GATE_7_China_China_0016,China,000725.SZ,2024-10-17,2024-10-09,2024-10-18,7,atr_chandelier_stop,4.55,4.0,8638,39.33,34.51,-4895.07,-0.1243,0,Transformer_GATE_China_7,Transformer_GATE,7
TRD_Transformer_GATE_17_China_China_0012,China,600276.SS,2024-10-24,2024-09-10,2024-10-25,26,atr_chandelier_stop,44.06,48.23,796,35.07,38.39,3244.17,0.0924,1,Transformer_GATE_China_17,Transformer_GATE,17
TRD_Transformer_GATE_37_China_China_0011,China,600276.SS,2024-10-24,2024-07-23,2024-10-25,61,atr_chandelier_stop,42.4,48.23,942,39.94,45.43,5401.88,0.1351,1,Transformer_GATE_China_37,Transformer_GATE,37
TRD_Transformer_GATE_17_China_China_0014,China,002475.SZ,2024-11-06,2024-09-13,2024-11-07,32,atr_chandelier_stop,36.08,40.1,957,34.52,38.38,3778.96,0.1093,1,Transformer_GATE_China_17,Transformer_GATE,17
TRD_Transformer_GATE_37_China_China_0012,China,002475.SZ,2024-11-06,2024-08-28,2024-11-07,44,atr_chandelier_stop,36.1,40.1,1056,38.12,42.35,4148.98,0.1087,1,Transformer_GATE_China_37,Transformer_GATE,37
TRD_Transformer_GATE_37_China_China_0014,China,000333.SZ,2024-11-18,2024-10-14,2024-11-19,26,atr_chandelier_stop,69.46,64.07,619,43.0,39.66,-3420.46,-0.0795,0,Transformer_GATE_China_37,Transformer_GATE,37
TRD_Transformer_GATE_7_China_China_0017,China,000858.SZ,2024-11-22,2024-10-17,2024-11-25,27,atr_chandelier_stop,128.58,131.64,270,34.72,35.54,755.61,0.0217,1,Transformer_GATE_China_7,Transformer_GATE,7
TRD_Transformer_GATE_7_China_China_0018,China,000725.SZ,2024-11-25,2024-10-18,2024-11-26,27,atr_chandelier_stop,4.0,4.1,8602,34.37,35.29,856.88,0.0249,1,Transformer_GATE_China_7,Transformer_GATE,7
TRD_Transformer_GATE_17_China_China_0016,China,002475.SZ,2024-11-25,2024-11-07,2024-11-26,13,atr_chandelier_stop,40.1,36.4,993,39.82,36.15,-3748.66,-0.094,0,Transformer_GATE_China_17,Transformer_GATE,17
TRD_Transformer_GATE_17_China_China_0013,China,002241.SZ,2024-12-16,2024-09-10,2024-12-17,63,max_horizon,18.47,25.52,1900,35.08,48.5,13327.47,0.3795,1,Transformer_GATE_China_17,Transformer_GATE,17
TRD_Transformer_GATE_7_China_China_0014,China,002241.SZ,2024-12-31,2024-10-08,2024-12-31,60,calendar_end,24.37,25.32,1538,37.48,38.94,1386.7,0.037,1,Transformer_GATE_China_7,Transformer_GATE,7
TRD_Transformer_GATE_37_China_China_0016,China,002241.SZ,2024-12-31,2024-11-07,2024-12-31,38,calendar_end,22.53,25.32,1830,41.23,46.33,5014.64,0.1215,1,Transformer_GATE_China_37,Transformer_GATE,37
TRD_Transformer_GATE_37_China_China_0017,China,002475.SZ,2024-12-31,2024-11-19,2024-12-31,30,calendar_end,38.17,40.31,1083,41.34,43.65,2228.38,0.0538,1,Transformer_GATE_China_37,Transformer_GATE,37
TRD_Transformer_GATE_17_China_China_0017,China,002594.SZ,2024-12-31,2024-12-17,2024-12-31,10,calendar_end,90.22,92.76,435,39.25,40.35,1025.34,0.0261,1,Transformer_GATE_China_17,Transformer_GATE,17
TRD_Transformer_GATE_17_China_China_0015,China,600276.SS,2024-12-31,2024-10-25,2024-12-31,47,calendar_end,48.23,45.55,844,40.7,38.44,-2340.51,-0.0574,0,Transformer_GATE_China_17,Transformer_GATE,17
TRD_Transformer_GATE_37_China_China_0015,China,600276.SS,2024-12-31,2024-10-25,2024-12-31,47,calendar_end,48.23,45.55,889,42.87,40.49,-2465.3,-0.0574,0,Transformer_GATE_China_37,Transformer_GATE,37
TRD_Transformer_GATE_7_China_China_0020,China,600309.SS,2024-12-31,2024-11-26,2024-12-31,25,calendar_end,70.61,69.28,511,36.08,35.4,-751.22,-0.0208,0,Transformer_GATE_China_7,Transformer_GATE,7
TRD_Transformer_GATE_17_China_China_0018,China,600309.SS,2024-12-31,2024-12-17,2024-12-31,10,calendar_end,71.22,69.28,551,39.24,38.17,-1147.41,-0.0292,0,Transformer_GATE_China_17,Transformer_GATE,17
TRD_Transformer_GATE_7_China_China_0019,China,600519.SS,2024-12-31,2024-11-25,2024-12-31,26,calendar_end,1401.47,1435.63,26,36.44,37.33,814.48,0.0223,1,Transformer_GATE_China_7,Transformer_GATE,7
TRD_Transformer_GATE_17_France_France_0002,France,CAP.PA,2024-04-02,2024-01-03,2024-04-03,63,max_horizon,175.53,195.65,180,31.6,35.22,3555.59,0.1124,1,Transformer_GATE_France_17,Transformer_GATE,17
TRD_Transformer_GATE_7_France_France_0003,France,DG.PA,2024-04-02,2024-01-03,2024-04-03,63,max_horizon,102.02,105.09,310,31.63,32.58,888.05,0.0281,1,Transformer_GATE_France_7,Transformer_GATE,7
TRD_Transformer_GATE_17_France_France_0001,France,DG.PA,2024-04-02,2024-01-03,2024-04-03,63,max_horizon,102.02,105.09,310,31.63,32.58,888.05,0.0281,1,Transformer_GATE_France_17,Transformer_GATE,17
TRD_Transformer_GATE_37_France_France_0003,France,DG.PA,2024-04-02,2024-01-03,2024-04-03,63,max_horizon,102.02,105.09,310,31.63,32.58,888.05,0.0281,1,Transformer_GATE_France_37,Transformer_GATE,37
TRD_Transformer_GATE_7_France_France_0001,France,EL.PA,2024-04-02,2024-01-03,2024-04-03,63,max_horizon,166.95,192.35,189,31.55,36.35,4731.6,0.1498,1,Transformer_GATE_France_7,Transformer_GATE,7
TRD_Transformer_GATE_7_France_France_0002,France,ML.PA,2024-04-02,2024-01-03,2024-04-03,63,max_horizon,28.76,31.07,1101,31.66,34.21,2480.89,0.0783,1,Transformer_GATE_France_7,Transformer_GATE,7
TRD_Transformer_GATE_37_France_France_0001,France,ML.PA,2024-04-02,2024-01-03,2024-04-03,63,max_horizon,28.76,31.07,1101,31.66,34.21,2480.89,0.0783,1,Transformer_GATE_France_37,Transformer_GATE,37
TRD_Transformer_GATE_17_France_France_0003,France,RMS.PA,2024-04-02,2024-01-03,2024-04-03,63,max_horizon,1830.68,2293.96,17,31.12,39.0,7805.66,0.2506,1,Transformer_GATE_France_17,Transformer_GATE,17
TRD_Transformer_GATE_37_France_France_0002,France,SU.PA,2024-04-02,2024-01-03,2024-04-03,63,max_horizon,169.97,194.93,186,31.61,36.26,4574.41,0.1445,1,Transformer_GATE_France_37,Transformer_GATE,37
TRD_Transformer_GATE_17_France_France_0006,France,CAP.PA,2024-05-31,2024-04-03,2024-06-03,42,atr_chandelier_stop,195.65,177.28,181,35.41,32.09,-3393.12,-0.0957,0,Transformer_GATE_France_17,Transformer_GATE,17
TRD_Transformer_GATE_7_France_France_0005,France,AIR.PA,2024-06-07,2024-04-03,2024-06-10,47,atr_chandelier_stop,157.21,142.0,217,34.11,30.82,-3363.43,-0.0985,0,Transformer_GATE_France_7,Transformer_GATE,7
TRD_Transformer_GATE_17_France_France_0005,France,OR.PA,2024-06-28,2024-04-03,2024-07-01,62,atr_chandelier_stop,409.26,399.18,86,35.2,34.33,-936.54,-0.0266,0,Transformer_GATE_France_17,Transformer_GATE,17
TRD_Transformer_GATE_7_France_France_0006,France,AI.PA,2024-07-01,2024-04-03,2024-07-02,63,max_horizon,149.55,141.65,229,34.25,32.44,-1875.41,-0.0547,0,Transformer_GATE_France_7,Transformer_GATE,7
TRD_Transformer_GATE_17_France_France_0004,France,AI.PA,2024-07-01,2024-04-03,2024-07-02,63,max_horizon,149.55,141.65,237,35.44,33.57,-1940.92,-0.0547,0,Transformer_GATE_France_17,Transformer_GATE,17
TRD_Transformer_GATE_37_France_France_0004,France,AI.PA,2024-07-01,2024-04-03,2024-07-02,63,max_horizon,149.55,141.65,228,34.1,32.3,-1867.22,-0.0547,0,Transformer_GATE_France_37,Transformer_GATE,37
TRD_Transformer_GATE_37_France_France_0005,France,EL.PA,2024-07-01,2024-04-03,2024-07-02,63,max_horizon,192.35,192.3,177,34.05,34.04,-75.67,-0.0022,0,Transformer_GATE_France_37,Transformer_GATE,37
TRD_Transformer_GATE_7_France_France_0004,France,LR.PA,2024-07-01,2024-04-03,2024-07-02,63,max_horizon,90.28,89.48,379,34.22,33.91,-374.09,-0.0109,0,Transformer_GATE_France_7,Transformer_GATE,7
TRD_Transformer_GATE_37_France_France_0006,France,LR.PA,2024-07-01,2024-04-03,2024-07-02,63,max_horizon,90.28,89.48,378,34.13,33.82,-373.11,-0.0109,0,Transformer_GATE_France_37,Transformer_GATE,37
TRD_Transformer_GATE_17_France_France_0007,France,MC.PA,2024-07-19,2024-06-03,2024-07-22,35,atr_chandelier_stop,706.85,652.4,48,33.93,31.32,-2679.03,-0.0789,0,Transformer_GATE_France_17,Transformer_GATE,17
TRD_Transformer_GATE_7_France_France_0007,France,MC.PA,2024-07-24,2024-06-10,2024-07-25,33,atr_chandelier_stop,714.56,625.46,47,33.58,29.4,-4250.98,-0.1264,0,Transformer_GATE_France_7,Transformer_GATE,7
TRD_Transformer_GATE_37_France_France_0008,France,MC.PA,2024-08-01,2024-07-02,2024-08-02,23,atr_chandelier_stop,677.72,606.89,49,33.21,29.74,-3533.53,-0.1063,0,Transformer_GATE_France_37,Transformer_GATE,37
TRD_Transformer_GATE_17_France_France_0008,France,RMS.PA,2024-08-02,2024-07-01,2024-08-05,25,atr_chandelier_stop,2140.71,1899.7,15,32.11,28.5,-3675.81,-0.1144,0,Transformer_GATE_France_17,Transformer_GATE,17
TRD_Transformer_GATE_7_France_France_0010,France,CAP.PA,2024-08-05,2024-07-25,2024-08-06,8,atr_chandelier_stop,184.34,167.53,166,30.6,27.81,-2848.79,-0.093,0,Transformer_GATE_France_7,Transformer_GATE,7
TRD_Transformer_GATE_17_France_France_0010,France,CAP.PA,2024-08-05,2024-07-22,2024-08-06,11,atr_chandelier_stop,184.29,167.53,174,32.07,29.15,-2977.83,-0.0928,0,Transformer_GATE_France_17,Transformer_GATE,17
TRD_Transformer_GATE_17_France_France_0011,France,MC.PA,2024-09-06,2024-08-05,2024-09-09,25,atr_chandelier_stop,591.19,582.62,52,30.74,30.3,-506.57,-0.0165,0,Transformer_GATE_France_17,Transformer_GATE,17
TRD_Transformer_GATE_7_France_France_0009,France,OR.PA,2024-09-11,2024-07-02,2024-09-12,52,atr_chandelier_stop,393.98,357.81,81,31.91,28.98,-2990.75,-0.0936,0,Transformer_GATE_France_7,Transformer_GATE,7
TRD_Transformer_GATE_17_France_France_0009,France,AI.PA,2024-09-26,2024-07-02,2024-09-27,63,max_horizon,141.65,152.35,231,32.72,35.19,2404.03,0.0734,1,Transformer_GATE_France_17,Transformer_GATE,17
TRD_Transformer_GATE_37_France_France_0007,France,AI.PA,2024-09-26,2024-07-02,2024-09-27,63,max_horizon,141.65,152.35,237,33.57,36.11,2466.47,0.0734,1,Transformer_GATE_France_37,Transformer_GATE,37
TRD_Transformer_GATE_7_France_France_0008,France,EL.PA,2024-09-26,2024-07-02,2024-09-27,63,max_horizon,192.3,201.53,166,31.92,33.45,1466.9,0.0459,1,Transformer_GATE_France_7,Transformer_GATE,7
TRD_Transformer_GATE_37_France_France_0009,France,EL.PA,2024-09-26,2024-07-02,2024-09-27,63,max_horizon,192.3,201.53,175,33.65,35.27,1546.43,0.0459,1,Transformer_GATE_France_37,Transformer_GATE,37
TRD_Transformer_GATE_17_France_France_0014,France,DSY.PA,2024-10-15,2024-09-27,2024-10-16,13,atr_chandelier_stop,35.84,31.98,900,32.26,28.78,-3541.68,-0.1097,0,Transformer_GATE_France_17,Transformer_GATE,17
TRD_Transformer_GATE_7_France_France_0012,France,OR.PA,2024-10-21,2024-09-12,2024-10-22,28,atr_chandelier_stop,357.81,350.68,84,30.06,29.46,-658.28,-0.0219,0,Transformer_GATE_France_7,Transformer_GATE,7
TRD_Transformer_GATE_37_France_France_0012,France,ML.PA,2024-10-24,2024-09-27,2024-10-25,20,atr_chandelier_stop,33.79,28.48,1019,34.43,29.02,-5467.43,-0.1586,0,Transformer_GATE_France_37,Transformer_GATE,37
TRD_Transformer_GATE_7_France_France_0011,France,CAP.PA,2024-10-25,2024-08-06,2024-10-28,59,atr_chandelier_stop,167.53,166.67,178,29.82,29.67,-211.2,-0.0071,0,Transformer_GATE_France_7,Transformer_GATE,7
TRD_Transformer_GATE_17_France_France_0012,France,CAP.PA,2024-10-25,2024-08-06,2024-10-28,59,atr_chandelier_stop,167.53,166.67,182,30.49,30.33,-215.95,-0.0071,0,Transformer_GATE_France_17,Transformer_GATE,17
TRD_Transformer_GATE_37_France_France_0010,France,CAP.PA,2024-10-25,2024-08-02,2024-10-28,61,atr_chandelier_stop,170.75,166.67,194,33.12,32.33,-855.46,-0.0258,0,Transformer_GATE_France_37,Transformer_GATE,37
TRD_Transformer_GATE_7_France_France_0015,France,CAP.PA,2024-11-06,2024-10-28,2024-11-07,8,atr_chandelier_stop,166.67,150.86,180,30.0,27.15,-2903.88,-0.0967,0,Transformer_GATE_France_7,Transformer_GATE,7
TRD_Transformer_GATE_17_France_France_0015,France,OR.PA,2024-11-08,2024-10-16,2024-11-11,18,atr_chandelier_stop,333.49,327.76,90,30.01,29.5,-575.35,-0.0192,0,Transformer_GATE_France_17,Transformer_GATE,17
TRD_Transformer_GATE_17_France_France_0013,France,DG.PA,2024-11-27,2024-09-09,2024-11-28,58,atr_chandelier_stop,100.77,90.89,303,30.53,27.54,-3051.75,-0.0999,0,Transformer_GATE_France_17,Transformer_GATE,17
TRD_Transformer_GATE_7_France_France_0013,France,EL.PA,2024-12-24,2024-09-27,2024-12-27,63,max_horizon,201.53,221.82,156,31.44,34.6,3098.9,0.0985,1,Transformer_GATE_France_7,Transformer_GATE,7
TRD_Transformer_GATE_37_France_France_0011,France,EL.PA,2024-12-24,2024-09-27,2024-12-27,63,max_horizon,201.53,221.82,170,34.26,37.71,3377.0,0.0985,1,Transformer_GATE_France_37,Transformer_GATE,37
TRD_Transformer_GATE_17_France_France_0017,France,AI.PA,2024-12-31,2024-11-11,2024-12-31,34,calendar_end,142.05,137.19,205,29.12,28.12,-1053.74,-0.0361,0,Transformer_GATE_France_17,Transformer_GATE,17
TRD_Transformer_GATE_37_France_France_0013,France,AI.PA,2024-12-31,2024-10-25,2024-12-31,45,calendar_end,146.53,137.19,220,32.24,30.18,-2116.6,-0.0656,0,Transformer_GATE_France_37,Transformer_GATE,37
TRD_Transformer_GATE_7_France_France_0014,France,AIR.PA,2024-12-31,2024-10-22,2024-12-31,48,calendar_end,132.71,148.63,226,29.99,33.59,3534.63,0.1177,1,Transformer_GATE_France_7,Transformer_GATE,7
TRD_Transformer_GATE_17_France_France_0016,France,DSY.PA,2024-12-31,2024-10-28,2024-12-31,44,calendar_end,31.11,32.8,950,29.55,31.16,1548.41,0.0523,1,Transformer_GATE_France_17,Transformer_GATE,17
TRD_Transformer_GATE_37_France_France_0014,France,DSY.PA,2024-12-31,2024-10-28,2024-12-31,44,calendar_end,31.11,32.8,1029,32.01,33.75,1677.17,0.0523,1,Transformer_GATE_France_37,Transformer_GATE,37
TRD_Transformer_GATE_17_France_France_0018,France,ML.PA,2024-12-31,2024-11-28,2024-12-31,21,calendar_end,28.28,29.23,1013,28.65,29.61,900.72,0.0314,1,Transformer_GATE_France_17,Transformer_GATE,17
TRD_Transformer_GATE_17_India_India_0002,India,ASIANPAINT.NS,2024-01-23,2024-01-02,2024-01-24,15,atr_chandelier_stop,3293.25,2962.57,9,29.64,26.66,-3032.44,-0.1022,0,Transformer_GATE_India_17,Transformer_GATE,17
TRD_Transformer_GATE_37_India_India_0003,India,ASIANPAINT.NS,2024-01-23,2024-01-02,2024-01-24,15,atr_chandelier_stop,3293.25,2962.57,9,29.64,26.66,-3032.44,-0.1022,0,Transformer_GATE_India_37,Transformer_GATE,37
TRD_Transformer_GATE_7_India_India_0001,India,BAJFINANCE.NS,2024-01-30,2024-01-02,2024-01-31,19,atr_chandelier_stop,719.85,670.31,43,30.95,28.82,-2189.83,-0.0707,0,Transformer_GATE_India_7,Transformer_GATE,7
TRD_Transformer_GATE_37_India_India_0002,India,BAJFINANCE.NS,2024-01-30,2024-01-02,2024-01-31,19,atr_chandelier_stop,719.85,670.31,43,30.95,28.82,-2189.83,-0.0707,0,Transformer_GATE_India_37,Transformer_GATE,37
TRD_Transformer_GATE_17_India_India_0003,India,MARUTI.NS,2024-04-04,2024-01-02,2024-04-05,63,max_horizon,9977.79,12120.88,3,29.93,36.36,6362.95,0.2124,1,Transformer_GATE_India_17,Transformer_GATE,17
TRD_Transformer_GATE_7_India_India_0003,India,RELIANCE.NS,2024-04-04,2024-01-02,2024-04-05,63,max_horizon,1277.1,1443.47,24,30.65,34.64,3927.55,0.128,1,Transformer_GATE_India_7,Transformer_GATE,7
TRD_Transformer_GATE_7_India_India_0002,India,TITAN.NS,2024-04-04,2024-01-02,2024-04-05,63,max_horizon,3653.95,3742.5,8,29.23,29.94,649.23,0.0222,1,Transformer_GATE_India_7,Transformer_GATE,7
TRD_Transformer_GATE_17_India_India_0001,India,TITAN.NS,2024-04-04,2024-01-02,2024-04-05,63,max_horizon,3653.95,3742.5,8,29.23,29.94,649.23,0.0222,1,Transformer_GATE_India_17,Transformer_GATE,17
TRD_Transformer_GATE_37_India_India_0001,India,TITAN.NS,2024-04-04,2024-01-02,2024-04-05,63,max_horizon,3653.95,3742.5,8,29.23,29.94,649.23,0.0222,1,Transformer_GATE_India_37,Transformer_GATE,37
TRD_Transformer_GATE_17_India_India_0004,India,ASIANPAINT.NS,2024-04-29,2024-01-24,2024-04-30,63,max_horizon,2962.57,2768.62,10,29.63,27.69,-1996.8,-0.0673,0,Transformer_GATE_India_17,Transformer_GATE,17
TRD_Transformer_GATE_37_India_India_0004,India,ASIANPAINT.NS,2024-04-29,2024-01-24,2024-04-30,63,max_horizon,2962.57,2768.62,10,29.63,27.69,-1996.8,-0.0673,0,Transformer_GATE_India_37,Transformer_GATE,37
TRD_Transformer_GATE_7_India_India_0004,India,BAJFINANCE.NS,2024-05-06,2024-01-31,2024-05-07,63,max_horizon,670.31,677.19,47,31.5,31.83,259.8,0.0082,1,Transformer_GATE_India_7,Transformer_GATE,7
TRD_Transformer_GATE_37_India_India_0005,India,BAJFINANCE.NS,2024-05-06,2024-01-31,2024-05-07,63,max_horizon,670.31,677.19,44,29.49,29.8,243.21,0.0082,1,Transformer_GATE_India_37,Transformer_GATE,37
TRD_Transformer_GATE_37_India_India_0008,India,TITAN.NS,2024-07-08,2024-05-07,2024-07-09,43,atr_chandelier_stop,3298.36,3150.15,9,29.69,28.35,-1391.88,-0.0468,0,Transformer_GATE_India_37,Transformer_GATE,37
TRD_Transformer_GATE_7_India_India_0006,India,HDFCBANK.NS,2024-07-09,2024-04-05,2024-07-10,63,max_horizon,736.82,791.02,44,32.42,34.81,2317.58,0.0714,1,Transformer_GATE_India_7,Transformer_GATE,7
TRD_Transformer_GATE_17_India_India_0005,India,HDFCBANK.NS,2024-07-09,2024-04-05,2024-07-10,63,max_horizon,736.82,791.02,44,32.42,34.81,2317.58,0.0714,1,Transformer_GATE_India_17,Transformer_GATE,17
TRD_Transformer_GATE_37_India_India_0006,India,ICICIBANK.NS,2024-07-09,2024-04-05,2024-07-10,63,max_horizon,1043.94,1222.24,29,30.27,35.45,5104.97,0.1685,1,Transformer_GATE_India_37,Transformer_GATE,37
TRD_Transformer_GATE_17_India_India_0006,India,TCS.NS,2024-07-09,2024-04-05,2024-07-10,63,max_horizon,3660.63,3692.52,8,29.29,29.54,196.29,0.0067,1,Transformer_GATE_India_17,Transformer_GATE,17
TRD_Transformer_GATE_7_India_India_0005,India,TECHM.NS,2024-07-09,2024-04-05,2024-07-10,63,max_horizon,1175.24,1356.91,28,32.91,37.99,5016.07,0.1523,1,Transformer_GATE_India_7,Transformer_GATE,7
TRD_Transformer_GATE_17_India_India_0007,India,ASIANPAINT.NS,2024-07-31,2024-04-30,2024-08-01,63,max_horizon,2768.62,3023.54,11,30.45,33.26,2740.45,0.0899,1,Transformer_GATE_India_17,Transformer_GATE,17
TRD_Transformer_GATE_37_India_India_0007,India,ASIANPAINT.NS,2024-07-31,2024-04-30,2024-08-01,63,max_horizon,2768.62,3023.54,10,27.69,30.24,2491.32,0.0899,1,Transformer_GATE_India_37,Transformer_GATE,37
TRD_Transformer_GATE_7_India_India_0007,India,ULTRACEMCO.NS,2024-08-06,2024-05-07,2024-08-07,63,max_horizon,9486.24,11198.0,3,28.46,33.59,5073.22,0.1781,1,Transformer_GATE_India_7,Transformer_GATE,7
TRD_Transformer_GATE_37_India_India_0011,India,RELIANCE.NS,2024-10-07,2024-08-01,2024-10-08,46,atr_chandelier_stop,1493.98,1361.22,22,32.87,29.95,-2983.63,-0.0907,0,Transformer_GATE_India_37,Transformer_GATE,37
TRD_Transformer_GATE_37_India_India_0009,India,MARUTI.NS,2024-10-08,2024-07-09,2024-10-09,63,max_horizon,11958.84,12297.02,2,23.92,24.59,627.85,0.0262,1,Transformer_GATE_India_37,Transformer_GATE,37
TRD_Transformer_GATE_7_India_India_0009,India,BHARTIARTL.NS,2024-10-09,2024-07-10,2024-10-10,63,max_horizon,1403.47,1651.83,26,36.49,42.95,6377.87,0.1746,1,Transformer_GATE_India_7,Transformer_GATE,7
TRD_Transformer_GATE_17_India_India_0009,India,BHARTIARTL.NS,2024-10-09,2024-07-10,2024-10-10,63,max_horizon,1403.47,1651.83,23,32.28,37.99,5641.96,0.1746,1,Transformer_GATE_India_17,Transformer_GATE,17
TRD_Transformer_GATE_7_India_India_0008,India,SUNPHARMA.NS,2024-10-09,2024-07-10,2024-10-10,63,max_horizon,1558.84,1894.44,23,35.85,43.57,7639.53,0.2129,1,Transformer_GATE_India_7,Transformer_GATE,7
TRD_Transformer_GATE_17_India_India_0008,India,SUNPHARMA.NS,2024-10-09,2024-07-10,2024-10-10,63,max_horizon,1558.84,1894.44,21,32.74,39.78,6975.23,0.2129,1,Transformer_GATE_India_17,Transformer_GATE,17
TRD_Transformer_GATE_37_India_India_0010,India,SUNPHARMA.NS,2024-10-09,2024-07-10,2024-10-10,63,max_horizon,1558.84,1894.44,20,31.18,37.89,6643.07,0.2129,1,Transformer_GATE_India_37,Transformer_GATE,37
TRD_Transformer_GATE_7_India_India_0010,India,BAJFINANCE.NS,2024-10-16,2024-08-07,2024-10-17,49,atr_chandelier_stop,651.94,689.57,56,36.51,38.62,2032.16,0.0556,1,Transformer_GATE_India_7,Transformer_GATE,7
TRD_Transformer_GATE_17_India_India_0010,India,BAJFINANCE.NS,2024-10-16,2024-08-01,2024-10-17,53,atr_chandelier_stop,674.81,689.57,52,35.09,35.86,696.71,0.0198,1,Transformer_GATE_India_17,Transformer_GATE,17
TRD_Transformer_GATE_7_India_India_0011,India,TITAN.NS,2024-11-07,2024-10-10,2024-11-08,21,atr_chandelier_stop,3488.02,3101.46,12,41.86,37.22,-4717.85,-0.1126,0,Transformer_GATE_India_7,Transformer_GATE,7
TRD_Transformer_GATE_37_India_India_0013,India,TITAN.NS,2024-11-07,2024-10-09,2024-11-08,22,atr_chandelier_stop,3495.97,3101.46,9,31.46,27.91,-3610.01,-0.1146,0,Transformer_GATE_India_37,Transformer_GATE,37
TRD_Transformer_GATE_7_India_India_0014,India,ASIANPAINT.NS,2024-11-11,2024-11-08,2024-11-12,2,atr_chandelier_stop,2783.51,2482.09,14,38.97,34.75,-4293.66,-0.1101,0,Transformer_GATE_India_7,Transformer_GATE,7
TRD_Transformer_GATE_37_India_India_0012,India,BAJFINANCE.NS,2024-11-13,2024-10-08,2024-11-14,27,atr_chandelier_stop,717.62,649.21,45,32.29,29.21,-3139.95,-0.0971,0,Transformer_GATE_India_37,Transformer_GATE,37
TRD_Transformer_GATE_17_India_India_0012,India,RELIANCE.NS,2024-11-19,2024-10-10,2024-11-21,28,atr_chandelier_stop,1368.21,1231.02,28,38.31,34.47,-3914.1,-0.1021,0,Transformer_GATE_India_17,Transformer_GATE,17
TRD_Transformer_GATE_17_India_India_0011,India,SUNPHARMA.NS,2024-11-28,2024-10-10,2024-11-29,34,atr_chandelier_stop,1894.44,1711.15,20,37.89,34.22,-3738.08,-0.0986,0,Transformer_GATE_India_17,Transformer_GATE,17
TRD_Transformer_GATE_7_India_India_0015,India,ASIANPAINT.NS,2024-12-26,2024-11-12,2024-12-27,30,atr_chandelier_stop,2482.09,2226.67,15,37.23,33.4,-3901.83,-0.1047,0,Transformer_GATE_India_7,Transformer_GATE,7
TRD_Transformer_GATE_17_India_India_0013,India,EICHERMOT.NS,2024-12-31,2024-10-17,2024-12-31,50,calendar_end,4538.02,4710.85,8,36.3,37.69,1308.61,0.036,1,Transformer_GATE_India_17,Transformer_GATE,17
TRD_Transformer_GATE_37_India_India_0014,India,INFY.NS,2024-12-31,2024-10-10,2024-12-31,55,calendar_end,1840.39,1787.29,17,31.29,30.38,-964.43,-0.0308,0,Transformer_GATE_India_37,Transformer_GATE,37
TRD_Transformer_GATE_7_India_India_0012,India,LT.NS,2024-12-31,2024-10-10,2024-12-31,55,calendar_end,3448.83,3539.74,12,41.39,42.48,1007.01,0.0243,1,Transformer_GATE_India_7,Transformer_GATE,7
TRD_Transformer_GATE_17_India_India_0015,India,M&M.NS,2024-12-31,2024-11-29,2024-12-31,21,calendar_end,2849.93,2952.13,12,34.2,35.43,1156.74,0.0338,1,Transformer_GATE_India_17,Transformer_GATE,17
TRD_Transformer_GATE_7_India_India_0013,India,SUNPHARMA.NS,2024-12-31,2024-10-17,2024-12-31,50,calendar_end,1888.5,1851.98,21,39.66,38.89,-845.52,-0.0213,0,Transformer_GATE_India_7,Transformer_GATE,7
TRD_Transformer_GATE_37_India_India_0016,India,TCS.NS,2024-12-31,2024-11-14,2024-12-31,30,calendar_end,3851.04,3813.6,7,26.96,26.7,-315.73,-0.0117,0,Transformer_GATE_India_37,Transformer_GATE,37
TRD_Transformer_GATE_17_India_India_0014,India,TITAN.NS,2024-12-31,2024-11-21,2024-12-31,27,calendar_end,3204.81,3232.78,11,35.25,35.56,236.9,0.0067,1,Transformer_GATE_India_17,Transformer_GATE,17
TRD_Transformer_GATE_37_India_India_0015,India,ULTRACEMCO.NS,2024-12-31,2024-11-08,2024-12-31,34,calendar_end,10740.4,11127.25,2,21.48,22.25,729.97,0.0339,1,Transformer_GATE_India_37,Transformer_GATE,37
TRD_Transformer_GATE_7_UK_UK_0001,UK,AZN.L,2024-02-09,2024-01-03,2024-02-12,28,atr_chandelier_stop,10679.62,9694.21,2,21.36,19.39,-2011.57,-0.0941,0,Transformer_GATE_UK_7,Transformer_GATE,7
TRD_Transformer_GATE_17_UK_UK_0003,UK,AZN.L,2024-02-09,2024-01-03,2024-02-12,28,atr_chandelier_stop,10679.62,9694.21,2,21.36,19.39,-2011.57,-0.0941,0,Transformer_GATE_UK_17,Transformer_GATE,17
TRD_Transformer_GATE_37_UK_UK_0001,UK,AZN.L,2024-02-09,2024-01-03,2024-02-12,28,atr_chandelier_stop,10679.62,9694.21,2,21.36,19.39,-2011.57,-0.0941,0,Transformer_GATE_UK_37,Transformer_GATE,37
TRD_Transformer_GATE_37_UK_UK_0002,UK,BA.L,2024-04-02,2024-01-03,2024-04-03,63,max_horizon,1116.41,1327.79,28,31.26,37.18,5850.41,0.187,1,Transformer_GATE_UK_37,Transformer_GATE,37
TRD_Transformer_GATE_7_UK_UK_0002,UK,CPG.L,2024-04-02,2024-01-03,2024-04-03,63,max_horizon,25.79,27.22,1227,31.64,33.4,1687.07,0.0533,1,Transformer_GATE_UK_7,Transformer_GATE,7
TRD_Transformer_GATE_17_UK_UK_0002,UK,CPG.L,2024-04-02,2024-01-03,2024-04-03,63,max_horizon,25.79,27.22,1227,31.64,33.4,1687.07,0.0533,1,Transformer_GATE_UK_17,Transformer_GATE,17
TRD_Transformer_GATE_7_UK_UK_0003,UK,DGE.L,2024-04-02,2024-01-03,2024-04-03,63,max_horizon,2817.12,2931.34,11,30.99,32.24,1193.15,0.0385,1,Transformer_GATE_UK_7,Transformer_GATE,7
TRD_Transformer_GATE_37_UK_UK_0003,UK,DGE.L,2024-04-02,2024-01-03,2024-04-03,63,max_horizon,2817.12,2931.34,11,30.99,32.24,1193.15,0.0385,1,Transformer_GATE_UK_37,Transformer_GATE,37
TRD_Transformer_GATE_17_UK_UK_0001,UK,RTO.L,2024-04-02,2024-01-03,2024-04-03,63,max_horizon,429.82,468.29,73,31.38,34.19,2743.09,0.0873,1,Transformer_GATE_UK_17,Transformer_GATE,17
TRD_Transformer_GATE_17_UK_UK_0004,UK,RMV.L,2024-04-16,2024-02-12,2024-04-17,45,atr_chandelier_stop,553.55,509.97,55,30.45,28.05,-2455.42,-0.0806,0,Transformer_GATE_UK_17,Transformer_GATE,17
TRD_Transformer_GATE_37_UK_UK_0005,UK,SPX.L,2024-05-02,2024-04-03,2024-05-03,22,atr_chandelier_stop,9768.87,8800.58,3,29.31,26.4,-2960.59,-0.1009,0,Transformer_GATE_UK_37,Transformer_GATE,37
TRD_Transformer_GATE_37_UK_UK_0004,UK,HLMA.L,2024-05-13,2024-02-12,2024-05-14,63,max_horizon,2223.57,2303.55,14,31.13,32.25,1056.41,0.0339,1,Transformer_GATE_UK_37,Transformer_GATE,37
TRD_Transformer_GATE_7_UK_UK_0004,UK,LSEG.L,2024-05-13,2024-02-12,2024-05-14,63,max_horizon,8836.19,9092.86,3,26.51,27.28,716.25,0.027,1,Transformer_GATE_UK_7,Transformer_GATE,7
TRD_Transformer_GATE_37_UK_UK_0006,UK,DGE.L,2024-05-28,2024-04-03,2024-05-29,38,atr_chandelier_stop,2931.34,2610.57,11,32.24,28.72,-3589.36,-0.1112,0,Transformer_GATE_UK_37,Transformer_GATE,37
TRD_Transformer_GATE_37_UK_UK_0007,UK,SPX.L,2024-06-11,2024-05-03,2024-06-12,26,atr_chandelier_stop,8800.58,8655.65,3,26.4,25.97,-487.15,-0.0184,0,Transformer_GATE_UK_37,Transformer_GATE,37
TRD_Transformer_GATE_17_UK_UK_0006,UK,AUTO.L,2024-07-02,2024-04-03,2024-07-03,63,max_horizon,691.51,811.06,46,31.81,37.31,5430.19,0.1705,1,Transformer_GATE_UK_17,Transformer_GATE,17
TRD_Transformer_GATE_7_UK_UK_0006,UK,AZN.L,2024-07-02,2024-04-03,2024-07-03,63,max_horizon,10515.34,12124.63,3,31.55,36.37,4759.94,0.1507,1,Transformer_GATE_UK_7,Transformer_GATE,7
TRD_Transformer_GATE_17_UK_UK_0005,UK,HLMA.L,2024-07-02,2024-04-03,2024-07-03,63,max_horizon,2339.54,2704.47,13,30.41,35.16,4678.5,0.1537,1,Transformer_GATE_UK_17,Transformer_GATE,17
TRD_Transformer_GATE_7_UK_UK_0005,UK,RMV.L,2024-07-02,2024-04-03,2024-07-03,63,max_horizon,537.76,536.02,60,32.27,32.16,-168.82,-0.0052,0,Transformer_GATE_UK_7,Transformer_GATE,7
TRD_Transformer_GATE_17_UK_UK_0007,UK,RMV.L,2024-07-16,2024-04-17,2024-07-17,63,max_horizon,509.97,581.2,60,30.6,34.87,4208.47,0.1374,1,Transformer_GATE_UK_17,Transformer_GATE,17
TRD_Transformer_GATE_7_UK_UK_0009,UK,RMV.L,2024-08-07,2024-07-03,2024-08-08,26,atr_chandelier_stop,536.02,515.23,62,33.23,31.94,-1354.33,-0.0407,0,Transformer_GATE_UK_7,Transformer_GATE,7
TRD_Transformer_GATE_37_UK_UK_0010,UK,SPX.L,2024-08-08,2024-06-12,2024-08-09,42,atr_chandelier_stop,8655.65,7821.07,3,25.97,23.46,-2553.17,-0.0982,0,Transformer_GATE_UK_37,Transformer_GATE,37
TRD_Transformer_GATE_7_UK_UK_0007,UK,LSEG.L,2024-08-09,2024-05-14,2024-08-12,63,max_horizon,9092.86,9882.59,3,27.28,29.65,2312.26,0.0847,1,Transformer_GATE_UK_7,Transformer_GATE,7
TRD_Transformer_GATE_37_UK_UK_0008,UK,LSEG.L,2024-08-09,2024-05-14,2024-08-12,63,max_horizon,9092.86,9882.59,3,27.28,29.65,2312.26,0.0847,1,Transformer_GATE_UK_37,Transformer_GATE,37
TRD_Transformer_GATE_37_UK_UK_0009,UK,HLMA.L,2024-08-23,2024-05-29,2024-08-27,63,max_horizon,2252.56,2568.63,14,31.54,35.96,4357.43,0.138,1,Transformer_GATE_UK_37,Transformer_GATE,37
TRD_Transformer_GATE_7_UK_UK_0010,UK,AZN.L,2024-09-13,2024-08-08,2024-09-16,26,atr_chandelier_stop,12621.18,11995.42,2,25.24,23.99,-1300.76,-0.0515,0,Transformer_GATE_UK_7,Transformer_GATE,7
TRD_Transformer_GATE_17_UK_UK_0008,UK,LSEG.L,2024-09-30,2024-07-03,2024-10-01,63,max_horizon,9256.81,10186.91,3,27.77,30.56,2731.96,0.0983,1,Transformer_GATE_UK_17,Transformer_GATE,17
TRD_Transformer_GATE_7_UK_UK_0008,UK,SGE.L,2024-09-30,2024-07-03,2024-10-01,63,max_horizon,1079.08,1027.1,31,33.45,31.84,-1676.66,-0.0501,0,Transformer_GATE_UK_7,Transformer_GATE,7
TRD_Transformer_GATE_17_UK_UK_0009,UK,SGE.L,2024-09-30,2024-07-03,2024-10-01,63,max_horizon,1079.08,1027.1,32,34.53,32.87,-1730.75,-0.0501,0,Transformer_GATE_UK_17,Transformer_GATE,17
TRD_Transformer_GATE_17_UK_UK_0010,UK,REL.L,2024-10-14,2024-07-17,2024-10-15,63,max_horizon,3535.33,3649.46,10,35.35,36.49,1069.42,0.0302,1,Transformer_GATE_UK_17,Transformer_GATE,17
TRD_Transformer_GATE_7_UK_UK_0013,UK,AZN.L,2024-11-05,2024-10-01,2024-11-06,26,atr_chandelier_stop,11655.55,10326.06,2,23.31,20.65,-2702.95,-0.1158,0,Transformer_GATE_UK_7,Transformer_GATE,7
TRD_Transformer_GATE_17_UK_UK_0012,UK,AZN.L,2024-11-05,2024-10-01,2024-11-06,26,atr_chandelier_stop,11655.55,10326.06,3,34.97,30.98,-4054.42,-0.1158,0,Transformer_GATE_UK_17,Transformer_GATE,17
TRD_Transformer_GATE_37_UK_UK_0011,UK,EXPN.L,2024-11-06,2024-08-09,2024-11-07,63,max_horizon,3504.9,3856.78,9,31.54,34.71,3100.75,0.0982,1,Transformer_GATE_UK_37,Transformer_GATE,37
TRD_Transformer_GATE_7_UK_UK_0011,UK,EXPN.L,2024-11-07,2024-08-12,2024-11-08,63,max_horizon,3501.9,3879.78,9,31.52,34.92,3334.49,0.1057,1,Transformer_GATE_UK_7,Transformer_GATE,7
TRD_Transformer_GATE_37_UK_UK_0012,UK,SGE.L,2024-11-07,2024-08-12,2024-11-08,63,max_horizon,999.61,1042.59,32,31.99,33.36,1310.11,0.0409,1,Transformer_GATE_UK_37,Transformer_GATE,37
TRD_Transformer_GATE_37_UK_UK_0013,UK,LSEG.L,2024-11-21,2024-08-27,2024-11-22,63,max_horizon,10101.93,11086.63,3,30.31,33.26,2890.54,0.0953,1,Transformer_GATE_UK_37,Transformer_GATE,37
TRD_Transformer_GATE_17_UK_UK_0014,UK,CRDA.L,2024-12-02,2024-11-06,2024-12-03,19,atr_chandelier_stop,3746.09,3412.35,9,33.71,30.71,-3068.09,-0.0909,0,Transformer_GATE_UK_17,Transformer_GATE,17
TRD_Transformer_GATE_7_UK_UK_0012,UK,LSEG.L,2024-12-11,2024-09-16,2024-12-12,63,max_horizon,10481.82,11331.56,3,31.45,33.99,2483.78,0.0789,1,Transformer_GATE_UK_7,Transformer_GATE,7
TRD_Transformer_GATE_37_UK_UK_0015,UK,DGE.L,2024-12-17,2024-11-08,2024-12-18,28,atr_chandelier_stop,2339.71,2538.6,14,32.76,35.54,2716.17,0.0828,1,Transformer_GATE_UK_37,Transformer_GATE,37
TRD_Transformer_GATE_37_UK_UK_0016,UK,EXPN.L,2024-12-30,2024-11-22,2024-12-31,25,atr_chandelier_stop,3751.82,3409.93,9,33.77,30.69,-3141.48,-0.0929,0,Transformer_GATE_UK_37,Transformer_GATE,37
TRD_Transformer_GATE_17_UK_UK_0011,UK,LSEG.L,2024-12-30,2024-10-01,2024-12-31,63,max_horizon,10186.91,11311.56,3,30.56,33.93,3309.48,0.1082,1,Transformer_GATE_UK_17,Transformer_GATE,17
TRD_Transformer_GATE_37_UK_UK_0014,UK,AUTO.L,2024-12-31,2024-11-07,2024-12-31,36,calendar_end,795.53,792.73,43,34.21,34.09,-188.66,-0.0055,0,Transformer_GATE_UK_37,Transformer_GATE,37
TRD_Transformer_GATE_7_UK_UK_0016,UK,AZN.L,2024-12-31,2024-12-12,2024-12-31,11,calendar_end,10539.98,10464.01,3,31.62,31.39,-290.92,-0.0092,0,Transformer_GATE_UK_7,Transformer_GATE,7
TRD_Transformer_GATE_37_UK_UK_0017,UK,HLMA.L,2024-12-31,2024-12-18,2024-12-31,7,calendar_end,2800.59,2688.7,8,22.4,21.51,-939.1,-0.0419,0,Transformer_GATE_UK_37,Transformer_GATE,37
TRD_Transformer_GATE_7_UK_UK_0015,UK,PRU.L,2024-12-31,2024-11-08,2024-12-31,35,calendar_end,667.38,636.79,49,32.7,31.2,-1562.8,-0.0477,0,Transformer_GATE_UK_7,Transformer_GATE,7
TRD_Transformer_GATE_7_UK_UK_0014,UK,RMV.L,2024-12-31,2024-11-06,2024-12-31,37,calendar_end,604.43,641.62,55,33.24,35.29,1976.88,0.0594,1,Transformer_GATE_UK_7,Transformer_GATE,7
TRD_Transformer_GATE_17_UK_UK_0013,UK,RMV.L,2024-12-31,2024-10-15,2024-12-31,53,calendar_end,640.42,641.62,57,36.5,36.57,-4.7,-0.0001,0,Transformer_GATE_UK_17,Transformer_GATE,17
TRD_Transformer_GATE_17_UK_UK_0015,UK,RTO.L,2024-12-31,2024-12-03,2024-12-31,18,calendar_end,402.81,400.61,88,35.45,35.25,-264.21,-0.0074,0,Transformer_GATE_UK_17,Transformer_GATE,17
TRD_Transformer_GATE_7_US_US_0002,US,INTU,2024-04-03,2024-01-03,2024-04-04,63,max_horizon,584.62,620.99,54,31.57,33.53,1898.86,0.0601,1,Transformer_GATE_US_7,Transformer_GATE,7
TRD_Transformer_GATE_17_US_US_0003,US,ISRG,2024-04-03,2024-01-03,2024-04-04,63,max_horizon,328.1,387.76,96,31.5,37.22,5658.64,0.1795,1,Transformer_GATE_US_17,Transformer_GATE,17
TRD_Transformer_GATE_7_US_US_0003,US,LMT,2024-04-03,2024-01-03,2024-04-04,63,max_horizon,429.2,424.31,73,31.33,30.97,-419.22,-0.0134,0,Transformer_GATE_US_7,Transformer_GATE,7
TRD_Transformer_GATE_17_US_US_0001,US,LMT,2024-04-03,2024-01-03,2024-04-04,63,max_horizon,429.2,424.31,73,31.33,30.97,-419.22,-0.0134,0,Transformer_GATE_US_17,Transformer_GATE,17
TRD_Transformer_GATE_37_US_US_0002,US,LMT,2024-04-03,2024-01-03,2024-04-04,63,max_horizon,429.2,424.31,73,31.33,30.97,-419.22,-0.0134,0,Transformer_GATE_US_37,Transformer_GATE,37
TRD_Transformer_GATE_7_US_US_0001,US,REGN,2024-04-03,2024-01-03,2024-04-04,63,max_horizon,898.32,953.2,35,31.44,33.36,1856.07,0.059,1,Transformer_GATE_US_7,Transformer_GATE,7
TRD_Transformer_GATE_17_US_US_0002,US,REGN,2024-04-03,2024-01-03,2024-04-04,63,max_horizon,898.32,953.2,35,31.44,33.36,1856.07,0.059,1,Transformer_GATE_US_17,Transformer_GATE,17
TRD_Transformer_GATE_37_US_US_0003,US,REGN,2024-04-03,2024-01-03,2024-04-04,63,max_horizon,898.32,953.2,35,31.44,33.36,1856.07,0.059,1,Transformer_GATE_US_37,Transformer_GATE,37
TRD_Transformer_GATE_37_US_US_0001,US,V,2024-04-03,2024-01-03,2024-04-04,63,max_horizon,253.26,273.17,125,31.66,34.15,2423.32,0.0765,1,Transformer_GATE_US_37,Transformer_GATE,37
TRD_Transformer_GATE_37_US_US_0005,US,AMD,2024-04-15,2024-04-04,2024-04-16,8,atr_chandelier_stop,182.92,162.28,178,32.56,28.89,-3735.37,-0.1146,0,Transformer_GATE_US_37,Transformer_GATE,37
TRD_Transformer_GATE_37_US_US_0006,US,INTU,2024-05-28,2024-04-04,2024-05-29,38,atr_chandelier_stop,620.99,582.04,52,32.29,30.27,-2087.92,-0.0646,0,Transformer_GATE_US_37,Transformer_GATE,37
TRD_Transformer_GATE_37_US_US_0008,US,CRM,2024-05-30,2024-05-29,2024-05-31,2,atr_chandelier_stop,263.79,215.67,120,31.65,25.88,-5832.1,-0.1841,0,Transformer_GATE_US_37,Transformer_GATE,37
TRD_Transformer_GATE_7_US_US_0005,US,AAPL,2024-07-03,2024-04-04,2024-07-05,63,max_horizon,168.45,219.56,192,32.34,42.15,9737.38,0.3008,1,Transformer_GATE_US_7,Transformer_GATE,7
TRD_Transformer_GATE_7_US_US_0004,US,AMGN,2024-07-03,2024-04-04,2024-07-05,63,max_horizon,256.29,290.82,126,32.29,36.64,4281.49,0.1325,1,Transformer_GATE_US_7,Transformer_GATE,7
TRD_Transformer_GATE_17_US_US_0006,US,LMT,2024-07-03,2024-04-04,2024-07-05,63,max_horizon,424.31,441.13,79,33.52,34.85,1260.88,0.0376,1,Transformer_GATE_US_17,Transformer_GATE,17
TRD_Transformer_GATE_17_US_US_0004,US,REGN,2024-07-03,2024-04-04,2024-07-05,63,max_horizon,953.2,1017.86,35,33.36,35.63,2194.11,0.0657,1,Transformer_GATE_US_17,Transformer_GATE,17
TRD_Transformer_GATE_37_US_US_0004,US,REGN,2024-07-03,2024-04-04,2024-07-05,63,max_horizon,953.2,1017.86,34,32.41,34.61,2131.42,0.0657,1,Transformer_GATE_US_37,Transformer_GATE,37
TRD_Transformer_GATE_7_US_US_0006,US,V,2024-07-03,2024-04-04,2024-07-05,63,max_horizon,273.17,264.47,118,32.23,31.21,-1089.68,-0.0338,0,Transformer_GATE_US_7,Transformer_GATE,7
TRD_Transformer_GATE_17_US_US_0005,US,V,2024-07-03,2024-04-04,2024-07-05,63,max_horizon,273.17,264.47,123,33.6,32.53,-1135.85,-0.0338,0,Transformer_GATE_US_17,Transformer_GATE,17
TRD_Transformer_GATE_37_US_US_0007,US,AMD,2024-07-16,2024-04-16,2024-07-17,63,max_horizon,162.28,169.8,188,30.51,31.92,1351.33,0.0442,1,Transformer_GATE_US_37,Transformer_GATE,37
TRD_Transformer_GATE_37_US_US_0009,US,NOC,2024-09-03,2024-06-04,2024-09-04,63,max_horizon,434.72,509.02,67,29.13,34.1,4914.94,0.1686,1,Transformer_GATE_US_37,Transformer_GATE,37
TRD_Transformer_GATE_7_US_US_0009,US,CRM,2024-10-02,2024-07-05,2024-10-03,63,max_horizon,258.59,275.46,142,36.72,39.12,2320.19,0.0631,1,Transformer_GATE_US_7,Transformer_GATE,7
TRD_Transformer_GATE_17_US_US_0008,US,INTU,2024-10-02,2024-07-05,2024-10-03,63,max_horizon,642.68,590.82,53,34.06,31.31,-2814.09,-0.0825,0,Transformer_GATE_US_17,Transformer_GATE,17
TRD_Transformer_GATE_7_US_US_0007,US,LMT,2024-10-02,2024-07-05,2024-10-03,63,max_horizon,441.13,576.64,83,36.61,47.86,11162.46,0.3046,1,Transformer_GATE_US_7,Transformer_GATE,7
TRD_Transformer_GATE_17_US_US_0009,US,LMT,2024-10-02,2024-07-05,2024-10-03,63,max_horizon,441.13,576.64,78,34.41,44.98,10490.02,0.3046,1,Transformer_GATE_US_17,Transformer_GATE,17
TRD_Transformer_GATE_37_US_US_0010,US,LMT,2024-10-02,2024-07-05,2024-10-03,63,max_horizon,441.13,576.64,67,29.56,38.63,9010.66,0.3046,1,Transformer_GATE_US_37,Transformer_GATE,37
TRD_Transformer_GATE_7_US_US_0008,US,NOC,2024-10-02,2024-07-05,2024-10-03,63,max_horizon,422.92,524.41,86,36.37,45.1,8646.87,0.2375,1,Transformer_GATE_US_7,Transformer_GATE,7
TRD_Transformer_GATE_17_US_US_0007,US,NOC,2024-10-02,2024-07-05,2024-10-03,63,max_horizon,422.92,524.41,81,34.26,42.48,8144.15,0.2375,1,Transformer_GATE_US_17,Transformer_GATE,17
TRD_Transformer_GATE_37_US_US_0011,US,ISRG,2024-10-14,2024-07-17,2024-10-15,63,max_horizon,430.01,488.0,71,30.53,34.65,4052.11,0.1326,1,Transformer_GATE_US_37,Transformer_GATE,37
TRD_Transformer_GATE_37_US_US_0014,US,AVGO,2024-11-15,2024-10-15,2024-11-18,24,atr_chandelier_stop,178.04,163.14,215,38.28,35.07,-3276.76,-0.0855,0,Transformer_GATE_US_37,Transformer_GATE,37
TRD_Transformer_GATE_7_US_US_0011,US,INTU,2024-11-25,2024-10-03,2024-11-26,38,atr_chandelier_stop,590.82,623.0,74,43.72,46.1,2291.44,0.0524,1,Transformer_GATE_US_7,Transformer_GATE,7
TRD_Transformer_GATE_17_US_US_0011,US,INTU,2024-11-25,2024-10-03,2024-11-26,38,atr_chandelier_stop,590.82,623.0,67,39.58,41.74,2074.69,0.0524,1,Transformer_GATE_US_17,Transformer_GATE,17
TRD_Transformer_GATE_17_US_US_0010,US,NOC,2024-11-25,2024-10-03,2024-11-26,38,atr_chandelier_stop,524.41,472.64,75,39.33,35.45,-3957.21,-0.1005,0,Transformer_GATE_US_17,Transformer_GATE,17
TRD_Transformer_GATE_37_US_US_0012,US,CRM,2024-12-02,2024-09-04,2024-12-03,63,max_horizon,242.97,323.26,144,34.99,46.55,11479.98,0.3278,1,Transformer_GATE_US_37,Transformer_GATE,37
TRD_Transformer_GATE_7_US_US_0010,US,ADBE,2024-12-12,2024-10-03,2024-12-13,50,atr_chandelier_stop,501.02,473.98,87,43.59,41.24,-2437.3,-0.0559,0,Transformer_GATE_US_7,Transformer_GATE,7
TRD_Transformer_GATE_37_US_US_0016,US,REGN,2024-12-19,2024-12-03,2024-12-20,13,atr_chandelier_stop,751.44,703.56,53,39.83,37.29,-2614.66,-0.0656,0,Transformer_GATE_US_37,Transformer_GATE,37
TRD_Transformer_GATE_7_US_US_0014,US,AMGN,2024-12-31,2024-12-13,2024-12-31,11,calendar_end,259.05,247.36,174,45.08,43.04,-2122.59,-0.047,0,Transformer_GATE_US_7,Transformer_GATE,7
TRD_Transformer_GATE_37_US_US_0017,US,AMGN,2024-12-31,2024-12-20,2024-12-31,6,calendar_end,255.3,247.36,156,39.83,38.59,-1316.13,-0.033,0,Transformer_GATE_US_37,Transformer_GATE,37
TRD_Transformer_GATE_37_US_US_0013,US,AMZN,2024-12-31,2024-10-03,2024-12-31,61,calendar_end,183.05,219.39,204,37.34,44.76,7331.26,0.1961,1,Transformer_GATE_US_37,Transformer_GATE,37
TRD_Transformer_GATE_7_US_US_0013,US,LMT,2024-12-31,2024-11-26,2024-12-31,23,calendar_end,495.5,466.5,94,46.58,43.85,-2816.77,-0.0604,0,Transformer_GATE_US_7,Transformer_GATE,7
TRD_Transformer_GATE_17_US_US_0014,US,LMT,2024-12-31,2024-11-26,2024-12-31,23,calendar_end,495.5,466.5,78,38.65,36.39,-2337.32,-0.0604,0,Transformer_GATE_US_17,Transformer_GATE,17
TRD_Transformer_GATE_17_US_US_0012,US,MSFT,2024-12-31,2024-10-03,2024-12-31,61,calendar_end,411.14,415.78,96,39.47,39.91,366.09,0.0093,1,Transformer_GATE_US_17,Transformer_GATE,17
TRD_Transformer_GATE_17_US_US_0013,US,NOC,2024-12-31,2024-11-26,2024-12-31,23,calendar_end,472.64,457.79,82,38.76,37.54,-1294.0,-0.0334,0,Transformer_GATE_US_17,Transformer_GATE,17
TRD_Transformer_GATE_37_US_US_0015,US,NOC,2024-12-31,2024-12-03,2024-12-31,19,calendar_end,473.78,457.79,85,40.27,38.91,-1438.2,-0.0357,0,Transformer_GATE_US_37,Transformer_GATE,37
TRD_Transformer_GATE_7_US_US_0012,US,V,2024-12-31,2024-10-03,2024-12-31,61,calendar_end,272.56,311.94,160,43.61,49.91,6206.84,0.1422,1,Transformer_GATE_US_7,Transformer_GATE,7
TRD_Transformer_MIX_SELECTED_7_Brazil_Brazil_0001,Brazil,VALE3.SA,2024-01-18,2024-01-03,2024-01-19,12,atr_chandelier_stop,60.34,54.67,524,31.62,28.65,-3032.18,-0.0958,0,Transformer_MIX_SELECTED_Brazil_7,Transformer_MIX_SELECTED,7
TRD_Transformer_MIX_SELECTED_17_Brazil_Brazil_0002,Brazil,LREN3.SA,2024-02-05,2024-01-03,2024-02-06,24,atr_chandelier_stop,13.73,11.98,2307,31.67,27.64,-4088.79,-0.129,0,Transformer_MIX_SELECTED_Brazil_17,Transformer_MIX_SELECTED,17
TRD_Transformer_MIX_SELECTED_37_Brazil_Brazil_0003,Brazil,FLRY3.SA,2024-02-14,2024-01-03,2024-02-15,29,atr_chandelier_stop,14.7,13.1,2154,31.66,28.22,-3498.37,-0.1104,0,Transformer_MIX_SELECTED_Brazil_37,Transformer_MIX_SELECTED,37
TRD_Transformer_MIX_SELECTED_7_Brazil_Brazil_0002,Brazil,B3SA3.SA,2024-02-15,2024-01-03,2024-02-16,30,atr_chandelier_stop,12.89,11.59,2457,31.66,28.47,-3253.13,-0.1026,0,Transformer_MIX_SELECTED_Brazil_7,Transformer_MIX_SELECTED,7
TRD_Transformer_MIX_SELECTED_17_Brazil_Brazil_0003,Brazil,B3SA3.SA,2024-02-15,2024-01-03,2024-02-16,30,atr_chandelier_stop,12.89,11.59,2457,31.66,28.47,-3253.13,-0.1026,0,Transformer_MIX_SELECTED_Brazil_17,Transformer_MIX_SELECTED,17
TRD_Transformer_MIX_SELECTED_17_Brazil_Brazil_0004,Brazil,PETR4.SA,2024-03-08,2024-02-06,2024-03-11,22,atr_chandelier_stop,28.56,24.58,1041,29.73,25.58,-4201.01,-0.1412,0,Transformer_MIX_SELECTED_Brazil_17,Transformer_MIX_SELECTED,17
TRD_Transformer_MIX_SELECTED_37_Brazil_Brazil_0001,Brazil,PETR4.SA,2024-03-08,2024-01-03,2024-03-11,46,atr_chandelier_stop,26.04,24.58,1215,31.64,29.86,-1844.6,-0.0582,0,Transformer_MIX_SELECTED_Brazil_37,Transformer_MIX_SELECTED,37
TRD_Transformer_MIX_SELECTED_7_Brazil_Brazil_0004,Brazil,VALE3.SA,2024-03-15,2024-01-19,2024-03-18,39,atr_chandelier_stop,54.67,49.71,545,29.8,27.09,-2759.56,-0.0925,0,Transformer_MIX_SELECTED_Brazil_7,Transformer_MIX_SELECTED,7
TRD_Transformer_MIX_SELECTED_17_Brazil_Brazil_0001,Brazil,RAIL3.SA,2024-04-03,2024-01-03,2024-04-04,63,max_horizon,21.11,21.17,1500,31.66,31.76,36.06,0.0011,1,Transformer_MIX_SELECTED_Brazil_17,Transformer_MIX_SELECTED,17
TRD_Transformer_MIX_SELECTED_37_Brazil_Brazil_0002,Brazil,RAIL3.SA,2024-04-03,2024-01-03,2024-04-04,63,max_horizon,21.11,21.17,1500,31.66,31.76,36.06,0.0011,1,Transformer_MIX_SELECTED_Brazil_37,Transformer_MIX_SELECTED,37
TRD_Transformer_MIX_SELECTED_7_Brazil_Brazil_0003,Brazil,SUZB3.SA,2024-04-03,2024-01-03,2024-04-04,63,max_horizon,51.94,61.18,609,31.63,37.26,5558.8,0.1756,1,Transformer_MIX_SELECTED_Brazil_7,Transformer_MIX_SELECTED,7
TRD_Transformer_MIX_SELECTED_7_Brazil_Brazil_0005,Brazil,B3SA3.SA,2024-04-15,2024-02-16,2024-04-16,41,atr_chandelier_stop,11.59,10.41,2471,28.63,25.71,-2972.96,-0.1037,0,Transformer_MIX_SELECTED_Brazil_7,Transformer_MIX_SELECTED,7
TRD_Transformer_MIX_SELECTED_17_Brazil_Brazil_0005,Brazil,B3SA3.SA,2024-04-15,2024-02-16,2024-04-16,41,atr_chandelier_stop,11.59,10.41,2606,30.2,27.12,-3135.39,-0.1037,0,Transformer_MIX_SELECTED_Brazil_17,Transformer_MIX_SELECTED,17
TRD_Transformer_MIX_SELECTED_37_Brazil_Brazil_0004,Brazil,B3SA3.SA,2024-04-15,2024-02-15,2024-04-16,42,atr_chandelier_stop,11.79,10.41,2726,32.13,28.37,-3825.32,-0.1189,0,Transformer_MIX_SELECTED_Brazil_37,Transformer_MIX_SELECTED,37
TRD_Transformer_MIX_SELECTED_17_Brazil_Brazil_0007,Brazil,RENT3.SA,2024-04-22,2024-04-04,2024-04-23,13,atr_chandelier_stop,46.92,44.19,581,27.26,25.68,-1640.33,-0.0601,0,Transformer_MIX_SELECTED_Brazil_17,Transformer_MIX_SELECTED,17
TRD_Transformer_MIX_SELECTED_7_Brazil_Brazil_0006,Brazil,RAIL3.SA,2024-04-24,2024-03-18,2024-04-25,27,atr_chandelier_stop,20.9,19.51,1413,29.53,27.56,-2024.88,-0.0685,0,Transformer_MIX_SELECTED_Brazil_7,Transformer_MIX_SELECTED,7
TRD_Transformer_MIX_SELECTED_37_Brazil_Brazil_0006,Brazil,RAIL3.SA,2024-04-24,2024-04-04,2024-04-25,15,atr_chandelier_stop,21.17,19.51,1364,28.88,26.61,-2329.79,-0.0806,0,Transformer_MIX_SELECTED_Brazil_37,Transformer_MIX_SELECTED,37
TRD_Transformer_MIX_SELECTED_17_Brazil_Brazil_0008,Brazil,MGLU3.SA,2024-05-24,2024-04-16,2024-05-27,28,atr_chandelier_stop,13.65,11.75,1963,26.79,23.07,-3771.76,-0.1406,0,Transformer_MIX_SELECTED_Brazil_17,Transformer_MIX_SELECTED,17
TRD_Transformer_MIX_SELECTED_37_Brazil_Brazil_0007,Brazil,RADL3.SA,2024-06-05,2024-04-16,2024-06-06,35,atr_chandelier_stop,24.37,23.29,1173,28.58,27.32,-1320.68,-0.0462,0,Transformer_MIX_SELECTED_Brazil_37,Transformer_MIX_SELECTED,37
TRD_Transformer_MIX_SELECTED_7_Brazil_Brazil_0008,Brazil,B3SA3.SA,2024-06-10,2024-04-16,2024-06-11,38,atr_chandelier_stop,10.41,9.71,2833,29.48,27.5,-2032.68,-0.0689,0,Transformer_MIX_SELECTED_Brazil_7,Transformer_MIX_SELECTED,7
TRD_Transformer_MIX_SELECTED_17_Brazil_Brazil_0009,Brazil,B3SA3.SA,2024-06-10,2024-04-23,2024-06-11,33,atr_chandelier_stop,10.23,9.71,2626,26.87,25.49,-1425.87,-0.053,0,Transformer_MIX_SELECTED_Brazil_17,Transformer_MIX_SELECTED,17
TRD_Transformer_MIX_SELECTED_37_Brazil_Brazil_0005,Brazil,VALE3.SA,2024-06-10,2024-03-11,2024-06-11,63,max_horizon,50.96,49.64,585,29.81,29.04,-831.11,-0.0279,0,Transformer_MIX_SELECTED_Brazil_37,Transformer_MIX_SELECTED,37
TRD_Transformer_MIX_SELECTED_17_Brazil_Brazil_0010,Brazil,RENT3.SA,2024-06-13,2024-05-27,2024-06-14,13,atr_chandelier_stop,40.22,35.88,636,25.58,22.82,-2809.23,-0.1097,0,Transformer_MIX_SELECTED_Brazil_17,Transformer_MIX_SELECTED,17
TRD_Transformer_MIX_SELECTED_7_Brazil_Brazil_0007,Brazil,WEGE3.SA,2024-07-03,2024-04-04,2024-07-04,63,max_horizon,35.48,39.67,845,29.98,33.52,3475.56,0.1158,1,Transformer_MIX_SELECTED_Brazil_7,Transformer_MIX_SELECTED,7
TRD_Transformer_MIX_SELECTED_17_Brazil_Brazil_0006,Brazil,WEGE3.SA,2024-07-03,2024-04-04,2024-07-04,63,max_horizon,35.48,39.67,769,27.28,30.5,3162.97,0.1158,1,Transformer_MIX_SELECTED_Brazil_17,Transformer_MIX_SELECTED,17
TRD_Transformer_MIX_SELECTED_7_Brazil_Brazil_0009,Brazil,EQTL3.SA,2024-07-24,2024-04-25,2024-07-25,63,max_horizon,27.78,30.13,1035,28.75,31.18,2375.79,0.0826,1,Transformer_MIX_SELECTED_Brazil_7,Transformer_MIX_SELECTED,7
TRD_Transformer_MIX_SELECTED_37_Brazil_Brazil_0008,Brazil,ITUB4.SA,2024-07-24,2024-04-25,2024-07-25,63,max_horizon,23.5,25.43,1186,27.87,30.16,2237.3,0.0802,1,Transformer_MIX_SELECTED_Brazil_37,Transformer_MIX_SELECTED,37
TRD_Transformer_MIX_SELECTED_37_Brazil_Brazil_0009,Brazil,RADL3.SA,2024-09-02,2024-06-06,2024-09-03,63,max_horizon,23.29,25.72,1173,27.32,30.17,2792.18,0.1021,1,Transformer_MIX_SELECTED_Brazil_37,Transformer_MIX_SELECTED,37
TRD_Transformer_MIX_SELECTED_17_Brazil_Brazil_0011,Brazil,ITUB4.SA,2024-09-05,2024-06-11,2024-09-06,63,max_horizon,23.23,28.08,1043,24.22,29.29,5008.09,0.2065,1,Transformer_MIX_SELECTED_Brazil_17,Transformer_MIX_SELECTED,17
TRD_Transformer_MIX_SELECTED_7_Brazil_Brazil_0010,Brazil,LREN3.SA,2024-09-05,2024-06-11,2024-09-06,63,max_horizon,10.35,14.72,2715,28.1,39.96,11793.32,0.4193,1,Transformer_MIX_SELECTED_Brazil_7,Transformer_MIX_SELECTED,7
TRD_Transformer_MIX_SELECTED_37_Brazil_Brazil_0010,Brazil,WEGE3.SA,2024-09-05,2024-06-11,2024-09-06,63,max_horizon,35.5,50.63,771,27.37,39.04,11602.35,0.4235,1,Transformer_MIX_SELECTED_Brazil_37,Transformer_MIX_SELECTED,37
TRD_Transformer_MIX_SELECTED_17_Brazil_Brazil_0012,Brazil,LREN3.SA,2024-09-10,2024-06-14,2024-09-11,63,max_horizon,10.14,14.5,2375,24.08,34.45,10311.24,0.4278,1,Transformer_MIX_SELECTED_Brazil_17,Transformer_MIX_SELECTED,17
TRD_Transformer_MIX_SELECTED_37_Brazil_Brazil_0012,Brazil,B3SA3.SA,2024-09-23,2024-09-03,2024-09-24,15,atr_chandelier_stop,11.52,10.51,2859,32.93,30.05,-2945.94,-0.0894,0,Transformer_MIX_SELECTED_Brazil_37,Transformer_MIX_SELECTED,37
TRD_Transformer_MIX_SELECTED_37_Brazil_Brazil_0011,Brazil,TOTS3.SA,2024-09-26,2024-07-25,2024-09-27,46,atr_chandelier_stop,26.38,27.09,1159,30.57,31.39,758.31,0.0248,1,Transformer_MIX_SELECTED_Brazil_37,Transformer_MIX_SELECTED,37
TRD_Transformer_MIX_SELECTED_7_Brazil_Brazil_0011,Brazil,WEGE3.SA,2024-09-30,2024-07-04,2024-10-01,63,max_horizon,39.67,51.83,754,29.91,39.08,9106.3,0.3042,1,Transformer_MIX_SELECTED_Brazil_7,Transformer_MIX_SELECTED,7
TRD_Transformer_MIX_SELECTED_17_Brazil_Brazil_0013,Brazil,WEGE3.SA,2024-09-30,2024-07-04,2024-10-01,63,max_horizon,39.67,51.83,639,25.35,33.12,7717.41,0.3042,1,Transformer_MIX_SELECTED_Brazil_17,Transformer_MIX_SELECTED,17
TRD_Transformer_MIX_SELECTED_17_Brazil_Brazil_0015,Brazil,RADL3.SA,2024-10-11,2024-09-11,2024-10-14,23,atr_chandelier_stop,25.48,23.72,1243,31.68,29.49,-2251.4,-0.071,0,Transformer_MIX_SELECTED_Brazil_17,Transformer_MIX_SELECTED,17
TRD_Transformer_MIX_SELECTED_7_Brazil_Brazil_0012,Brazil,VALE3.SA,2024-10-21,2024-07-25,2024-10-22,63,max_horizon,49.72,51.24,629,31.27,32.23,891.41,0.0285,1,Transformer_MIX_SELECTED_Brazil_7,Transformer_MIX_SELECTED,7
TRD_Transformer_MIX_SELECTED_37_Brazil_Brazil_0014,Brazil,RADL3.SA,2024-10-29,2024-09-24,2024-10-30,26,atr_chandelier_stop,25.3,22.62,1245,31.5,28.16,-3407.63,-0.1081,0,Transformer_MIX_SELECTED_Brazil_37,Transformer_MIX_SELECTED,37
TRD_Transformer_MIX_SELECTED_7_Brazil_Brazil_0013,Brazil,TOTS3.SA,2024-11-11,2024-09-06,2024-11-12,47,atr_chandelier_stop,28.69,28.83,1268,36.38,36.55,98.62,0.0027,1,Transformer_MIX_SELECTED_Brazil_7,Transformer_MIX_SELECTED,7
TRD_Transformer_MIX_SELECTED_17_Brazil_Brazil_0014,Brazil,TOTS3.SA,2024-11-11,2024-09-06,2024-11-12,47,atr_chandelier_stop,28.69,28.83,1122,32.19,32.34,87.27,0.0027,1,Transformer_MIX_SELECTED_Brazil_17,Transformer_MIX_SELECTED,17
TRD_Transformer_MIX_SELECTED_37_Brazil_Brazil_0015,Brazil,TOTS3.SA,2024-11-11,2024-09-27,2024-11-12,32,atr_chandelier_stop,27.09,28.83,1158,31.37,33.38,1949.58,0.0621,1,Transformer_MIX_SELECTED_Brazil_37,Transformer_MIX_SELECTED,37
TRD_Transformer_MIX_SELECTED_37_Brazil_Brazil_0016,Brazil,ITUB4.SA,2024-11-28,2024-10-30,2024-11-29,20,atr_chandelier_stop,26.62,24.69,1151,30.64,28.41,-2281.31,-0.0744,0,Transformer_MIX_SELECTED_Brazil_37,Transformer_MIX_SELECTED,37
TRD_Transformer_MIX_SELECTED_37_Brazil_Brazil_0013,Brazil,KLBN11.SA,2024-12-05,2024-09-06,2024-12-06,63,max_horizon,19.22,20.74,1751,33.66,36.32,2593.02,0.077,1,Transformer_MIX_SELECTED_Brazil_37,Transformer_MIX_SELECTED,37
TRD_Transformer_MIX_SELECTED_7_Brazil_Brazil_0015,Brazil,MGLU3.SA,2024-12-06,2024-10-22,2024-12-09,32,atr_chandelier_stop,8.77,7.89,4175,36.6,32.93,-3740.67,-0.1021,0,Transformer_MIX_SELECTED_Brazil_7,Transformer_MIX_SELECTED,7
TRD_Transformer_MIX_SELECTED_17_Brazil_Brazil_0016,Brazil,MGLU3.SA,2024-12-06,2024-10-01,2024-12-09,47,atr_chandelier_stop,8.96,7.89,3478,31.16,27.43,-3785.84,-0.1214,0,Transformer_MIX_SELECTED_Brazil_17,Transformer_MIX_SELECTED,17
TRD_Transformer_MIX_SELECTED_7_Brazil_Brazil_0014,Brazil,RADL3.SA,2024-12-16,2024-10-01,2024-12-17,53,atr_chandelier_stop,24.31,22.19,1526,37.09,33.86,-3303.8,-0.089,0,Transformer_MIX_SELECTED_Brazil_7,Transformer_MIX_SELECTED,7
TRD_Transformer_MIX_SELECTED_17_Brazil_Brazil_0018,Brazil,RADL3.SA,2024-12-16,2024-11-12,2024-12-17,23,atr_chandelier_stop,23.83,22.19,1324,31.54,29.38,-2226.78,-0.0705,0,Transformer_MIX_SELECTED_Brazil_17,Transformer_MIX_SELECTED,17
TRD_Transformer_MIX_SELECTED_17_Brazil_Brazil_0017,Brazil,RAIL3.SA,2024-12-16,2024-10-14,2024-12-17,44,atr_chandelier_stop,18.21,17.8,1667,30.35,29.67,-742.23,-0.0244,0,Transformer_MIX_SELECTED_Brazil_17,Transformer_MIX_SELECTED,17
TRD_Transformer_MIX_SELECTED_7_Brazil_Brazil_0017,Brazil,FLRY3.SA,2024-12-18,2024-12-09,2024-12-19,8,atr_chandelier_stop,11.22,10.59,3060,34.34,32.41,-1993.46,-0.058,0,Transformer_MIX_SELECTED_Brazil_7,Transformer_MIX_SELECTED,7
TRD_Transformer_MIX_SELECTED_37_Brazil_Brazil_0017,Brazil,FLRY3.SA,2024-12-18,2024-11-12,2024-12-19,25,atr_chandelier_stop,11.94,10.59,2593,30.96,27.47,-3549.95,-0.1146,0,Transformer_MIX_SELECTED_Brazil_37,Transformer_MIX_SELECTED,37
TRD_Transformer_MIX_SELECTED_7_Brazil_Brazil_0016,Brazil,ITUB4.SA,2024-12-18,2024-11-12,2024-12-19,25,atr_chandelier_stop,26.49,23.74,1391,36.84,33.02,-3890.86,-0.1055,0,Transformer_MIX_SELECTED_Brazil_7,Transformer_MIX_SELECTED,7
TRD_Transformer_MIX_SELECTED_17_Brazil_Brazil_0019,Brazil,MGLU3.SA,2024-12-18,2024-12-09,2024-12-19,8,atr_chandelier_stop,7.89,6.18,3797,29.94,23.48,-6522.28,-0.2176,0,Transformer_MIX_SELECTED_Brazil_17,Transformer_MIX_SELECTED,17
TRD_Transformer_MIX_SELECTED_37_Brazil_Brazil_0019,Brazil,B3SA3.SA,2024-12-30,2024-12-06,2024-12-30,14,calendar_end,9.23,9.63,3384,31.23,32.58,1293.89,0.0414,1,Transformer_MIX_SELECTED_Brazil_37,Transformer_MIX_SELECTED,37
TRD_Transformer_MIX_SELECTED_7_Brazil_Brazil_0019,Brazil,FLRY3.SA,2024-12-30,2024-12-19,2024-12-30,5,calendar_end,10.59,10.47,2961,31.37,31.01,-422.01,-0.0134,0,Transformer_MIX_SELECTED_Brazil_7,Transformer_MIX_SELECTED,7
TRD_Transformer_MIX_SELECTED_17_Brazil_Brazil_0020,Brazil,FLRY3.SA,2024-12-30,2024-12-17,2024-12-30,7,calendar_end,11.14,10.47,2547,28.37,26.67,-1756.5,-0.0618,0,Transformer_MIX_SELECTED_Brazil_17,Transformer_MIX_SELECTED,17
TRD_Transformer_MIX_SELECTED_37_Brazil_Brazil_0020,Brazil,FLRY3.SA,2024-12-30,2024-12-19,2024-12-30,5,calendar_end,10.59,10.47,2824,29.91,29.57,-402.49,-0.0134,0,Transformer_MIX_SELECTED_Brazil_37,Transformer_MIX_SELECTED,37
TRD_Transformer_MIX_SELECTED_37_Brazil_Brazil_0018,Brazil,ITUB4.SA,2024-12-30,2024-11-29,2024-12-30,19,calendar_end,24.69,23.39,1229,30.34,28.75,-1651.99,-0.0544,0,Transformer_MIX_SELECTED_Brazil_37,Transformer_MIX_SELECTED,37
TRD_Transformer_MIX_SELECTED_7_Brazil_Brazil_0018,Brazil,MGLU3.SA,2024-12-30,2024-12-17,2024-12-30,7,calendar_end,7.19,5.95,4683,33.67,27.88,-5852.26,-0.1736,0,Transformer_MIX_SELECTED_Brazil_7,Transformer_MIX_SELECTED,7
TRD_Transformer_MIX_SELECTED_17_Brazil_Brazil_0022,Brazil,MGLU3.SA,2024-12-30,2024-12-19,2024-12-30,5,calendar_end,6.18,5.95,4274,26.42,25.45,-1030.57,-0.039,0,Transformer_MIX_SELECTED_Brazil_17,Transformer_MIX_SELECTED,17
TRD_Transformer_MIX_SELECTED_7_Brazil_Brazil_0020,Brazil,RADL3.SA,2024-12-30,2024-12-19,2024-12-30,5,calendar_end,21.16,20.85,1482,31.35,30.9,-511.78,-0.0163,0,Transformer_MIX_SELECTED_Brazil_7,Transformer_MIX_SELECTED,7
TRD_Transformer_MIX_SELECTED_17_Brazil_Brazil_0021,Brazil,RADL3.SA,2024-12-30,2024-12-17,2024-12-30,7,calendar_end,22.19,20.85,1278,28.36,26.65,-1763.04,-0.0621,0,Transformer_MIX_SELECTED_Brazil_17,Transformer_MIX_SELECTED,17
TRD_Transformer_MIX_SELECTED_7_China_China_0003,China,600309.SS,2024-01-17,2024-01-03,2024-01-18,11,atr_chandelier_stop,71.42,63.69,443,31.64,28.22,-3482.69,-0.11,0,Transformer_MIX_SELECTED_China_7,Transformer_MIX_SELECTED,7
TRD_Transformer_MIX_SELECTED_7_China_China_0001,China,600276.SS,2024-01-29,2024-01-03,2024-01-30,19,atr_chandelier_stop,43.66,38.73,725,31.65,28.08,-3632.13,-0.1146,0,Transformer_MIX_SELECTED_China_7,Transformer_MIX_SELECTED,7
TRD_Transformer_MIX_SELECTED_17_China_China_0001,China,600276.SS,2024-01-29,2024-01-03,2024-01-30,19,atr_chandelier_stop,43.66,38.73,725,31.65,28.08,-3632.13,-0.1146,0,Transformer_MIX_SELECTED_China_17,Transformer_MIX_SELECTED,17
TRD_Transformer_MIX_SELECTED_37_China_China_0003,China,600276.SS,2024-01-29,2024-01-03,2024-01-30,19,atr_chandelier_stop,43.66,38.73,725,31.65,28.08,-3632.13,-0.1146,0,Transformer_MIX_SELECTED_China_37,Transformer_MIX_SELECTED,37
TRD_Transformer_MIX_SELECTED_17_China_China_0004,China,002475.SZ,2024-04-08,2024-01-30,2024-04-09,42,atr_chandelier_stop,26.53,27.59,1171,31.06,32.3,1178.21,0.0379,1,Transformer_MIX_SELECTED_China_17,Transformer_MIX_SELECTED,17
TRD_Transformer_MIX_SELECTED_7_China_China_0002,China,000333.SZ,2024-04-10,2024-01-03,2024-04-11,63,max_horizon,47.14,56.09,671,31.63,37.63,5933.61,0.1874,1,Transformer_MIX_SELECTED_China_7,Transformer_MIX_SELECTED,7
TRD_Transformer_MIX_SELECTED_17_China_China_0003,China,000333.SZ,2024-04-10,2024-01-03,2024-04-11,63,max_horizon,47.14,56.09,671,31.63,37.63,5933.61,0.1874,1,Transformer_MIX_SELECTED_China_17,Transformer_MIX_SELECTED,17
TRD_Transformer_MIX_SELECTED_37_China_China_0001,China,000333.SZ,2024-04-10,2024-01-03,2024-04-11,63,max_horizon,47.14,56.09,671,31.63,37.63,5933.61,0.1874,1,Transformer_MIX_SELECTED_China_37,Transformer_MIX_SELECTED,37
TRD_Transformer_MIX_SELECTED_37_China_China_0002,China,000725.SZ,2024-04-10,2024-01-03,2024-04-11,63,max_horizon,3.75,4.11,8439,31.67,34.7,2968.95,0.0937,1,Transformer_MIX_SELECTED_China_37,Transformer_MIX_SELECTED,37
TRD_Transformer_MIX_SELECTED_17_China_China_0002,China,600519.SS,2024-04-10,2024-01-03,2024-04-11,63,max_horizon,1527.6,1490.35,20,30.55,29.81,-805.49,-0.0263,0,Transformer_MIX_SELECTED_China_17,Transformer_MIX_SELECTED,17
TRD_Transformer_MIX_SELECTED_7_China_China_0004,China,000858.SZ,2024-04-12,2024-01-18,2024-04-15,54,atr_chandelier_stop,108.58,122.32,276,29.97,33.76,3730.17,0.1244,1,Transformer_MIX_SELECTED_China_7,Transformer_MIX_SELECTED,7
TRD_Transformer_MIX_SELECTED_7_China_China_0005,China,600276.SS,2024-04-18,2024-01-30,2024-04-19,50,atr_chandelier_stop,38.73,41.47,792,30.67,32.85,2110.64,0.0687,1,Transformer_MIX_SELECTED_China_7,Transformer_MIX_SELECTED,7
TRD_Transformer_MIX_SELECTED_37_China_China_0004,China,600276.SS,2024-04-18,2024-01-30,2024-04-19,50,atr_chandelier_stop,38.73,41.47,799,30.94,33.14,2129.29,0.0687,1,Transformer_MIX_SELECTED_China_37,Transformer_MIX_SELECTED,37
TRD_Transformer_MIX_SELECTED_17_China_China_0007,China,601012.SS,2024-06-06,2024-04-11,2024-06-07,38,atr_chandelier_stop,18.86,16.85,1727,32.57,29.09,-3542.51,-0.1086,0,Transformer_MIX_SELECTED_China_17,Transformer_MIX_SELECTED,17
TRD_Transformer_MIX_SELECTED_7_China_China_0008,China,002415.SZ,2024-07-02,2024-04-19,2024-07-03,49,atr_chandelier_stop,28.78,27.97,1160,33.38,32.45,-995.39,-0.0298,0,Transformer_MIX_SELECTED_China_7,Transformer_MIX_SELECTED,7
TRD_Transformer_MIX_SELECTED_37_China_China_0005,China,002415.SZ,2024-07-02,2024-04-11,2024-07-03,55,atr_chandelier_stop,28.05,27.97,1248,35.01,34.91,-168.24,-0.0048,0,Transformer_MIX_SELECTED_China_37,Transformer_MIX_SELECTED,37
TRD_Transformer_MIX_SELECTED_7_China_China_0007,China,600887.SS,2024-07-08,2024-04-15,2024-07-09,57,atr_chandelier_stop,23.22,22.88,1439,33.41,32.93,-545.9,-0.0163,0,Transformer_MIX_SELECTED_China_7,Transformer_MIX_SELECTED,7
TRD_Transformer_MIX_SELECTED_17_China_China_0005,China,600887.SS,2024-07-08,2024-04-09,2024-07-09,61,atr_chandelier_stop,23.81,22.88,1375,32.74,31.47,-1339.15,-0.0409,0,Transformer_MIX_SELECTED_China_17,Transformer_MIX_SELECTED,17
TRD_Transformer_MIX_SELECTED_37_China_China_0007,China,600887.SS,2024-07-08,2024-04-19,2024-07-09,53,atr_chandelier_stop,24.1,22.88,1416,34.12,32.4,-1787.66,-0.0523,0,Transformer_MIX_SELECTED_China_37,Transformer_MIX_SELECTED,37
TRD_Transformer_MIX_SELECTED_17_China_China_0006,China,601318.SS,2024-07-08,2024-04-11,2024-07-09,59,atr_chandelier_stop,34.26,35.84,951,32.58,34.08,1435.78,0.044,1,Transformer_MIX_SELECTED_China_17,Transformer_MIX_SELECTED,17
TRD_Transformer_MIX_SELECTED_7_China_China_0006,China,002241.SZ,2024-07-12,2024-04-11,2024-07-15,63,max_horizon,15.09,21.76,2270,34.25,49.4,15071.9,0.4397,1,Transformer_MIX_SELECTED_China_7,Transformer_MIX_SELECTED,7
TRD_Transformer_MIX_SELECTED_37_China_China_0006,China,002241.SZ,2024-07-12,2024-04-11,2024-07-15,63,max_horizon,15.09,21.76,2321,35.02,50.51,15410.52,0.4397,1,Transformer_MIX_SELECTED_China_37,Transformer_MIX_SELECTED,37
TRD_Transformer_MIX_SELECTED_17_China_China_0010,China,000725.SZ,2024-07-24,2024-07-09,2024-07-25,12,atr_chandelier_stop,3.94,3.68,8348,32.86,30.74,-2188.92,-0.0665,0,Transformer_MIX_SELECTED_China_17,Transformer_MIX_SELECTED,17
TRD_Transformer_MIX_SELECTED_17_China_China_0008,China,002241.SZ,2024-08-05,2024-06-07,2024-08-06,41,atr_chandelier_stop,16.95,19.77,1940,32.88,38.36,5411.93,0.1644,1,Transformer_MIX_SELECTED_China_17,Transformer_MIX_SELECTED,17
TRD_Transformer_MIX_SELECTED_7_China_China_0009,China,601888.SS,2024-08-14,2024-07-03,2024-08-15,31,atr_chandelier_stop,60.23,61.27,593,35.72,36.33,544.05,0.0152,1,Transformer_MIX_SELECTED_China_7,Transformer_MIX_SELECTED,7
TRD_Transformer_MIX_SELECTED_7_China_China_0011,China,600887.SS,2024-08-20,2024-07-15,2024-08-21,27,atr_chandelier_stop,23.25,21.44,1635,38.01,35.06,-3024.57,-0.0795,0,Transformer_MIX_SELECTED_China_7,Transformer_MIX_SELECTED,7
TRD_Transformer_MIX_SELECTED_17_China_China_0009,China,600887.SS,2024-08-20,2024-07-09,2024-08-21,31,atr_chandelier_stop,22.88,21.44,1436,32.86,30.79,-2132.22,-0.0648,0,Transformer_MIX_SELECTED_China_17,Transformer_MIX_SELECTED,17
TRD_Transformer_MIX_SELECTED_37_China_China_0009,China,600887.SS,2024-08-20,2024-07-15,2024-08-21,27,atr_chandelier_stop,23.25,21.44,1640,38.13,35.17,-3033.81,-0.0795,0,Transformer_MIX_SELECTED_China_37,Transformer_MIX_SELECTED,37
TRD_Transformer_MIX_SELECTED_7_China_China_0010,China,000858.SZ,2024-08-26,2024-07-15,2024-08-27,31,atr_chandelier_stop,114.59,106.2,331,37.93,35.15,-2850.62,-0.0751,0,Transformer_MIX_SELECTED_China_7,Transformer_MIX_SELECTED,7
TRD_Transformer_MIX_SELECTED_7_China_China_0012,China,600036.SS,2024-09-09,2024-08-15,2024-09-10,18,atr_chandelier_stop,28.96,27.51,1262,36.55,34.72,-1907.48,-0.0521,0,Transformer_MIX_SELECTED_China_7,Transformer_MIX_SELECTED,7
TRD_Transformer_MIX_SELECTED_17_China_China_0012,China,600036.SS,2024-09-09,2024-08-06,2024-09-10,25,atr_chandelier_stop,29.43,27.51,1084,31.9,29.82,-2141.68,-0.0671,0,Transformer_MIX_SELECTED_China_17,Transformer_MIX_SELECTED,17
TRD_Transformer_MIX_SELECTED_37_China_China_0008,China,600196.SS,2024-10-08,2024-07-03,2024-10-09,63,max_horizon,21.12,28.02,1731,36.55,48.51,11872.11,0.3245,1,Transformer_MIX_SELECTED_China_37,Transformer_MIX_SELECTED,37
TRD_Transformer_MIX_SELECTED_7_China_China_0014,China,000725.SZ,2024-10-11,2024-08-27,2024-10-14,27,atr_chandelier_stop,3.81,4.12,9512,36.23,39.21,2905.07,0.0801,1,Transformer_MIX_SELECTED_China_7,Transformer_MIX_SELECTED,7
TRD_Transformer_MIX_SELECTED_17_China_China_0013,China,000725.SZ,2024-10-11,2024-08-21,2024-10-14,31,atr_chandelier_stop,3.72,4.12,8602,32.01,35.46,3385.98,0.1057,1,Transformer_MIX_SELECTED_China_17,Transformer_MIX_SELECTED,17
TRD_Transformer_MIX_SELECTED_7_China_China_0013,China,601012.SS,2024-10-11,2024-08-21,2024-10-14,31,atr_chandelier_stop,13.25,16.35,2782,36.86,45.49,8541.85,0.2315,1,Transformer_MIX_SELECTED_China_7,Transformer_MIX_SELECTED,7
TRD_Transformer_MIX_SELECTED_37_China_China_0011,China,601012.SS,2024-10-11,2024-08-21,2024-10-14,31,atr_chandelier_stop,13.25,16.35,2843,37.67,46.48,8729.15,0.2315,1,Transformer_MIX_SELECTED_China_37,Transformer_MIX_SELECTED,37
TRD_Transformer_MIX_SELECTED_7_China_China_0015,China,601888.SS,2024-10-11,2024-09-10,2024-10-14,17,atr_chandelier_stop,53.97,69.52,646,34.86,44.91,9968.83,0.2857,1,Transformer_MIX_SELECTED_China_7,Transformer_MIX_SELECTED,7
TRD_Transformer_MIX_SELECTED_17_China_China_0014,China,601888.SS,2024-10-11,2024-09-10,2024-10-14,17,atr_chandelier_stop,53.97,69.52,576,31.09,40.04,8888.61,0.2857,1,Transformer_MIX_SELECTED_China_17,Transformer_MIX_SELECTED,17
TRD_Transformer_MIX_SELECTED_37_China_China_0010,China,000333.SZ,2024-10-18,2024-07-15,2024-10-21,63,max_horizon,58.41,67.94,652,38.09,44.3,6131.92,0.1608,1,Transformer_MIX_SELECTED_China_37,Transformer_MIX_SELECTED,37
TRD_Transformer_MIX_SELECTED_37_China_China_0012,China,600276.SS,2024-10-25,2024-10-09,2024-10-28,13,atr_chandelier_stop,54.58,47.66,907,49.5,43.23,-6366.18,-0.1285,0,Transformer_MIX_SELECTED_China_37,Transformer_MIX_SELECTED,37
TRD_Transformer_MIX_SELECTED_17_China_China_0011,China,601318.SS,2024-11-11,2024-08-06,2024-11-12,63,max_horizon,38.55,54.01,827,31.88,44.67,12712.51,0.3984,1,Transformer_MIX_SELECTED_China_17,Transformer_MIX_SELECTED,17
TRD_Transformer_MIX_SELECTED_7_China_China_0017,China,600309.SS,2024-11-22,2024-10-14,2024-11-25,30,atr_chandelier_stop,80.1,71.74,521,41.73,37.38,-4434.63,-0.1062,0,Transformer_MIX_SELECTED_China_7,Transformer_MIX_SELECTED,7
TRD_Transformer_MIX_SELECTED_7_China_China_0016,China,000725.SZ,2024-11-25,2024-10-14,2024-11-26,31,atr_chandelier_stop,4.12,4.1,10132,41.77,41.57,-281.76,-0.0067,0,Transformer_MIX_SELECTED_China_7,Transformer_MIX_SELECTED,7
TRD_Transformer_MIX_SELECTED_17_China_China_0015,China,000725.SZ,2024-11-25,2024-10-14,2024-11-26,31,atr_chandelier_stop,4.12,4.1,9352,38.55,38.37,-260.06,-0.0067,0,Transformer_MIX_SELECTED_China_17,Transformer_MIX_SELECTED,17
TRD_Transformer_MIX_SELECTED_17_China_China_0017,China,002475.SZ,2024-11-25,2024-11-12,2024-11-26,10,atr_chandelier_stop,40.3,36.4,993,40.02,36.15,-3945.26,-0.0985,0,Transformer_MIX_SELECTED_China_17,Transformer_MIX_SELECTED,17
TRD_Transformer_MIX_SELECTED_17_China_China_0016,China,600276.SS,2024-12-16,2024-10-14,2024-12-17,46,atr_chandelier_stop,50.11,45.7,769,38.54,35.14,-3469.56,-0.0899,0,Transformer_MIX_SELECTED_China_17,Transformer_MIX_SELECTED,17
TRD_Transformer_MIX_SELECTED_37_China_China_0014,China,000333.SZ,2024-12-31,2024-10-21,2024-12-31,51,calendar_end,67.94,67.83,646,43.89,43.82,-163.43,-0.0037,0,Transformer_MIX_SELECTED_China_37,Transformer_MIX_SELECTED,37
TRD_Transformer_MIX_SELECTED_17_China_China_0020,China,000725.SZ,2024-12-31,2024-12-17,2024-12-31,10,calendar_end,4.21,4.3,8939,37.64,38.43,711.71,0.0189,1,Transformer_MIX_SELECTED_China_17,Transformer_MIX_SELECTED,17
TRD_Transformer_MIX_SELECTED_17_China_China_0019,China,002475.SZ,2024-12-31,2024-11-26,2024-12-31,25,calendar_end,36.4,40.31,1016,36.98,40.95,3890.82,0.1051,1,Transformer_MIX_SELECTED_China_17,Transformer_MIX_SELECTED,17
TRD_Transformer_MIX_SELECTED_37_China_China_0015,China,600276.SS,2024-12-31,2024-10-28,2024-12-31,46,calendar_end,47.66,45.55,910,43.37,41.45,-2008.29,-0.0463,0,Transformer_MIX_SELECTED_China_37,Transformer_MIX_SELECTED,37
TRD_Transformer_MIX_SELECTED_7_China_China_0020,China,600309.SS,2024-12-31,2024-11-26,2024-12-31,25,calendar_end,70.61,69.28,577,40.74,39.97,-848.25,-0.0208,0,Transformer_MIX_SELECTED_China_7,Transformer_MIX_SELECTED,7
TRD_Transformer_MIX_SELECTED_17_China_China_0018,China,600309.SS,2024-12-31,2024-11-26,2024-12-31,25,calendar_end,70.61,69.28,524,37.0,36.3,-770.33,-0.0208,0,Transformer_MIX_SELECTED_China_17,Transformer_MIX_SELECTED,17
TRD_Transformer_MIX_SELECTED_7_China_China_0019,China,600519.SS,2024-12-31,2024-11-25,2024-12-31,26,calendar_end,1401.47,1435.63,29,40.64,41.63,908.46,0.0223,1,Transformer_MIX_SELECTED_China_7,Transformer_MIX_SELECTED,7
TRD_Transformer_MIX_SELECTED_7_China_China_0018,China,600887.SS,2024-12-31,2024-10-14,2024-12-31,56,calendar_end,24.91,27.52,1677,41.77,46.14,4284.87,0.1025,1,Transformer_MIX_SELECTED_China_7,Transformer_MIX_SELECTED,7
TRD_Transformer_MIX_SELECTED_37_China_China_0013,China,600887.SS,2024-12-31,2024-10-14,2024-12-31,56,calendar_end,24.91,27.52,1788,44.54,49.2,4568.49,0.1025,1,Transformer_MIX_SELECTED_China_37,Transformer_MIX_SELECTED,37
TRD_Transformer_MIX_SELECTED_7_France_France_0002,France,WLN.PA,2024-01-12,2024-01-03,2024-01-15,8,atr_chandelier_stop,160.16,137.53,197,31.55,27.09,-4516.6,-0.143,0,Transformer_MIX_SELECTED_France_7,Transformer_MIX_SELECTED,7
TRD_Transformer_MIX_SELECTED_17_France_France_0002,France,CAP.PA,2024-04-02,2024-01-03,2024-04-03,63,max_horizon,175.53,195.65,180,31.6,35.22,3555.59,0.1124,1,Transformer_MIX_SELECTED_France_17,Transformer_MIX_SELECTED,17
TRD_Transformer_MIX_SELECTED_7_France_France_0001,France,DG.PA,2024-04-02,2024-01-03,2024-04-03,63,max_horizon,102.02,105.09,310,31.63,32.58,888.05,0.0281,1,Transformer_MIX_SELECTED_France_7,Transformer_MIX_SELECTED,7
TRD_Transformer_MIX_SELECTED_17_France_France_0001,France,DG.PA,2024-04-02,2024-01-03,2024-04-03,63,max_horizon,102.02,105.09,310,31.63,32.58,888.05,0.0281,1,Transformer_MIX_SELECTED_France_17,Transformer_MIX_SELECTED,17
TRD_Transformer_MIX_SELECTED_37_France_France_0002,France,DG.PA,2024-04-02,2024-01-03,2024-04-03,63,max_horizon,102.02,105.09,310,31.63,32.58,888.05,0.0281,1,Transformer_MIX_SELECTED_France_37,Transformer_MIX_SELECTED,37
TRD_Transformer_MIX_SELECTED_7_France_France_0003,France,MC.PA,2024-04-02,2024-01-03,2024-04-03,63,max_horizon,677.1,773.38,46,31.15,35.58,4362.31,0.1399,1,Transformer_MIX_SELECTED_France_7,Transformer_MIX_SELECTED,7
TRD_Transformer_MIX_SELECTED_37_France_France_0003,France,MC.PA,2024-04-02,2024-01-03,2024-04-03,63,max_horizon,677.1,773.38,46,31.15,35.58,4362.31,0.1399,1,Transformer_MIX_SELECTED_France_37,Transformer_MIX_SELECTED,37
TRD_Transformer_MIX_SELECTED_17_France_France_0003,France,RMS.PA,2024-04-02,2024-01-03,2024-04-03,63,max_horizon,1830.68,2293.96,17,31.12,39.0,7805.66,0.2506,1,Transformer_MIX_SELECTED_France_17,Transformer_MIX_SELECTED,17
TRD_Transformer_MIX_SELECTED_37_France_France_0001,France,RMS.PA,2024-04-02,2024-01-03,2024-04-03,63,max_horizon,1830.68,2293.96,17,31.12,39.0,7805.66,0.2506,1,Transformer_MIX_SELECTED_France_37,Transformer_MIX_SELECTED,37
TRD_Transformer_MIX_SELECTED_7_France_France_0004,France,ML.PA,2024-04-12,2024-01-15,2024-04-15,63,max_horizon,27.32,31.02,1098,30.0,34.06,3993.82,0.133,1,Transformer_MIX_SELECTED_France_7,Transformer_MIX_SELECTED,7
TRD_Transformer_MIX_SELECTED_7_France_France_0006,France,WLN.PA,2024-04-18,2024-04-03,2024-04-19,12,atr_chandelier_stop,118.73,103.54,279,33.12,28.89,-4299.87,-0.1297,0,Transformer_MIX_SELECTED_France_7,Transformer_MIX_SELECTED,7
TRD_Transformer_MIX_SELECTED_37_France_France_0004,France,WLN.PA,2024-04-18,2024-04-03,2024-04-19,12,atr_chandelier_stop,118.73,103.54,301,35.74,31.16,-4638.93,-0.1297,0,Transformer_MIX_SELECTED_France_37,Transformer_MIX_SELECTED,37
TRD_Transformer_MIX_SELECTED_17_France_France_0006,France,CAP.PA,2024-05-31,2024-04-03,2024-06-03,42,atr_chandelier_stop,195.65,177.28,181,35.41,32.09,-3393.12,-0.0957,0,Transformer_MIX_SELECTED_France_17,Transformer_MIX_SELECTED,17
TRD_Transformer_MIX_SELECTED_7_France_France_0008,France,WLN.PA,2024-06-13,2024-04-19,2024-06-14,39,atr_chandelier_stop,103.54,110.72,306,31.68,33.88,2131.95,0.0672,1,Transformer_MIX_SELECTED_France_7,Transformer_MIX_SELECTED,7
TRD_Transformer_MIX_SELECTED_17_France_France_0007,France,WLN.PA,2024-06-13,2024-06-03,2024-06-14,9,atr_chandelier_stop,126.68,110.72,273,34.58,30.23,-4423.1,-0.1278,0,Transformer_MIX_SELECTED_France_17,Transformer_MIX_SELECTED,17
TRD_Transformer_MIX_SELECTED_7_France_France_0007,France,TEP.PA,2024-06-14,2024-04-15,2024-06-17,44,atr_chandelier_stop,76.97,83.34,420,32.33,35.0,2607.54,0.0806,1,Transformer_MIX_SELECTED_France_7,Transformer_MIX_SELECTED,7
TRD_Transformer_MIX_SELECTED_37_France_France_0007,France,TEP.PA,2024-06-14,2024-04-19,2024-06-17,40,atr_chandelier_stop,74.73,83.34,454,33.93,37.84,3838.19,0.113,1,Transformer_MIX_SELECTED_France_37,Transformer_MIX_SELECTED,37
TRD_Transformer_MIX_SELECTED_17_France_France_0004,France,OR.PA,2024-06-28,2024-04-03,2024-07-01,62,atr_chandelier_stop,409.26,399.18,86,35.2,34.33,-936.54,-0.0266,0,Transformer_MIX_SELECTED_France_17,Transformer_MIX_SELECTED,17
TRD_Transformer_MIX_SELECTED_17_France_France_0005,France,AI.PA,2024-07-01,2024-04-03,2024-07-02,63,max_horizon,149.55,141.65,237,35.44,33.57,-1940.92,-0.0547,0,Transformer_MIX_SELECTED_France_17,Transformer_MIX_SELECTED,17
TRD_Transformer_MIX_SELECTED_37_France_France_0006,France,AI.PA,2024-07-01,2024-04-03,2024-07-02,63,max_horizon,149.55,141.65,239,35.74,33.85,-1957.3,-0.0547,0,Transformer_MIX_SELECTED_France_37,Transformer_MIX_SELECTED,37
TRD_Transformer_MIX_SELECTED_37_France_France_0005,France,EL.PA,2024-07-01,2024-04-03,2024-07-02,63,max_horizon,192.35,192.3,186,35.78,35.77,-79.51,-0.0022,0,Transformer_MIX_SELECTED_France_37,Transformer_MIX_SELECTED,37
TRD_Transformer_MIX_SELECTED_7_France_France_0005,France,LR.PA,2024-07-01,2024-04-03,2024-07-02,63,max_horizon,90.28,89.48,368,33.22,32.93,-363.24,-0.0109,0,Transformer_MIX_SELECTED_France_7,Transformer_MIX_SELECTED,7
TRD_Transformer_MIX_SELECTED_7_France_France_0009,France,MC.PA,2024-07-24,2024-06-14,2024-07-25,29,atr_chandelier_stop,691.15,625.46,49,33.87,30.65,-3283.2,-0.0968,0,Transformer_MIX_SELECTED_France_7,Transformer_MIX_SELECTED,7
TRD_Transformer_MIX_SELECTED_17_France_France_0009,France,MC.PA,2024-07-25,2024-07-01,2024-07-26,19,atr_chandelier_stop,695.14,619.37,45,31.28,27.87,-3469.19,-0.1108,0,Transformer_MIX_SELECTED_France_17,Transformer_MIX_SELECTED,17
TRD_Transformer_MIX_SELECTED_7_France_France_0011,France,WLN.PA,2024-08-01,2024-07-02,2024-08-02,23,atr_chandelier_stop,107.26,90.87,317,34.0,28.81,-5257.83,-0.1545,0,Transformer_MIX_SELECTED_France_7,Transformer_MIX_SELECTED,7
TRD_Transformer_MIX_SELECTED_17_France_France_0008,France,WLN.PA,2024-08-01,2024-06-14,2024-08-02,35,atr_chandelier_stop,110.72,90.87,301,33.33,27.35,-6035.42,-0.1809,0,Transformer_MIX_SELECTED_France_17,Transformer_MIX_SELECTED,17
TRD_Transformer_MIX_SELECTED_37_France_France_0009,France,WLN.PA,2024-08-01,2024-07-02,2024-08-02,23,atr_chandelier_stop,107.26,90.87,337,36.15,30.62,-5589.55,-0.1545,0,Transformer_MIX_SELECTED_France_37,Transformer_MIX_SELECTED,37
TRD_Transformer_MIX_SELECTED_7_France_France_0012,France,CAP.PA,2024-08-05,2024-07-25,2024-08-06,8,atr_chandelier_stop,184.34,167.53,178,32.81,29.82,-3054.72,-0.093,0,Transformer_MIX_SELECTED_France_7,Transformer_MIX_SELECTED,7
TRD_Transformer_MIX_SELECTED_7_France_France_0010,France,TEP.PA,2024-08-06,2024-06-17,2024-08-07,37,atr_chandelier_stop,83.34,91.25,396,33.0,36.13,3062.42,0.0927,1,Transformer_MIX_SELECTED_France_7,Transformer_MIX_SELECTED,7
TRD_Transformer_MIX_SELECTED_37_France_France_0008,France,TEP.PA,2024-08-06,2024-06-17,2024-08-07,37,atr_chandelier_stop,83.34,91.25,417,34.75,38.05,3224.82,0.0927,1,Transformer_MIX_SELECTED_France_37,Transformer_MIX_SELECTED,37
TRD_Transformer_MIX_SELECTED_7_France_France_0014,France,WLN.PA,2024-09-13,2024-08-07,2024-09-16,28,atr_chandelier_stop,82.52,72.97,368,30.37,26.85,-3570.76,-0.1175,0,Transformer_MIX_SELECTED_France_7,Transformer_MIX_SELECTED,7
TRD_Transformer_MIX_SELECTED_17_France_France_0012,France,WLN.PA,2024-09-13,2024-08-02,2024-09-16,31,atr_chandelier_stop,90.87,72.97,321,29.17,23.42,-5797.43,-0.1986,0,Transformer_MIX_SELECTED_France_17,Transformer_MIX_SELECTED,17
TRD_Transformer_MIX_SELECTED_37_France_France_0011,France,WLN.PA,2024-09-13,2024-08-07,2024-09-16,28,atr_chandelier_stop,82.52,72.97,410,33.83,29.92,-3978.29,-0.1175,0,Transformer_MIX_SELECTED_France_37,Transformer_MIX_SELECTED,37
TRD_Transformer_MIX_SELECTED_17_France_France_0010,France,RI.PA,2024-09-26,2024-07-02,2024-09-27,63,max_horizon,110.25,122.81,287,31.64,35.25,3536.49,0.1116,1,Transformer_MIX_SELECTED_France_17,Transformer_MIX_SELECTED,17
TRD_Transformer_MIX_SELECTED_37_France_France_0010,France,RI.PA,2024-09-26,2024-07-02,2024-09-27,63,max_horizon,110.25,122.81,328,36.16,40.28,4041.7,0.1116,1,Transformer_MIX_SELECTED_France_37,Transformer_MIX_SELECTED,37
TRD_Transformer_MIX_SELECTED_7_France_France_0015,France,DSY.PA,2024-10-15,2024-08-07,2024-10-16,50,atr_chandelier_stop,32.22,31.98,943,30.38,30.15,-291.36,-0.0096,0,Transformer_MIX_SELECTED_France_7,Transformer_MIX_SELECTED,7
TRD_Transformer_MIX_SELECTED_17_France_France_0013,France,WLN.PA,2024-10-21,2024-09-27,2024-10-22,17,atr_chandelier_stop,66.34,62.97,439,29.12,27.64,-1535.56,-0.0527,0,Transformer_MIX_SELECTED_France_17,Transformer_MIX_SELECTED,17
TRD_Transformer_MIX_SELECTED_37_France_France_0014,France,WLN.PA,2024-10-21,2024-09-27,2024-10-22,17,atr_chandelier_stop,66.34,62.97,531,35.23,33.44,-1857.36,-0.0527,0,Transformer_MIX_SELECTED_France_37,Transformer_MIX_SELECTED,37
TRD_Transformer_MIX_SELECTED_17_France_France_0011,France,CAP.PA,2024-10-22,2024-07-26,2024-10-23,63,max_horizon,171.41,172.55,178,30.51,30.71,141.06,0.0046,1,Transformer_MIX_SELECTED_France_17,Transformer_MIX_SELECTED,17
TRD_Transformer_MIX_SELECTED_7_France_France_0013,France,CAP.PA,2024-10-25,2024-08-06,2024-10-28,59,atr_chandelier_stop,167.53,166.67,183,30.66,30.5,-217.13,-0.0071,0,Transformer_MIX_SELECTED_France_7,Transformer_MIX_SELECTED,7
TRD_Transformer_MIX_SELECTED_37_France_France_0012,France,CAP.PA,2024-10-25,2024-08-07,2024-10-28,58,atr_chandelier_stop,167.38,166.67,202,33.81,33.67,-210.95,-0.0062,0,Transformer_MIX_SELECTED_France_37,Transformer_MIX_SELECTED,37
TRD_Transformer_MIX_SELECTED_37_France_France_0013,France,TEP.PA,2024-11-13,2024-09-27,2024-11-14,34,atr_chandelier_stop,85.88,81.14,410,35.21,33.27,-2012.37,-0.0571,0,Transformer_MIX_SELECTED_France_37,Transformer_MIX_SELECTED,37
TRD_Transformer_MIX_SELECTED_17_France_France_0014,France,DG.PA,2024-11-27,2024-09-27,2024-11-28,44,atr_chandelier_stop,100.72,90.89,289,29.11,26.27,-2897.39,-0.0994,0,Transformer_MIX_SELECTED_France_17,Transformer_MIX_SELECTED,17
TRD_Transformer_MIX_SELECTED_7_France_France_0016,France,EL.PA,2024-12-11,2024-09-16,2024-12-12,63,max_horizon,200.0,222.3,156,31.2,34.68,3414.05,0.1093,1,Transformer_MIX_SELECTED_France_7,Transformer_MIX_SELECTED,7
TRD_Transformer_MIX_SELECTED_37_France_France_0017,France,TEP.PA,2024-12-16,2024-11-14,2024-12-17,23,atr_chandelier_stop,81.14,73.18,400,32.45,29.27,-3246.38,-0.0999,0,Transformer_MIX_SELECTED_France_37,Transformer_MIX_SELECTED,37
TRD_Transformer_MIX_SELECTED_7_France_France_0019,France,AI.PA,2024-12-31,2024-12-12,2024-12-31,11,calendar_end,139.59,137.19,243,33.92,33.34,-649.36,-0.0191,0,Transformer_MIX_SELECTED_France_7,Transformer_MIX_SELECTED,7
TRD_Transformer_MIX_SELECTED_37_France_France_0016,France,AI.PA,2024-12-31,2024-10-28,2024-12-31,44,calendar_end,147.75,137.19,227,33.54,31.14,-2462.07,-0.0733,0,Transformer_MIX_SELECTED_France_37,Transformer_MIX_SELECTED,37
TRD_Transformer_MIX_SELECTED_7_France_France_0018,France,DSY.PA,2024-12-31,2024-10-28,2024-12-31,44,calendar_end,31.11,32.8,948,29.49,31.09,1545.15,0.0523,1,Transformer_MIX_SELECTED_France_7,Transformer_MIX_SELECTED,7
TRD_Transformer_MIX_SELECTED_17_France_France_0016,France,DSY.PA,2024-12-31,2024-10-23,2024-12-31,47,calendar_end,32.34,32.8,876,28.33,28.73,346.05,0.0122,1,Transformer_MIX_SELECTED_France_17,Transformer_MIX_SELECTED,17
TRD_Transformer_MIX_SELECTED_17_France_France_0017,France,OR.PA,2024-12-31,2024-11-28,2024-12-31,21,calendar_end,320.77,329.3,85,27.27,27.99,669.37,0.0245,1,Transformer_MIX_SELECTED_France_17,Transformer_MIX_SELECTED,17
TRD_Transformer_MIX_SELECTED_7_France_France_0017,France,WLN.PA,2024-12-31,2024-10-16,2024-12-31,52,calendar_end,65.59,87.6,457,29.98,40.03,9988.2,0.3329,1,Transformer_MIX_SELECTED_France_7,Transformer_MIX_SELECTED,7
TRD_Transformer_MIX_SELECTED_17_France_France_0015,France,WLN.PA,2024-12-31,2024-10-22,2024-12-31,48,calendar_end,62.97,87.6,440,27.71,38.55,10772.62,0.3884,1,Transformer_MIX_SELECTED_France_17,Transformer_MIX_SELECTED,17
TRD_Transformer_MIX_SELECTED_37_France_France_0015,France,WLN.PA,2024-12-31,2024-10-22,2024-12-31,48,calendar_end,62.97,87.6,540,34.0,47.31,13220.94,0.3884,1,Transformer_MIX_SELECTED_France_37,Transformer_MIX_SELECTED,37
TRD_Transformer_MIX_SELECTED_37_India_India_0003,India,HDFCBANK.NS,2024-01-18,2024-01-02,2024-01-19,13,atr_chandelier_stop,813.33,721.0,38,30.91,27.4,-3566.86,-0.1153,0,Transformer_MIX_SELECTED_India_37,Transformer_MIX_SELECTED,37
TRD_Transformer_MIX_SELECTED_17_India_India_0003,India,ASIANPAINT.NS,2024-01-23,2024-01-02,2024-01-24,15,atr_chandelier_stop,3293.25,2962.57,9,29.64,26.66,-3032.44,-0.1022,0,Transformer_MIX_SELECTED_India_17,Transformer_MIX_SELECTED,17
TRD_Transformer_MIX_SELECTED_7_India_India_0001,India,BAJFINANCE.NS,2024-01-30,2024-01-02,2024-01-31,19,atr_chandelier_stop,719.85,670.31,43,30.95,28.82,-2189.83,-0.0707,0,Transformer_MIX_SELECTED_India_7,Transformer_MIX_SELECTED,7
TRD_Transformer_MIX_SELECTED_37_India_India_0002,India,BAJFINANCE.NS,2024-01-30,2024-01-02,2024-01-31,19,atr_chandelier_stop,719.85,670.31,43,30.95,28.82,-2189.83,-0.0707,0,Transformer_MIX_SELECTED_India_37,Transformer_MIX_SELECTED,37
TRD_Transformer_MIX_SELECTED_37_India_India_0004,India,ASIANPAINT.NS,2024-02-27,2024-01-19,2024-02-28,26,atr_chandelier_stop,3081.65,2763.91,9,27.73,24.88,-2912.24,-0.1049,0,Transformer_MIX_SELECTED_India_37,Transformer_MIX_SELECTED,37
TRD_Transformer_MIX_SELECTED_17_India_India_0002,India,MARUTI.NS,2024-04-04,2024-01-02,2024-04-05,63,max_horizon,9977.79,12120.88,3,29.93,36.36,6362.95,0.2124,1,Transformer_MIX_SELECTED_India_17,Transformer_MIX_SELECTED,17
TRD_Transformer_MIX_SELECTED_7_India_India_0003,India,RELIANCE.NS,2024-04-04,2024-01-02,2024-04-05,63,max_horizon,1277.1,1443.47,24,30.65,34.64,3927.55,0.128,1,Transformer_MIX_SELECTED_India_7,Transformer_MIX_SELECTED,7
TRD_Transformer_MIX_SELECTED_7_India_India_0002,India,TITAN.NS,2024-04-04,2024-01-02,2024-04-05,63,max_horizon,3653.95,3742.5,8,29.23,29.94,649.23,0.0222,1,Transformer_MIX_SELECTED_India_7,Transformer_MIX_SELECTED,7
TRD_Transformer_MIX_SELECTED_17_India_India_0001,India,TITAN.NS,2024-04-04,2024-01-02,2024-04-05,63,max_horizon,3653.95,3742.5,8,29.23,29.94,649.23,0.0222,1,Transformer_MIX_SELECTED_India_17,Transformer_MIX_SELECTED,17
TRD_Transformer_MIX_SELECTED_37_India_India_0001,India,TITAN.NS,2024-04-04,2024-01-02,2024-04-05,63,max_horizon,3653.95,3742.5,8,29.23,29.94,649.23,0.0222,1,Transformer_MIX_SELECTED_India_37,Transformer_MIX_SELECTED,37
TRD_Transformer_MIX_SELECTED_17_India_India_0004,India,ICICIBANK.NS,2024-04-29,2024-01-24,2024-04-30,63,max_horizon,1004.38,1131.7,30,30.13,33.95,3755.58,0.1245,1,Transformer_MIX_SELECTED_India_17,Transformer_MIX_SELECTED,17
TRD_Transformer_MIX_SELECTED_7_India_India_0004,India,ASIANPAINT.NS,2024-05-06,2024-01-31,2024-05-07,63,max_horizon,2876.26,2857.83,11,31.64,31.44,-265.76,-0.0084,0,Transformer_MIX_SELECTED_India_7,Transformer_MIX_SELECTED,7
TRD_Transformer_MIX_SELECTED_37_India_India_0005,India,HDFCBANK.NS,2024-05-06,2024-01-31,2024-05-07,63,max_horizon,689.19,728.66,42,28.95,30.6,1598.37,0.0552,1,Transformer_MIX_SELECTED_India_37,Transformer_MIX_SELECTED,37
TRD_Transformer_MIX_SELECTED_17_India_India_0007,India,TITAN.NS,2024-05-31,2024-04-30,2024-06-03,22,atr_chandelier_stop,3568.42,3278.55,9,32.12,29.51,-2670.44,-0.0831,0,Transformer_MIX_SELECTED_India_17,Transformer_MIX_SELECTED,17
TRD_Transformer_MIX_SELECTED_37_India_India_0006,India,TECHM.NS,2024-06-04,2024-02-28,2024-06-05,63,max_horizon,1200.12,1161.41,23,27.6,26.71,-944.73,-0.0342,0,Transformer_MIX_SELECTED_India_37,Transformer_MIX_SELECTED,37
TRD_Transformer_MIX_SELECTED_17_India_India_0008,India,TITAN.NS,2024-07-08,2024-06-03,2024-07-09,25,atr_chandelier_stop,3278.55,3150.15,10,32.79,31.5,-1348.24,-0.0411,0,Transformer_MIX_SELECTED_India_17,Transformer_MIX_SELECTED,17
TRD_Transformer_MIX_SELECTED_17_India_India_0005,India,ASIANPAINT.NS,2024-07-09,2024-04-05,2024-07-10,63,max_horizon,2835.53,2839.52,11,31.19,31.23,-18.59,-0.0006,0,Transformer_MIX_SELECTED_India_17,Transformer_MIX_SELECTED,17
TRD_Transformer_MIX_SELECTED_17_India_India_0006,India,HDFCBANK.NS,2024-07-09,2024-04-05,2024-07-10,63,max_horizon,736.82,791.02,45,33.16,35.6,2370.26,0.0714,1,Transformer_MIX_SELECTED_India_17,Transformer_MIX_SELECTED,17
TRD_Transformer_MIX_SELECTED_37_India_India_0007,India,ICICIBANK.NS,2024-07-09,2024-04-05,2024-07-10,63,max_horizon,1043.94,1222.24,28,29.23,34.22,4928.94,0.1685,1,Transformer_MIX_SELECTED_India_37,Transformer_MIX_SELECTED,37
TRD_Transformer_MIX_SELECTED_7_India_India_0006,India,TCS.NS,2024-07-09,2024-04-05,2024-07-10,63,max_horizon,3660.63,3692.52,8,29.29,29.54,196.29,0.0067,1,Transformer_MIX_SELECTED_India_7,Transformer_MIX_SELECTED,7
TRD_Transformer_MIX_SELECTED_7_India_India_0005,India,TECHM.NS,2024-07-09,2024-04-05,2024-07-10,63,max_horizon,1175.24,1356.91,27,31.73,36.64,4836.92,0.1523,1,Transformer_MIX_SELECTED_India_7,Transformer_MIX_SELECTED,7
TRD_Transformer_MIX_SELECTED_37_India_India_0008,India,HDFCBANK.NS,2024-08-06,2024-05-07,2024-08-07,63,max_horizon,728.66,784.74,41,29.88,32.17,2237.17,0.0748,1,Transformer_MIX_SELECTED_India_37,Transformer_MIX_SELECTED,37
TRD_Transformer_MIX_SELECTED_7_India_India_0007,India,RELIANCE.NS,2024-08-06,2024-05-07,2024-08-07,63,max_horizon,1399.1,1451.5,22,30.78,31.93,1089.93,0.0354,1,Transformer_MIX_SELECTED_India_7,Transformer_MIX_SELECTED,7
TRD_Transformer_MIX_SELECTED_37_India_India_0009,India,TCS.NS,2024-09-04,2024-06-05,2024-09-05,63,max_horizon,3444.39,4163.12,8,27.56,33.3,5688.99,0.2063,1,Transformer_MIX_SELECTED_India_37,Transformer_MIX_SELECTED,37
TRD_Transformer_MIX_SELECTED_17_India_India_0009,India,PIDILITIND.NS,2024-10-08,2024-07-09,2024-10-09,63,max_horizon,1506.01,1584.81,22,33.13,34.87,1665.49,0.0502,1,Transformer_MIX_SELECTED_India_17,Transformer_MIX_SELECTED,17
TRD_Transformer_MIX_SELECTED_7_India_India_0009,India,BHARTIARTL.NS,2024-10-09,2024-07-10,2024-10-10,63,max_horizon,1403.47,1651.83,25,35.09,41.3,6132.57,0.1746,1,Transformer_MIX_SELECTED_India_7,Transformer_MIX_SELECTED,7
TRD_Transformer_MIX_SELECTED_17_India_India_0011,India,BHARTIARTL.NS,2024-10-09,2024-07-10,2024-10-10,63,max_horizon,1403.47,1651.83,24,33.68,39.64,5887.26,0.1746,1,Transformer_MIX_SELECTED_India_17,Transformer_MIX_SELECTED,17
TRD_Transformer_MIX_SELECTED_7_India_India_0008,India,SUNPHARMA.NS,2024-10-09,2024-07-10,2024-10-10,63,max_horizon,1558.84,1894.44,22,34.29,41.68,7307.38,0.2129,1,Transformer_MIX_SELECTED_India_7,Transformer_MIX_SELECTED,7
TRD_Transformer_MIX_SELECTED_17_India_India_0010,India,SUNPHARMA.NS,2024-10-09,2024-07-10,2024-10-10,63,max_horizon,1558.84,1894.44,21,32.74,39.78,6975.23,0.2129,1,Transformer_MIX_SELECTED_India_17,Transformer_MIX_SELECTED,17
TRD_Transformer_MIX_SELECTED_37_India_India_0010,India,SUNPHARMA.NS,2024-10-09,2024-07-10,2024-10-10,63,max_horizon,1558.84,1894.44,20,31.18,37.89,6643.07,0.2129,1,Transformer_MIX_SELECTED_India_37,Transformer_MIX_SELECTED,37
TRD_Transformer_MIX_SELECTED_37_India_India_0012,India,MARUTI.NS,2024-10-17,2024-09-05,2024-10-18,30,atr_chandelier_stop,12083.55,11822.03,2,24.17,23.64,-570.84,-0.0236,0,Transformer_MIX_SELECTED_India_37,Transformer_MIX_SELECTED,37
TRD_Transformer_MIX_SELECTED_7_India_India_0010,India,HDFCBANK.NS,2024-11-05,2024-08-07,2024-11-06,63,max_horizon,784.74,859.72,44,34.53,37.83,3226.75,0.0934,1,Transformer_MIX_SELECTED_India_7,Transformer_MIX_SELECTED,7
TRD_Transformer_MIX_SELECTED_37_India_India_0011,India,HDFCBANK.NS,2024-11-05,2024-08-07,2024-11-06,63,max_horizon,784.74,859.72,42,32.96,36.11,3080.08,0.0934,1,Transformer_MIX_SELECTED_India_37,Transformer_MIX_SELECTED,37
TRD_Transformer_MIX_SELECTED_7_India_India_0011,India,TITAN.NS,2024-11-07,2024-10-10,2024-11-08,21,atr_chandelier_stop,3488.02,3101.46,11,38.37,34.12,-4324.7,-0.1126,0,Transformer_MIX_SELECTED_India_7,Transformer_MIX_SELECTED,7
TRD_Transformer_MIX_SELECTED_17_India_India_0012,India,ASIANPAINT.NS,2024-11-08,2024-10-09,2024-11-11,23,atr_chandelier_stop,3030.93,2511.51,12,36.37,30.14,-6299.63,-0.173,0,Transformer_MIX_SELECTED_India_17,Transformer_MIX_SELECTED,17
TRD_Transformer_MIX_SELECTED_7_India_India_0013,India,ASIANPAINT.NS,2024-11-11,2024-11-06,2024-11-12,4,atr_chandelier_stop,2830.16,2482.09,13,36.79,32.27,-4594.09,-0.1247,0,Transformer_MIX_SELECTED_India_7,Transformer_MIX_SELECTED,7
TRD_Transformer_MIX_SELECTED_17_India_India_0013,India,RELIANCE.NS,2024-11-19,2024-10-10,2024-11-21,28,atr_chandelier_stop,1368.21,1231.02,27,36.94,33.24,-3774.31,-0.1021,0,Transformer_MIX_SELECTED_India_17,Transformer_MIX_SELECTED,17
TRD_Transformer_MIX_SELECTED_17_India_India_0014,India,SUNPHARMA.NS,2024-11-28,2024-10-10,2024-11-29,34,atr_chandelier_stop,1894.44,1711.15,20,37.89,34.22,-3738.08,-0.0986,0,Transformer_MIX_SELECTED_India_17,Transformer_MIX_SELECTED,17
TRD_Transformer_MIX_SELECTED_37_India_India_0013,India,HCLTECH.NS,2024-12-31,2024-10-10,2024-12-31,55,calendar_end,1679.75,1781.24,21,35.27,37.41,2058.58,0.0583,1,Transformer_MIX_SELECTED_India_37,Transformer_MIX_SELECTED,37
TRD_Transformer_MIX_SELECTED_37_India_India_0015,India,HDFCBANK.NS,2024-12-31,2024-11-06,2024-12-31,36,calendar_end,859.72,860.37,42,36.11,36.14,-44.73,-0.0012,0,Transformer_MIX_SELECTED_India_37,Transformer_MIX_SELECTED,37
TRD_Transformer_MIX_SELECTED_7_India_India_0012,India,LT.NS,2024-12-31,2024-10-10,2024-12-31,55,calendar_end,3448.83,3539.74,11,37.94,38.94,923.09,0.0243,1,Transformer_MIX_SELECTED_India_7,Transformer_MIX_SELECTED,7
TRD_Transformer_MIX_SELECTED_7_India_India_0015,India,RELIANCE.NS,2024-12-31,2024-11-12,2024-12-31,32,calendar_end,1264.63,1205.04,29,36.67,34.95,-1799.6,-0.049,0,Transformer_MIX_SELECTED_India_7,Transformer_MIX_SELECTED,7
TRD_Transformer_MIX_SELECTED_17_India_India_0016,India,RELIANCE.NS,2024-12-31,2024-11-21,2024-12-31,27,calendar_end,1231.02,1205.04,27,33.24,32.54,-767.12,-0.0231,0,Transformer_MIX_SELECTED_India_17,Transformer_MIX_SELECTED,17
TRD_Transformer_MIX_SELECTED_7_India_India_0014,India,SUNPHARMA.NS,2024-12-31,2024-11-08,2024-12-31,34,calendar_end,1767.01,1851.98,21,37.11,38.89,1708.43,0.046,1,Transformer_MIX_SELECTED_India_7,Transformer_MIX_SELECTED,7
TRD_Transformer_MIX_SELECTED_17_India_India_0017,India,SUNPHARMA.NS,2024-12-31,2024-11-29,2024-12-31,21,calendar_end,1711.15,1851.98,19,32.51,35.19,2608.19,0.0801,1,Transformer_MIX_SELECTED_India_17,Transformer_MIX_SELECTED,17
TRD_Transformer_MIX_SELECTED_17_India_India_0015,India,TITAN.NS,2024-12-31,2024-11-11,2024-12-31,33,calendar_end,3171.62,3232.78,11,34.89,35.56,602.36,0.0172,1,Transformer_MIX_SELECTED_India_17,Transformer_MIX_SELECTED,17
TRD_Transformer_MIX_SELECTED_37_India_India_0014,India,ULTRACEMCO.NS,2024-12-31,2024-10-18,2024-12-31,49,calendar_end,10728.91,11127.25,3,32.19,33.38,1129.46,0.0351,1,Transformer_MIX_SELECTED_India_37,Transformer_MIX_SELECTED,37
TRD_Transformer_MIX_SELECTED_7_UK_UK_0003,UK,OCDO.L,2024-01-15,2024-01-03,2024-01-16,9,atr_chandelier_stop,731.2,650.6,43,31.44,27.98,-3525.22,-0.112,0,Transformer_MIX_SELECTED_UK_7,Transformer_MIX_SELECTED,7
TRD_Transformer_MIX_SELECTED_17_UK_UK_0001,UK,OCDO.L,2024-01-15,2024-01-03,2024-01-16,9,atr_chandelier_stop,731.2,650.6,43,31.44,27.98,-3525.22,-0.112,0,Transformer_MIX_SELECTED_UK_17,Transformer_MIX_SELECTED,17
TRD_Transformer_MIX_SELECTED_37_UK_UK_0001,UK,OCDO.L,2024-01-15,2024-01-03,2024-01-16,9,atr_chandelier_stop,731.2,650.6,43,31.44,27.98,-3525.22,-0.112,0,Transformer_MIX_SELECTED_UK_37,Transformer_MIX_SELECTED,37
TRD_Transformer_MIX_SELECTED_17_UK_UK_0004,UK,OCDO.L,2024-01-30,2024-01-16,2024-01-31,11,atr_chandelier_stop,650.6,550.0,46,29.93,25.3,-4682.83,-0.1563,0,Transformer_MIX_SELECTED_UK_17,Transformer_MIX_SELECTED,17
TRD_Transformer_MIX_SELECTED_37_UK_UK_0004,UK,OCDO.L,2024-01-30,2024-01-16,2024-01-31,11,atr_chandelier_stop,650.6,550.0,46,29.93,25.3,-4682.83,-0.1563,0,Transformer_MIX_SELECTED_UK_37,Transformer_MIX_SELECTED,37
TRD_Transformer_MIX_SELECTED_7_UK_UK_0002,UK,AZN.L,2024-02-09,2024-01-03,2024-02-12,28,atr_chandelier_stop,10679.62,9694.21,2,21.36,19.39,-2011.57,-0.0941,0,Transformer_MIX_SELECTED_UK_7,Transformer_MIX_SELECTED,7
TRD_Transformer_MIX_SELECTED_7_UK_UK_0005,UK,OCDO.L,2024-03-04,2024-02-12,2024-03-05,16,atr_chandelier_stop,518.6,440.7,59,30.6,26.0,-4652.7,-0.1519,0,Transformer_MIX_SELECTED_UK_7,Transformer_MIX_SELECTED,7
TRD_Transformer_MIX_SELECTED_17_UK_UK_0005,UK,OCDO.L,2024-03-04,2024-01-31,2024-03-05,24,atr_chandelier_stop,550.0,440.7,52,28.6,22.92,-5735.12,-0.2003,0,Transformer_MIX_SELECTED_UK_17,Transformer_MIX_SELECTED,17
TRD_Transformer_MIX_SELECTED_37_UK_UK_0005,UK,OCDO.L,2024-03-04,2024-02-02,2024-03-05,22,atr_chandelier_stop,522.0,440.7,55,28.71,24.24,-4524.45,-0.1574,0,Transformer_MIX_SELECTED_UK_37,Transformer_MIX_SELECTED,37
TRD_Transformer_MIX_SELECTED_37_UK_UK_0002,UK,PRU.L,2024-03-05,2024-01-03,2024-03-06,45,atr_chandelier_stop,852.92,755.97,37,31.56,27.97,-3646.5,-0.1154,0,Transformer_MIX_SELECTED_UK_37,Transformer_MIX_SELECTED,37
TRD_Transformer_MIX_SELECTED_37_UK_UK_0003,UK,BA.L,2024-04-02,2024-01-03,2024-04-03,63,max_horizon,1116.41,1327.79,28,31.26,37.18,5850.41,0.187,1,Transformer_MIX_SELECTED_UK_37,Transformer_MIX_SELECTED,37
TRD_Transformer_MIX_SELECTED_7_UK_UK_0001,UK,CPG.L,2024-04-02,2024-01-03,2024-04-03,63,max_horizon,25.79,27.22,1227,31.64,33.4,1687.07,0.0533,1,Transformer_MIX_SELECTED_UK_7,Transformer_MIX_SELECTED,7
TRD_Transformer_MIX_SELECTED_17_UK_UK_0003,UK,CPG.L,2024-04-02,2024-01-03,2024-04-03,63,max_horizon,25.79,27.22,1227,31.64,33.4,1687.07,0.0533,1,Transformer_MIX_SELECTED_UK_17,Transformer_MIX_SELECTED,17
TRD_Transformer_MIX_SELECTED_17_UK_UK_0002,UK,RTO.L,2024-04-02,2024-01-03,2024-04-03,63,max_horizon,429.82,468.29,73,31.38,34.19,2743.09,0.0873,1,Transformer_MIX_SELECTED_UK_17,Transformer_MIX_SELECTED,17
TRD_Transformer_MIX_SELECTED_37_UK_UK_0006,UK,SPX.L,2024-04-08,2024-03-05,2024-04-09,23,atr_chandelier_stop,10213.59,9593.98,2,20.43,19.19,-1278.84,-0.0625,0,Transformer_MIX_SELECTED_UK_37,Transformer_MIX_SELECTED,37
TRD_Transformer_MIX_SELECTED_17_UK_UK_0006,UK,OCDO.L,2024-04-12,2024-04-03,2024-04-15,8,atr_chandelier_stop,434.2,356.0,66,28.66,23.5,-5213.35,-0.1817,0,Transformer_MIX_SELECTED_UK_17,Transformer_MIX_SELECTED,17
TRD_Transformer_MIX_SELECTED_37_UK_UK_0008,UK,OCDO.L,2024-04-12,2024-04-03,2024-04-15,8,atr_chandelier_stop,434.2,356.0,67,29.09,23.85,-5292.34,-0.1817,0,Transformer_MIX_SELECTED_UK_37,Transformer_MIX_SELECTED,37
TRD_Transformer_MIX_SELECTED_7_UK_UK_0004,UK,DGE.L,2024-04-15,2024-01-16,2024-04-16,63,max_horizon,2781.65,2747.97,10,27.82,27.48,-392.08,-0.0141,0,Transformer_MIX_SELECTED_UK_7,Transformer_MIX_SELECTED,7
TRD_Transformer_MIX_SELECTED_37_UK_UK_0007,UK,JD.L,2024-04-16,2024-03-06,2024-04-17,28,atr_chandelier_stop,117.92,117.62,236,27.83,27.76,-126.36,-0.0045,0,Transformer_MIX_SELECTED_UK_37,Transformer_MIX_SELECTED,37
TRD_Transformer_MIX_SELECTED_7_UK_UK_0006,UK,LSEG.L,2024-06-05,2024-03-05,2024-06-06,63,max_horizon,9042.1,9386.76,3,27.13,28.16,978.72,0.036,1,Transformer_MIX_SELECTED_UK_7,Transformer_MIX_SELECTED,7
TRD_Transformer_MIX_SELECTED_37_UK_UK_0011,UK,SPX.L,2024-06-11,2024-04-17,2024-06-12,38,atr_chandelier_stop,9269.19,8655.65,2,18.54,17.31,-1262.92,-0.0681,0,Transformer_MIX_SELECTED_UK_37,Transformer_MIX_SELECTED,37
TRD_Transformer_MIX_SELECTED_17_UK_UK_0009,UK,DGE.L,2024-06-18,2024-04-15,2024-06-19,45,atr_chandelier_stop,2753.47,2517.14,9,24.78,22.65,-2174.37,-0.0877,0,Transformer_MIX_SELECTED_UK_17,Transformer_MIX_SELECTED,17
TRD_Transformer_MIX_SELECTED_37_UK_UK_0009,UK,DGE.L,2024-06-18,2024-04-09,2024-06-19,49,atr_chandelier_stop,2803.93,2517.14,9,25.24,22.65,-2628.98,-0.1041,0,Transformer_MIX_SELECTED_UK_37,Transformer_MIX_SELECTED,37
TRD_Transformer_MIX_SELECTED_37_UK_UK_0010,UK,OCDO.L,2024-06-18,2024-04-15,2024-06-19,45,atr_chandelier_stop,356.0,350.0,73,25.99,25.55,-489.54,-0.0188,0,Transformer_MIX_SELECTED_UK_37,Transformer_MIX_SELECTED,37
TRD_Transformer_MIX_SELECTED_17_UK_UK_0007,UK,AUTO.L,2024-07-02,2024-04-03,2024-07-03,63,max_horizon,691.51,811.06,41,28.35,33.25,4839.95,0.1705,1,Transformer_MIX_SELECTED_UK_17,Transformer_MIX_SELECTED,17
TRD_Transformer_MIX_SELECTED_7_UK_UK_0007,UK,AZN.L,2024-07-02,2024-04-03,2024-07-03,63,max_horizon,10515.34,12124.63,2,21.03,24.25,3173.29,0.1507,1,Transformer_MIX_SELECTED_UK_7,Transformer_MIX_SELECTED,7
TRD_Transformer_MIX_SELECTED_17_UK_UK_0008,UK,AZN.L,2024-07-02,2024-04-03,2024-07-03,63,max_horizon,10515.34,12124.63,2,21.03,24.25,3173.29,0.1507,1,Transformer_MIX_SELECTED_UK_17,Transformer_MIX_SELECTED,17
TRD_Transformer_MIX_SELECTED_7_UK_UK_0008,UK,RMV.L,2024-07-15,2024-04-16,2024-07-16,63,max_horizon,515.57,571.61,57,29.39,32.58,3132.2,0.1065,1,Transformer_MIX_SELECTED_UK_7,Transformer_MIX_SELECTED,7
TRD_Transformer_MIX_SELECTED_7_UK_UK_0009,UK,DGE.L,2024-07-30,2024-06-06,2024-07-31,39,atr_chandelier_stop,2669.03,2450.19,11,29.36,26.95,-2463.53,-0.0838,0,Transformer_MIX_SELECTED_UK_7,Transformer_MIX_SELECTED,7
TRD_Transformer_MIX_SELECTED_37_UK_UK_0014,UK,PRU.L,2024-08-01,2024-06-19,2024-08-02,32,atr_chandelier_stop,702.11,654.73,37,25.98,24.22,-1803.27,-0.0693,0,Transformer_MIX_SELECTED_UK_37,Transformer_MIX_SELECTED,37
TRD_Transformer_MIX_SELECTED_37_UK_UK_0013,UK,SPX.L,2024-08-08,2024-06-19,2024-08-09,37,atr_chandelier_stop,8625.66,7821.07,3,25.88,23.46,-2463.12,-0.0951,0,Transformer_MIX_SELECTED_UK_37,Transformer_MIX_SELECTED,37
TRD_Transformer_MIX_SELECTED_37_UK_UK_0012,UK,HLMA.L,2024-09-09,2024-06-12,2024-09-10,63,max_horizon,2282.56,2519.63,10,22.83,25.2,2322.77,0.1017,1,Transformer_MIX_SELECTED_UK_37,Transformer_MIX_SELECTED,37
TRD_Transformer_MIX_SELECTED_7_UK_UK_0012,UK,OCDO.L,2024-09-10,2024-07-31,2024-09-11,29,atr_chandelier_stop,414.5,339.2,72,29.84,24.42,-5475.87,-0.1833,0,Transformer_MIX_SELECTED_UK_7,Transformer_MIX_SELECTED,7
TRD_Transformer_MIX_SELECTED_37_UK_UK_0015,UK,PRU.L,2024-09-10,2024-08-02,2024-09-11,27,atr_chandelier_stop,654.73,611.4,39,25.53,23.84,-1739.32,-0.068,0,Transformer_MIX_SELECTED_UK_37,Transformer_MIX_SELECTED,37
TRD_Transformer_MIX_SELECTED_17_UK_UK_0010,UK,LSEG.L,2024-09-16,2024-06-19,2024-09-17,63,max_horizon,9454.74,10561.79,3,28.36,31.69,3261.1,0.1149,1,Transformer_MIX_SELECTED_UK_17,Transformer_MIX_SELECTED,17
TRD_Transformer_MIX_SELECTED_7_UK_UK_0010,UK,CRDA.L,2024-09-30,2024-07-03,2024-10-01,63,max_horizon,3966.45,4230.72,7,27.77,29.62,1792.5,0.0645,1,Transformer_MIX_SELECTED_UK_7,Transformer_MIX_SELECTED,7
TRD_Transformer_MIX_SELECTED_17_UK_UK_0012,UK,DGE.L,2024-09-30,2024-07-03,2024-10-01,63,max_horizon,2528.13,2615.06,11,27.81,28.77,899.62,0.0323,1,Transformer_MIX_SELECTED_UK_17,Transformer_MIX_SELECTED,17
TRD_Transformer_MIX_SELECTED_17_UK_UK_0011,UK,SGE.L,2024-09-30,2024-07-03,2024-10-01,63,max_horizon,1079.08,1027.1,26,28.06,26.7,-1406.23,-0.0501,0,Transformer_MIX_SELECTED_UK_17,Transformer_MIX_SELECTED,17
TRD_Transformer_MIX_SELECTED_7_UK_UK_0011,UK,LSEG.L,2024-10-11,2024-07-16,2024-10-14,63,max_horizon,9472.73,10116.93,3,28.42,30.35,1873.81,0.0659,1,Transformer_MIX_SELECTED_UK_7,Transformer_MIX_SELECTED,7
TRD_Transformer_MIX_SELECTED_37_UK_UK_0016,UK,CRDA.L,2024-10-15,2024-08-09,2024-10-16,47,atr_chandelier_stop,3852.55,3828.03,6,23.12,22.97,-193.21,-0.0084,0,Transformer_MIX_SELECTED_UK_37,Transformer_MIX_SELECTED,37
TRD_Transformer_MIX_SELECTED_7_UK_UK_0013,UK,OCDO.L,2024-10-21,2024-09-11,2024-10-22,29,atr_chandelier_stop,339.2,356.0,86,29.17,30.62,1385.01,0.0474,1,Transformer_MIX_SELECTED_UK_7,Transformer_MIX_SELECTED,7
TRD_Transformer_MIX_SELECTED_17_UK_UK_0013,UK,PRU.L,2024-10-25,2024-09-17,2024-10-28,29,atr_chandelier_stop,620.99,649.38,46,28.57,29.87,1247.53,0.0436,1,Transformer_MIX_SELECTED_UK_17,Transformer_MIX_SELECTED,17
TRD_Transformer_MIX_SELECTED_37_UK_UK_0018,UK,PRU.L,2024-10-25,2024-09-11,2024-10-28,33,atr_chandelier_stop,611.4,649.38,38,23.23,24.68,1395.61,0.06,1,Transformer_MIX_SELECTED_UK_37,Transformer_MIX_SELECTED,37
TRD_Transformer_MIX_SELECTED_7_UK_UK_0014,UK,DGE.L,2024-11-04,2024-10-01,2024-11-05,25,atr_chandelier_stop,2615.06,2373.19,11,28.77,26.11,-2715.41,-0.0943,0,Transformer_MIX_SELECTED_UK_7,Transformer_MIX_SELECTED,7
TRD_Transformer_MIX_SELECTED_17_UK_UK_0015,UK,AZN.L,2024-11-05,2024-10-01,2024-11-06,26,atr_chandelier_stop,11655.55,10326.06,2,23.31,20.65,-2702.95,-0.1158,0,Transformer_MIX_SELECTED_UK_17,Transformer_MIX_SELECTED,17
TRD_Transformer_MIX_SELECTED_17_UK_UK_0016,UK,OCDO.L,2024-11-18,2024-10-28,2024-11-19,16,atr_chandelier_stop,359.9,313.8,84,30.23,26.36,-3928.99,-0.1298,0,Transformer_MIX_SELECTED_UK_17,Transformer_MIX_SELECTED,17
TRD_Transformer_MIX_SELECTED_37_UK_UK_0020,UK,CRDA.L,2024-12-02,2024-10-28,2024-12-03,26,atr_chandelier_stop,3726.11,3412.35,6,22.36,20.47,-1925.37,-0.086,0,Transformer_MIX_SELECTED_UK_37,Transformer_MIX_SELECTED,37
TRD_Transformer_MIX_SELECTED_37_UK_UK_0017,UK,EXPN.L,2024-12-05,2024-09-10,2024-12-06,63,max_horizon,3682.84,3713.83,6,22.1,22.28,141.56,0.0064,1,Transformer_MIX_SELECTED_UK_37,Transformer_MIX_SELECTED,37
TRD_Transformer_MIX_SELECTED_7_UK_UK_0016,UK,SPX.L,2024-12-23,2024-10-22,2024-12-24,45,atr_chandelier_stop,6662.12,6787.07,4,26.65,27.15,445.99,0.0167,1,Transformer_MIX_SELECTED_UK_7,Transformer_MIX_SELECTED,7
TRD_Transformer_MIX_SELECTED_17_UK_UK_0014,UK,LSEG.L,2024-12-30,2024-10-01,2024-12-31,63,max_horizon,10186.91,11311.56,3,30.56,33.93,3309.48,0.1082,1,Transformer_MIX_SELECTED_UK_17,Transformer_MIX_SELECTED,17
TRD_Transformer_MIX_SELECTED_37_UK_UK_0021,UK,CRDA.L,2024-12-31,2024-12-03,2024-12-31,18,calendar_end,3412.35,3382.37,7,23.89,23.68,-257.4,-0.0108,0,Transformer_MIX_SELECTED_UK_37,Transformer_MIX_SELECTED,37
TRD_Transformer_MIX_SELECTED_7_UK_UK_0015,UK,HLMA.L,2024-12-31,2024-10-14,2024-12-31,54,calendar_end,2493.64,2688.7,12,29.92,32.26,2278.51,0.0761,1,Transformer_MIX_SELECTED_UK_7,Transformer_MIX_SELECTED,7
TRD_Transformer_MIX_SELECTED_17_UK_UK_0017,UK,PRU.L,2024-12-31,2024-11-06,2024-12-31,37,calendar_end,636.39,636.79,46,29.27,29.29,-40.17,-0.0014,0,Transformer_MIX_SELECTED_UK_17,Transformer_MIX_SELECTED,17
TRD_Transformer_MIX_SELECTED_37_UK_UK_0022,UK,PRU.L,2024-12-31,2024-12-06,2024-12-31,15,calendar_end,659.18,636.79,37,24.39,23.56,-876.47,-0.0359,0,Transformer_MIX_SELECTED_UK_37,Transformer_MIX_SELECTED,37
TRD_Transformer_MIX_SELECTED_7_UK_UK_0017,UK,RMV.L,2024-12-31,2024-11-05,2024-12-31,38,calendar_end,599.43,641.62,48,28.77,30.8,1965.45,0.0682,1,Transformer_MIX_SELECTED_UK_7,Transformer_MIX_SELECTED,7
TRD_Transformer_MIX_SELECTED_17_UK_UK_0018,UK,RTO.L,2024-12-31,2024-11-19,2024-12-31,28,calendar_end,406.51,400.61,70,28.46,28.04,-469.31,-0.0165,0,Transformer_MIX_SELECTED_UK_17,Transformer_MIX_SELECTED,17
TRD_Transformer_MIX_SELECTED_37_UK_UK_0019,UK,RTO.L,2024-12-31,2024-10-16,2024-12-31,52,calendar_end,347.04,400.61,70,24.29,28.04,3697.93,0.1521,1,Transformer_MIX_SELECTED_UK_37,Transformer_MIX_SELECTED,37
TRD_Transformer_MIX_SELECTED_7_US_US_0001,US,INTU,2024-04-03,2024-01-03,2024-04-04,63,max_horizon,584.62,620.99,54,31.57,33.53,1898.86,0.0601,1,Transformer_MIX_SELECTED_US_7,Transformer_MIX_SELECTED,7
TRD_Transformer_MIX_SELECTED_17_US_US_0002,US,ISRG,2024-04-03,2024-01-03,2024-04-04,63,max_horizon,328.1,387.76,96,31.5,37.22,5658.64,0.1795,1,Transformer_MIX_SELECTED_US_17,Transformer_MIX_SELECTED,17
TRD_Transformer_MIX_SELECTED_7_US_US_0003,US,LMT,2024-04-03,2024-01-03,2024-04-04,63,max_horizon,429.2,424.31,73,31.33,30.97,-419.22,-0.0134,0,Transformer_MIX_SELECTED_US_7,Transformer_MIX_SELECTED,7
TRD_Transformer_MIX_SELECTED_17_US_US_0001,US,LMT,2024-04-03,2024-01-03,2024-04-04,63,max_horizon,429.2,424.31,73,31.33,30.97,-419.22,-0.0134,0,Transformer_MIX_SELECTED_US_17,Transformer_MIX_SELECTED,17
TRD_Transformer_MIX_SELECTED_37_US_US_0002,US,LMT,2024-04-03,2024-01-03,2024-04-04,63,max_horizon,429.2,424.31,73,31.33,30.97,-419.22,-0.0134,0,Transformer_MIX_SELECTED_US_37,Transformer_MIX_SELECTED,37
TRD_Transformer_MIX_SELECTED_37_US_US_0003,US,META,2024-04-03,2024-01-03,2024-04-04,63,max_horizon,341.98,512.47,92,31.46,47.15,15606.53,0.4956,1,Transformer_MIX_SELECTED_US_37,Transformer_MIX_SELECTED,37
TRD_Transformer_MIX_SELECTED_7_US_US_0002,US,REGN,2024-04-03,2024-01-03,2024-04-04,63,max_horizon,898.32,953.2,35,31.44,33.36,1856.07,0.059,1,Transformer_MIX_SELECTED_US_7,Transformer_MIX_SELECTED,7
TRD_Transformer_MIX_SELECTED_17_US_US_0003,US,REGN,2024-04-03,2024-01-03,2024-04-04,63,max_horizon,898.32,953.2,35,31.44,33.36,1856.07,0.059,1,Transformer_MIX_SELECTED_US_17,Transformer_MIX_SELECTED,17
TRD_Transformer_MIX_SELECTED_37_US_US_0001,US,V,2024-04-03,2024-01-03,2024-04-04,63,max_horizon,253.26,273.17,125,31.66,34.15,2423.32,0.0765,1,Transformer_MIX_SELECTED_US_37,Transformer_MIX_SELECTED,37
TRD_Transformer_MIX_SELECTED_37_US_US_0006,US,AMD,2024-04-15,2024-04-04,2024-04-16,8,atr_chandelier_stop,182.92,162.28,201,36.77,32.62,-4218.03,-0.1146,0,Transformer_MIX_SELECTED_US_37,Transformer_MIX_SELECTED,37
TRD_Transformer_MIX_SELECTED_17_US_US_0006,US,META,2024-04-25,2024-04-04,2024-04-26,16,atr_chandelier_stop,512.47,438.08,65,33.31,28.48,-4896.9,-0.1469,0,Transformer_MIX_SELECTED_US_17,Transformer_MIX_SELECTED,17
TRD_Transformer_MIX_SELECTED_37_US_US_0005,US,META,2024-04-25,2024-04-04,2024-04-26,16,atr_chandelier_stop,512.47,438.08,71,36.39,31.1,-5348.92,-0.1469,0,Transformer_MIX_SELECTED_US_37,Transformer_MIX_SELECTED,37
TRD_Transformer_MIX_SELECTED_7_US_US_0004,US,AAPL,2024-07-03,2024-04-04,2024-07-05,63,max_horizon,168.45,219.56,192,32.34,42.15,9737.38,0.3008,1,Transformer_MIX_SELECTED_US_7,Transformer_MIX_SELECTED,7
TRD_Transformer_MIX_SELECTED_7_US_US_0005,US,AMGN,2024-07-03,2024-04-04,2024-07-05,63,max_horizon,256.29,290.82,126,32.29,36.64,4281.49,0.1325,1,Transformer_MIX_SELECTED_US_7,Transformer_MIX_SELECTED,7
TRD_Transformer_MIX_SELECTED_7_US_US_0006,US,REGN,2024-07-03,2024-04-04,2024-07-05,63,max_horizon,953.2,1017.86,33,31.46,33.59,2068.73,0.0657,1,Transformer_MIX_SELECTED_US_7,Transformer_MIX_SELECTED,7
TRD_Transformer_MIX_SELECTED_17_US_US_0004,US,REGN,2024-07-03,2024-04-04,2024-07-05,63,max_horizon,953.2,1017.86,35,33.36,35.63,2194.11,0.0657,1,Transformer_MIX_SELECTED_US_17,Transformer_MIX_SELECTED,17
TRD_Transformer_MIX_SELECTED_37_US_US_0004,US,REGN,2024-07-03,2024-04-04,2024-07-05,63,max_horizon,953.2,1017.86,38,36.22,38.68,2382.17,0.0657,1,Transformer_MIX_SELECTED_US_37,Transformer_MIX_SELECTED,37
TRD_Transformer_MIX_SELECTED_17_US_US_0005,US,V,2024-07-03,2024-04-04,2024-07-05,63,max_horizon,273.17,264.47,123,33.6,32.53,-1135.85,-0.0338,0,Transformer_MIX_SELECTED_US_17,Transformer_MIX_SELECTED,17
TRD_Transformer_MIX_SELECTED_37_US_US_0007,US,AMD,2024-07-16,2024-04-16,2024-07-17,63,max_horizon,162.28,169.8,213,34.57,36.17,1531.03,0.0442,1,Transformer_MIX_SELECTED_US_37,Transformer_MIX_SELECTED,37
TRD_Transformer_MIX_SELECTED_37_US_US_0008,US,LMT,2024-07-26,2024-04-26,2024-07-29,63,max_horizon,437.16,496.18,74,32.35,36.72,4298.16,0.1327,1,Transformer_MIX_SELECTED_US_37,Transformer_MIX_SELECTED,37
TRD_Transformer_MIX_SELECTED_17_US_US_0007,US,ORCL,2024-07-26,2024-04-26,2024-07-29,63,max_horizon,114.2,136.27,275,31.41,37.48,6001.56,0.1909,1,Transformer_MIX_SELECTED_US_17,Transformer_MIX_SELECTED,17
TRD_Transformer_MIX_SELECTED_7_US_US_0009,US,CRM,2024-10-02,2024-07-05,2024-10-03,63,max_horizon,258.59,275.46,145,37.5,39.94,2369.21,0.0631,1,Transformer_MIX_SELECTED_US_7,Transformer_MIX_SELECTED,7
TRD_Transformer_MIX_SELECTED_7_US_US_0007,US,LMT,2024-10-02,2024-07-05,2024-10-03,63,max_horizon,441.13,576.64,85,37.5,49.01,11431.43,0.3046,1,Transformer_MIX_SELECTED_US_7,Transformer_MIX_SELECTED,7
TRD_Transformer_MIX_SELECTED_7_US_US_0008,US,NOC,2024-10-02,2024-07-05,2024-10-03,63,max_horizon,422.92,524.41,89,37.64,46.67,8948.51,0.2375,1,Transformer_MIX_SELECTED_US_7,Transformer_MIX_SELECTED,7
TRD_Transformer_MIX_SELECTED_17_US_US_0008,US,NOC,2024-10-02,2024-07-05,2024-10-03,63,max_horizon,422.92,524.41,82,34.68,43.0,8244.69,0.2375,1,Transformer_MIX_SELECTED_US_17,Transformer_MIX_SELECTED,17
TRD_Transformer_MIX_SELECTED_37_US_US_0009,US,NOC,2024-10-02,2024-07-05,2024-10-03,63,max_horizon,422.92,524.41,83,35.1,43.53,8345.24,0.2375,1,Transformer_MIX_SELECTED_US_37,Transformer_MIX_SELECTED,37
TRD_Transformer_MIX_SELECTED_17_US_US_0009,US,V,2024-10-02,2024-07-05,2024-10-03,63,max_horizon,264.47,272.56,132,34.91,35.98,996.51,0.0285,1,Transformer_MIX_SELECTED_US_17,Transformer_MIX_SELECTED,17
TRD_Transformer_MIX_SELECTED_37_US_US_0010,US,ISRG,2024-10-14,2024-07-17,2024-10-15,63,max_horizon,430.01,488.0,83,35.69,40.5,4736.97,0.1326,1,Transformer_MIX_SELECTED_US_37,Transformer_MIX_SELECTED,37
TRD_Transformer_MIX_SELECTED_37_US_US_0011,US,CRM,2024-10-24,2024-07-29,2024-10-25,63,max_horizon,258.98,286.33,147,38.07,42.09,3940.53,0.1034,1,Transformer_MIX_SELECTED_US_37,Transformer_MIX_SELECTED,37
TRD_Transformer_MIX_SELECTED_17_US_US_0010,US,ORCL,2024-10-24,2024-07-29,2024-10-25,63,max_horizon,136.27,171.41,258,35.16,44.22,8984.36,0.2553,1,Transformer_MIX_SELECTED_US_17,Transformer_MIX_SELECTED,17
TRD_Transformer_MIX_SELECTED_37_US_US_0013,US,REGN,2024-10-31,2024-10-15,2024-11-01,13,atr_chandelier_stop,1007.32,836.71,43,43.31,35.98,-7415.53,-0.171,0,Transformer_MIX_SELECTED_US_37,Transformer_MIX_SELECTED,37
TRD_Transformer_MIX_SELECTED_37_US_US_0015,US,REGN,2024-11-15,2024-11-01,2024-11-18,11,atr_chandelier_stop,836.71,744.94,48,40.16,35.76,-4481.07,-0.1115,0,Transformer_MIX_SELECTED_US_37,Transformer_MIX_SELECTED,37
TRD_Transformer_MIX_SELECTED_7_US_US_0011,US,INTU,2024-11-25,2024-10-03,2024-11-26,38,atr_chandelier_stop,590.82,623.0,76,44.9,47.35,2353.37,0.0524,1,Transformer_MIX_SELECTED_US_7,Transformer_MIX_SELECTED,7
TRD_Transformer_MIX_SELECTED_17_US_US_0012,US,INTU,2024-11-25,2024-10-03,2024-11-26,38,atr_chandelier_stop,590.82,623.0,67,39.58,41.74,2074.69,0.0524,1,Transformer_MIX_SELECTED_US_17,Transformer_MIX_SELECTED,17
TRD_Transformer_MIX_SELECTED_17_US_US_0011,US,NOC,2024-11-25,2024-10-03,2024-11-26,38,atr_chandelier_stop,524.41,472.64,75,39.33,35.45,-3957.21,-0.1005,0,Transformer_MIX_SELECTED_US_17,Transformer_MIX_SELECTED,17
TRD_Transformer_MIX_SELECTED_7_US_US_0010,US,ADBE,2024-12-12,2024-10-03,2024-12-13,50,atr_chandelier_stop,501.02,473.98,89,44.59,42.18,-2493.33,-0.0559,0,Transformer_MIX_SELECTED_US_7,Transformer_MIX_SELECTED,7
TRD_Transformer_MIX_SELECTED_17_US_US_0013,US,ADBE,2024-12-12,2024-10-25,2024-12-13,34,atr_chandelier_stop,483.42,473.98,82,39.64,38.87,-852.59,-0.0215,0,Transformer_MIX_SELECTED_US_17,Transformer_MIX_SELECTED,17
TRD_Transformer_MIX_SELECTED_37_US_US_0014,US,ADBE,2024-12-12,2024-10-25,2024-12-13,34,atr_chandelier_stop,483.42,473.98,88,42.54,41.71,-914.97,-0.0215,0,Transformer_MIX_SELECTED_US_37,Transformer_MIX_SELECTED,37
TRD_Transformer_MIX_SELECTED_37_US_US_0012,US,NVDA,2024-12-16,2024-10-03,2024-12-17,52,atr_chandelier_stop,120.73,128.9,345,41.65,44.47,2731.19,0.0655,1,Transformer_MIX_SELECTED_US_37,Transformer_MIX_SELECTED,37
TRD_Transformer_MIX_SELECTED_17_US_US_0015,US,NVDA,2024-12-17,2024-11-26,2024-12-18,15,atr_chandelier_stop,137.49,133.66,296,40.7,39.56,-1212.41,-0.0298,0,Transformer_MIX_SELECTED_US_17,Transformer_MIX_SELECTED,17
TRD_Transformer_MIX_SELECTED_17_US_US_0017,US,AAPL,2024-12-31,2024-12-18,2024-12-31,8,calendar_end,250.34,248.62,153,38.3,38.04,-340.64,-0.0089,0,Transformer_MIX_SELECTED_US_17,Transformer_MIX_SELECTED,17
TRD_Transformer_MIX_SELECTED_37_US_US_0018,US,AMGN,2024-12-31,2024-12-17,2024-12-31,9,calendar_end,251.94,247.36,156,39.3,38.59,-791.49,-0.0201,0,Transformer_MIX_SELECTED_US_37,Transformer_MIX_SELECTED,37
TRD_Transformer_MIX_SELECTED_7_US_US_0013,US,LMT,2024-12-31,2024-11-26,2024-12-31,23,calendar_end,495.5,466.5,97,48.06,45.25,-2906.67,-0.0604,0,Transformer_MIX_SELECTED_US_7,Transformer_MIX_SELECTED,7
TRD_Transformer_MIX_SELECTED_17_US_US_0016,US,LMT,2024-12-31,2024-12-13,2024-12-31,11,calendar_end,475.74,466.5,82,39.01,38.25,-835.33,-0.0214,0,Transformer_MIX_SELECTED_US_17,Transformer_MIX_SELECTED,17
TRD_Transformer_MIX_SELECTED_17_US_US_0014,US,NOC,2024-12-31,2024-11-26,2024-12-31,23,calendar_end,472.64,457.79,86,40.65,39.37,-1357.12,-0.0334,0,Transformer_MIX_SELECTED_US_17,Transformer_MIX_SELECTED,17
TRD_Transformer_MIX_SELECTED_37_US_US_0017,US,NOC,2024-12-31,2024-12-17,2024-12-31,9,calendar_end,469.17,457.79,83,38.94,38.0,-1021.01,-0.0262,0,Transformer_MIX_SELECTED_US_37,Transformer_MIX_SELECTED,37
TRD_Transformer_MIX_SELECTED_7_US_US_0014,US,REGN,2024-12-31,2024-12-13,2024-12-31,11,calendar_end,731.55,705.67,63,46.09,44.46,-1720.73,-0.0373,0,Transformer_MIX_SELECTED_US_7,Transformer_MIX_SELECTED,7
TRD_Transformer_MIX_SELECTED_7_US_US_0012,US,V,2024-12-31,2024-10-03,2024-12-31,61,calendar_end,272.56,311.94,165,44.97,51.47,6400.8,0.1422,1,Transformer_MIX_SELECTED_US_7,Transformer_MIX_SELECTED,7
TRD_Transformer_MIX_SELECTED_37_US_US_0016,US,V,2024-12-31,2024-12-13,2024-12-31,11,calendar_end,311.73,311.94,128,39.9,39.93,-53.29,-0.0013,0,Transformer_MIX_SELECTED_US_37,Transformer_MIX_SELECTED,37
